CustomerID,Mean Days btw Purchases,Min Days btw Purchases,Max Days btw Purchases
12347,167.83333,64,265
12349,697.0,697,697
12350,697.0,697,697
12352,85.5,5,201
12353,697.0,697,697
12354,697.0,697,697
12355,697.0,697,697
12356,198.0,198,198
12357,697.0,697,697
12358,697.0,697,697
12359,163.66667,118,221
12360,74.0,60,88
12361,697.0,697,697
12362,69.666664,2,200
12363,74.0,74,74
12364,166.0,72,260
12365,697.0,697,697
12367,697.0,697,697
12370,103.0,3,290
12371,697.0,697,697
12372,149.5,37,262
12373,697.0,697,697
12374,697.0,697,697
12375,293.0,293,293
12377,39.0,39,39
12378,697.0,697,697
12379,89.0,89,89
12380,45.0,22,78
12381,105.0,30,180
12383,187.75,32,344
12384,34.0,34,34
12386,697.0,697,697
12388,82.6,51,166
12390,697.0,697,697
12391,697.0,697,697
12393,182.66667,55,291
12394,697.0,697,697
12395,164.4,43,320
12397,107.0,107,107
12398,697.0,697,697
12399,106.0,29,196
12401,697.0,697,697
12402,697.0,697,697
12405,697.0,697,697
12406,72.0,72,72
12407,71.666664,29,136
12408,121.666664,85,152
12409,697.0,697,697
12410,697.0,697,697
12412,47.5,32,63
12413,26.0,7,45
12414,123.0,123,123
12415,82.5,34,120
12417,64.375,8,141
12418,697.0,697,697
12420,697.0,697,697
12421,101.333336,59,146
12422,101.0,46,156
12423,89.0,12,237
12424,697.0,697,697
12425,697.0,697,697
12426,697.0,697,697
12427,308.0,39,577
12428,135.4,6,229
12429,148.0,55,226
12430,697.0,697,697
12431,126.36364,5,339
12432,130.0,130,130
12433,153.2,34,393
12434,176.0,176,176
12436,697.0,697,697
12437,86.38461,7,252
12438,126.0,126,126
12441,697.0,697,697
12442,697.0,697,697
12444,60.0,22,109
12445,697.0,697,697
12446,697.0,697,697
12447,697.0,697,697
12448,697.0,697,697
12449,123.0,69,213
12450,697.0,697,697
12451,78.5,5,192
12452,697.0,697,697
12453,697.0,697,697
12455,85.75,18,172
12456,105.0,87,123
12457,153.0,153,153
12458,213.0,213,213
12461,697.0,697,697
12462,80.0,80,80
12463,118.0,31,201
12464,45.666668,2,84
12465,152.0,152,152
12468,99.0,99,99
12471,53.166668,2,251
12472,104.166664,41,259
12473,142.0,61,223
12474,68.71429,3,274
12475,697.0,697,697
12476,42.42857,10,93
12477,104.6,34,202
12478,697.0,697,697
12479,697.0,697,697
12480,115.0,106,124
12481,114.833336,25,292
12483,130.6,23,263
12484,75.666664,15,139
12488,33.0,30,36
12489,697.0,697,697
12490,121.333336,8,276
12491,697.0,697,697
12492,47.0,47,47
12493,32.0,32,32
12494,119.666664,25,296
12498,36.0,36,36
12500,68.5,14,133
12501,697.0,697,697
12502,46.0,14,81
12507,697.0,697,697
12508,33.0,33,33
12509,697.0,697,697
12510,697.0,697,697
12512,697.0,697,697
12513,697.0,697,697
12514,697.0,697,697
12515,697.0,697,697
12516,697.0,697,697
12517,92.666664,45,142
12518,50.0,29,78
12519,697.0,697,697
12520,100.75,55,223
12521,697.0,697,697
12522,12.0,12,12
12523,90.3,3,283
12524,88.28571,10,222
12526,82.5,35,130
12527,122.0,31,213
12528,84.2,21,184
12530,92.0,72,110
12531,697.0,697,697
12532,697.0,697,697
12534,697.0,697,697
12535,95.0,95,95
12536,697.0,697,697
12538,697.0,697,697
12539,180.33333,54,247
12540,79.0,4,323
12541,95.5,77,114
12544,697.0,697,697
12545,184.0,184,184
12546,31.0,31,31
12547,697.0,697,697
12548,697.0,697,697
12550,697.0,697,697
12551,697.0,697,697
12552,697.0,697,697
12553,85.0,9,306
12556,18.0,18,18
12558,697.0,697,697
12559,697.0,697,697
12560,98.0,98,98
12561,697.0,697,697
12562,93.833336,22,309
12564,697.0,697,697
12565,697.0,697,697
12566,697.0,697,697
12567,116.75,50,264
12569,96.052635,1,315
12571,23.0,23,23
12572,280.0,280,280
12573,697.0,697,697
12574,697.0,697,697
12576,62.75,28,89
12577,117.0,117,117
12578,309.0,309,309
12579,697.0,697,697
12580,697.0,697,697
12581,697.0,697,697
12582,50.0,50,50
12583,122.57143,9,535
12584,66.0,17,163
12585,117.0,117,117
12586,697.0,697,697
12587,697.0,697,697
12588,697.0,697,697
12589,116.0,116,116
12591,697.0,697,697
12592,57.0,57,57
12593,141.0,86,196
12594,46.0,16,130
12596,16.0,16,16
12597,83.0,21,174
12598,64.833336,5,265
12599,124.666664,44,183
12600,41.125,18,75
12601,84.5,30,185
12602,697.0,697,697
12604,182.0,182,182
12607,697.0,697,697
12609,120.0,108,132
12610,64.333336,23,109
12611,697.0,697,697
12612,697.0,697,697
12613,102.5,65,140
12614,697.0,697,697
12615,140.66667,97,202
12616,83.0,83,83
12617,697.0,697,697
12618,697.0,697,697
12619,71.0,10,165
12620,95.0,66,124
12621,61.2,7,196
12622,697.0,697,697
12623,697.0,697,697
12624,71.0,71,71
12625,315.0,315,315
12626,81.375,10,154
12627,145.6,62,195
12628,15.5,1,30
12630,34.0,34,34
12631,697.0,697,697
12633,168.0,91,305
12635,94.0,94,94
12637,69.166664,23,183
12638,697.0,697,697
12639,697.0,697,697
12640,57.0,57,57
12641,697.0,697,697
12642,41.0,25,57
12643,697.0,697,697
12644,697.0,697,697
12645,93.0,68,139
12646,162.0,162,162
12647,101.25,44,185
12648,697.0,697,697
12649,73.0,73,73
12650,697.0,697,697
12651,697.0,697,697
12652,697.0,697,697
12653,148.0,148,148
12654,164.33333,98,291
12656,72.0,44,117
12657,67.0,67,67
12658,697.0,697,697
12659,697.0,697,697
12660,697.0,697,697
12662,106.666664,22,414
12664,117.5,56,179
12665,697.0,697,697
12667,697.0,697,697
12668,114.666664,43,248
12669,254.0,254,254
12670,107.5,33,244
12672,697.0,697,697
12673,85.0,85,85
12674,119.0,37,241
12676,81.8,46,183
12678,77.75,31,175
12679,697.0,697,697
12680,47.0,15,83
12681,64.789474,2,255
12682,88.44,3,273
12683,90.4,14,275
12684,116.2,18,276
12685,25.0,6,47
12686,697.0,697,697
12688,697.0,697,697
12689,220.0,220,220
12690,697.0,697,697
12691,119.333336,38,174
12693,157.5,55,260
12694,24.0,24,24
12695,119.5,103,136
12697,70.5,38,103
12700,58.0,28,87
12701,44.0,44,44
12702,697.0,697,697
12703,697.0,697,697
12704,150.83333,27,278
12705,82.85714,2,230
12707,697.0,697,697
12708,87.77778,21,216
12709,101.3,13,173
12710,113.5,92,135
12712,150.81818,1,445
12713,697.0,697,697
12714,71.25,27,97
12715,697.0,697,697
12716,47.0,47,47
12717,95.0,95,95
12718,697.0,697,697
12719,28.0,28,28
12720,122.210526,8,274
12721,87.2,15,256
12722,112.0,112,112
12723,197.0,197,197
12724,129.0,92,160
12725,697.0,697,697
12726,64.833336,30,169
12727,77.5,15,207
12728,153.0,27,246
12729,697.0,697,697
12731,85.25,19,219
12732,697.0,697,697
12733,697.0,697,697
12735,124.0,124,124
12738,697.0,697,697
12739,697.0,697,697
12740,697.0,697,697
12743,697.0,697,697
12744,87.333336,75,99
12747,98.4,17,221
12748,50.238094,1,321
12749,247.0,158,313
12750,697.0,697,697
12752,697.0,697,697
12753,87.0,84,90
12757,74.6,13,154
12758,12.0,12,12
12759,96.5,74,119
12762,275.0,275,275
12763,697.0,697,697
12764,697.0,697,697
12766,155.66667,51,385
12769,697.0,697,697
12772,697.0,697,697
12775,118.5,59,261
12778,81.8,11,165
12779,96.333336,18,311
12781,132.0,132,132
12782,67.5,40,104
12783,38.333332,1,95
12784,697.0,697,697
12785,697.0,697,697
12787,183.0,183,183
12790,697.0,697,697
12792,697.0,697,697
12793,538.0,538,538
12794,250.0,250,250
12795,697.0,697,697
12797,697.0,697,697
12802,697.0,697,697
12808,284.0,148,420
12809,697.0,697,697
12811,23.0,23,23
12812,697.0,697,697
12815,51.0,51,51
12816,38.0,38,38
12818,697.0,697,697
12820,139.33333,30,252
12821,697.0,697,697
12822,17.0,17,17
12824,697.0,697,697
12826,80.833336,8,138
12827,98.5,90,107
12828,140.25,87,223
12829,697.0,697,697
12831,697.0,697,697
12832,152.0,152,152
12833,697.0,697,697
12834,697.0,697,697
12836,104.0,93,111
12837,697.0,697,697
12838,515.0,515,515
12839,69.61539,9,158
12840,80.333336,31,131
12841,135.30435,8,385
12842,181.0,181,181
12843,111.0,9,214
12844,276.0,276,276
12847,697.0,697,697
12849,148.0,148,148
12851,697.0,697,697
12852,697.0,697,697
12853,90.5,76,105
12854,193.0,73,313
12855,697.0,697,697
12856,83.2,10,282
12857,142.0,142,142
12863,697.0,697,697
12864,697.0,697,697
12865,97.0,97,97
12866,697.0,697,697
12867,105.333336,35,218
12868,231.2,48,688
12871,123.0,123,123
12872,127.0,127,127
12876,139.0,139,139
12877,65.4,18,156
12878,30.0,30,30
12879,697.0,697,697
12881,697.0,697,697
12883,6.0,6,6
12884,697.0,697,697
12885,29.0,29,29
12886,26.0,26,26
12888,697.0,697,697
12890,697.0,697,697
12893,697.0,697,697
12895,44.0,44,44
12901,82.5,6,193
12902,697.0,697,697
12904,154.0,154,154
12906,697.0,697,697
12909,71.333336,48,114
12910,112.0,56,159
12912,697.0,697,697
12913,358.0,272,508
12915,517.0,517,517
12916,60.666668,56,63
12919,176.0,104,315
12920,697.0,697,697
12921,95.5,1,262
12922,697.0,697,697
12923,697.0,697,697
12924,149.5,101,198
12925,137.0,137,137
12928,198.75,102,354
12929,697.0,697,697
12930,93.0,93,93
12931,697.0,697,697
12933,158.0,147,169
12935,83.4,40,124
12936,61.0,61,61
12937,84.0,56,126
12938,697.0,697,697
12940,33.0,33,33
12942,161.0,66,256
12944,112.0,112,112
12945,697.0,697,697
12947,199.25,49,535
12948,49.666668,4,165
12949,127.0,25,221
12951,63.0,11,158
12952,116.5,35,198
12953,697.0,697,697
12955,106.5,19,285
12956,697.0,697,697
12957,41.833332,4,115
12962,187.0,187,187
12963,127.333336,6,369
12965,697.0,697,697
12966,697.0,697,697
12967,697.0,697,697
12968,697.0,697,697
12970,697.0,697,697
12971,89.04256,1,314
12974,697.0,697,697
12976,697.0,697,697
12981,74.0,74,74
12982,697.0,697,697
12984,697.0,697,697
12985,60.0,60,60
12987,124.0,124,124
12988,697.0,697,697
12989,57.25,16,98
12990,190.0,190,190
12991,89.0,89,89
12993,91.666664,8,176
12994,208.5,180,237
12997,113.0,22,236
12999,78.0,78,78
13000,164.0,164,164
13001,85.90909,9,224
13002,697.0,697,697
13003,697.0,697,697
13004,87.86667,1,288
13005,15.0,15,15
13008,697.0,697,697
13011,697.0,697,697
13012,47.5,2,100
13013,107.63636,10,418
13014,87.875,12,251
13015,112.0,70,144
13016,50.0,50,50
13018,31.947369,3,110
13021,160.42857,40,307
13023,122.0,122,122
13026,13.5,2,25
13028,23.0,23,23
13029,49.0,49,49
13030,534.0,534,534
13032,35.0,35,35
13033,697.0,697,697
13034,522.0,522,522
13035,187.0,187,187
13037,59.0,8,110
13038,105.0,14,196
13040,150.0,150,150
13043,697.0,697,697
13044,697.0,697,697
13045,697.0,697,697
13046,177.0,177,177
13047,130.66667,6,414
13048,104.333336,89,125
13049,697.0,697,697
13050,51.5,2,133
13052,697.0,697,697
13055,13.0,13,13
13059,697.0,697,697
13060,697.0,697,697
13061,697.0,697,697
13062,697.0,697,697
13064,113.0,12,264
13065,697.0,697,697
13066,127.0,127,127
13067,697.0,697,697
13069,142.94737,1,333
13070,697.0,697,697
13072,697.0,697,697
13075,697.0,697,697
13077,182.5,171,194
13078,105.666664,4,321
13079,54.0,54,54
13080,697.0,697,697
13081,145.42857,25,446
13082,30.166666,1,59
13083,697.0,697,697
13085,79.0,79,79
13089,75.245285,1,320
13090,118.4,23,376
13091,697.0,697,697
13092,163.66667,68,223
13093,137.4,20,338
13095,697.0,697,697
13097,69.875,15,169
13098,87.91304,7,281
13101,697.0,697,697
13102,114.31579,9,308
13103,697.0,697,697
13104,118.333336,39,182
13107,98.0,90,106
13108,697.0,697,697
13109,187.0,187,187
13110,71.0,1,120
13113,100.36364,9,476
13115,76.0,45,126
13116,697.0,697,697
13117,114.57143,41,212
13118,89.666664,35,189
13120,697.0,697,697
13121,697.0,697,697
13122,697.0,697,697
13124,164.5,20,309
13126,163.16667,28,262
13127,697.0,697,697
13130,697.0,697,697
13131,97.0,48,146
13132,697.0,697,697
13133,697.0,697,697
13134,77.5,9,146
13136,64.666664,31,108
13137,65.0,12,201
13138,128.6,24,425
13139,67.0,17,135
13140,188.0,7,369
13141,77.0,11,139
13142,697.0,697,697
13144,697.0,697,697
13145,697.0,697,697
13146,697.0,697,697
13148,75.666664,29,144
13149,91.666664,43,140
13151,697.0,697,697
13153,697.0,697,697
13155,189.33333,102,247
13157,173.66667,92,293
13158,166.33333,154,182
13159,115.333336,9,281
13160,697.0,697,697
13161,697.0,697,697
13162,137.5,134,141
13165,305.0,305,305
13166,697.0,697,697
13167,169.66667,61,256
13168,64.333336,26,93
13169,697.0,697,697
13170,697.0,697,697
13171,139.0,28,250
13173,304.0,304,304
13174,280.0,260,300
13176,697.0,697,697
13177,697.0,697,697
13178,88.8,15,216
13182,697.0,697,697
13183,89.333336,8,200
13184,140.0,7,321
13186,118.5,114,123
13187,697.0,697,697
13189,697.0,697,697
13192,9.0,9,9
13193,697.0,697,697
13194,697.0,697,697
13196,125.5,73,178
13198,70.2,21,154
13199,50.5,21,140
13200,97.0,53,141
13203,14.0,4,30
13207,697.0,697,697
13208,63.25,34,126
13209,107.6,35,187
13210,697.0,697,697
13211,147.0,147,147
13212,71.0,71,71
13213,169.0,105,220
13216,697.0,697,697
13218,697.0,697,697
13220,170.0,170,170
13221,119.0,119,119
13223,697.0,697,697
13224,28.0,28,28
13226,697.0,697,697
13227,697.0,697,697
13229,697.0,697,697
13230,76.0,12,152
13232,156.33333,12,300
13233,87.0,87,87
13235,697.0,697,697
13236,82.0,82,82
13238,168.5,140,197
13239,697.0,697,697
13240,117.0,71,196
13242,47.0,47,47
13243,697.0,697,697
13244,697.0,697,697
13245,697.0,697,697
13246,78.0,30,158
13247,30.0,29,31
13248,124.0,124,124
13249,697.0,697,697
13253,67.0,67,67
13255,687.0,687,687
13258,97.0,12,182
13259,697.0,697,697
13260,697.0,697,697
13262,697.0,697,697
13263,82.90323,2,320
13265,67.75,33,94
13266,49.909092,15,134
13267,117.38461,12,352
13268,154.0,13,315
13269,114.416664,10,243
13271,697.0,697,697
13272,90.0,90,90
13273,697.0,697,697
13276,182.0,182,182
13278,697.0,697,697
13279,697.0,697,697
13280,174.5,125,224
13282,130.5,117,144
13283,127.0,127,127
13284,697.0,697,697
13285,162.33333,64,313
13291,697.0,697,697
13292,48.0,48,48
13294,29.0,29,29
13295,697.0,697,697
13296,697.0,697,697
13297,264.0,251,277
13299,697.0,697,697
13300,697.0,697,697
13301,93.666664,46,143
13304,697.0,697,697
13305,163.5,18,370
13307,697.0,697,697
13308,90.5,30,151
13309,137.75,45,255
13310,148.0,118,178
13311,209.0,209,209
13313,115.5,15,220
13314,46.0,46,46
13316,137.0,52,222
13317,68.333336,41,119
13318,182.0,182,182
13319,81.75,14,224
13320,34.5,28,41
13321,697.0,697,697
13322,697.0,697,697
13324,238.0,238,238
13325,697.0,697,697
13327,112.2,12,220
13328,697.0,697,697
13329,697.0,697,697
13330,96.5,34,159
13332,697.0,697,697
13334,185.0,146,224
13336,697.0,697,697
13338,697.0,697,697
13339,697.0,697,697
13340,58.5,17,100
13341,697.0,697,697
13343,697.0,697,697
13344,115.0,115,115
13345,697.0,697,697
13348,697.0,697,697
13349,697.0,697,697
13350,63.0,63,63
13351,697.0,697,697
13352,697.0,697,697
13354,697.0,697,697
13355,697.0,697,697
13356,697.0,697,697
13357,697.0,697,697
13358,697.0,697,697
13359,697.0,697,697
13362,92.666664,43,160
13363,26.0,26,26
13364,697.0,697,697
13365,6.0,6,6
13368,65.0,65,65
13369,697.0,697,697
13370,697.0,697,697
13372,697.0,697,697
13373,152.0,118,186
13375,697.0,697,697
13376,81.0,31,131
13379,221.0,166,276
13381,71.6,34,91
13382,697.0,697,697
13384,74.6,14,189
13385,697.0,697,697
13388,697.0,697,697
13389,110.5,63,158
13390,697.0,697,697
13394,65.85714,15,172
13395,697.0,697,697
13396,260.0,260,260
13397,88.0,22,200
13398,697.0,697,697
13402,420.0,420,420
13403,697.0,697,697
13404,85.0,85,85
13405,113.0,113,113
13408,108.41936,3,338
13410,108.5,28,189
13411,697.0,697,697
13414,697.0,697,697
13417,697.0,697,697
13418,111.166664,20,305
13419,697.0,697,697
13420,21.0,21,21
13421,250.0,250,250
13422,697.0,697,697
13425,93.0,60,126
13426,114.625,16,208
13427,53.5,12,95
13428,697.0,697,697
13429,21.666666,11,39
13430,68.0,68,68
13431,274.0,274,274
13434,170.0,170,170
13435,94.2,20,217
13436,697.0,697,697
13437,103.666664,10,214
13439,697.0,697,697
13441,697.0,697,697
13447,109.5,61,158
13448,170.0,64,273
13449,697.0,697,697
13450,91.2,4,182
13451,208.75,170,265
13453,124.0,124,124
13455,460.0,460,460
13456,62.0,23,131
13458,139.3077,20,282
13460,10.0,10,10
13461,194.0,194,194
13462,697.0,697,697
13464,697.0,697,697
13466,697.0,697,697
13467,263.0,263,263
13468,117.78788,3,333
13470,219.0,219,219
13471,122.666664,26,220
13473,22.0,22,22
13474,697.0,697,697
13475,87.0,37,150
13476,103.0,103,103
13477,162.0,32,287
13479,34.0,34,34
13481,70.333336,63,84
13482,697.0,697,697
13483,697.0,697,697
13485,697.0,697,697
13486,159.5,121,198
13487,148.0,8,288
13488,101.27273,9,507
13489,78.0,78,78
13491,149.75,7,321
13492,220.5,200,241
13494,697.0,697,697
13495,95.25,10,186
13496,349.0,349,349
13497,236.0,236,236
13499,98.0,44,152
13500,215.5,181,250
13501,697.0,697,697
13502,153.5,51,256
13503,697.0,697,697
13504,697.0,697,697
13505,53.333332,26,94
13506,260.0,260,260
13507,119.0,38,196
13508,697.0,697,697
13509,37.666668,3,80
13510,121.0,74,169
13512,697.0,697,697
13513,697.0,697,697
13514,697.0,697,697
13515,38.666668,31,45
13516,166.0,166,166
13517,75.0,73,77
13518,697.0,697,697
13519,697.0,697,697
13520,116.333336,12,199
13521,176.5,122,231
13522,697.0,697,697
13523,191.0,135,285
13524,52.0,20,75
13525,697.0,697,697
13527,89.4,12,151
13529,126.0,126,126
13531,279.0,279,279
13532,697.0,697,697
13533,203.0,203,203
13534,80.0,1,202
13536,70.0,7,232
13539,98.5,42,155
13544,201.0,201,201
13546,94.0,41,147
13548,178.0,178,178
13549,117.0,9,190
13552,76.333336,26,157
13555,128.0,128,128
13557,222.0,222,222
13558,165.66667,67,218
13560,697.0,697,697
13562,37.0,14,60
13563,56.0,56,56
13564,191.0,191,191
13565,80.0,80,80
13566,42.0,42,42
13568,697.0,697,697
13569,498.0,498,498
13570,697.0,697,697
13571,128.81818,14,306
13572,697.0,697,697
13573,203.0,203,203
13575,50.25,24,71
13576,99.55556,6,505
13577,88.666664,26,143
13579,562.0,562,562
13581,697.0,697,697
13583,697.0,697,697
13584,697.0,697,697
13587,697.0,697,697
13588,132.28572,37,303
13589,165.0,165,165
13590,93.4,40,197
13591,42.0,22,62
13592,188.0,177,199
13593,86.333336,54,103
13594,697.0,697,697
13596,229.0,229,229
13598,697.0,697,697
13599,159.15384,6,335
13600,697.0,697,697
13601,41.0,41,41
13602,697.0,697,697
13603,697.0,697,697
13606,7.0,7,7
13607,697.0,697,697
13610,95.833336,35,219
13611,164.5,140,189
13614,70.0,6,134
13615,697.0,697,697
13617,91.5,73,110
13618,697.0,697,697
13621,697.0,697,697
13623,69.333336,30,121
13626,697.0,697,697
13627,82.0,28,153
13629,697.0,697,697
13630,75.5,2,158
13632,94.0,18,167
13634,119.5,20,292
13635,697.0,697,697
13636,133.0,25,247
13637,87.0,9,165
13638,697.0,697,697
13639,697.0,697,697
13642,697.0,697,697
13643,165.0,147,183
13644,29.666666,28,32
13645,697.0,697,697
13647,75.0,59,104
13649,228.0,228,228
13650,184.25,60,243
13651,697.0,697,697
13652,250.0,211,289
13654,81.25,1,166
13655,109.0,109,109
13656,27.0,27,27
13657,191.0,191,191
13658,97.5,76,119
13659,115.0,115,115
13662,138.0,51,225
13663,697.0,697,697
13666,697.0,697,697
13667,697.0,697,697
13668,76.5,5,263
13669,697.0,697,697
13670,697.0,697,697
13672,697.0,697,697
13673,133.0,133,133
13675,252.0,252,252
13680,97.666664,61,152
13681,144.0,9,276
13684,697.0,697,697
13686,697.0,697,697
13689,697.0,697,697
13690,697.0,697,697
13692,212.0,212,212
13694,111.6,60,172
13695,140.08333,23,302
13697,697.0,697,697
13699,697.0,697,697
13700,110.14286,26,266
13704,54.0,2,219
13705,354.0,156,552
13706,697.0,697,697
13707,48.0,48,48
13708,697.0,697,697
13709,137.28572,77,224
13710,697.0,697,697
13711,697.0,697,697
13712,697.0,697,697
13715,167.33333,59,303
13716,697.0,697,697
13717,109.0,58,220
13718,137.0,137,137
13719,116.75,29,166
13720,69.0,16,122
13721,697.0,697,697
13722,178.0,178,178
13725,76.333336,24,128
13726,232.0,232,232
13727,153.0,153,153
13728,92.25,27,166
13730,201.0,201,201
13731,90.0,90,90
13732,697.0,697,697
13735,70.0,19,132
13736,19.0,19,19
13737,697.0,697,697
13740,697.0,697,697
13741,58.0,23,93
13742,58.857143,12,149
13743,39.0,8,72
13744,78.0,78,78
13745,697.0,697,697
13748,46.0,18,74
13750,125.0,125,125
13751,697.0,697,697
13752,72.0,29,113
13753,697.0,697,697
13754,285.0,285,285
13755,52.333332,1,171
13756,125.0,2,220
13758,237.83333,131,385
13759,697.0,697,697
13760,202.0,202,202
13761,129.0,129,129
13762,697.0,697,697
13764,60.5,47,74
13767,77.93104,1,226
13769,97.875,20,189
13771,14.0,11,17
13772,34.0,5,63
13774,697.0,697,697
13777,135.875,1,401
13778,697.0,697,697
13780,130.0,130,130
13781,697.0,697,697
13782,122.2,35,255
13784,63.0,63,63
13786,697.0,697,697
13787,348.0,348,348
13790,697.0,697,697
13792,44.0,44,44
13798,203.0,9,397
13799,178.0,178,178
13800,697.0,697,697
13801,697.0,697,697
13802,87.0,87,87
13803,697.0,697,697
13804,85.6,11,166
13806,697.0,697,697
13807,697.0,697,697
13808,128.25,60,195
13809,697.0,697,697
13810,28.0,28,28
13812,108.5,77,140
13813,58.333332,31,104
13814,15.0,15,15
13815,147.5,146,149
13816,159.0,159,159
13817,292.0,292,292
13819,245.0,245,245
13821,117.0,117,117
13822,201.0,201,201
13823,73.0,73,73
13824,150.33333,16,305
13826,697.0,697,697
13827,43.0,10,76
13828,697.0,697,697
13831,92.0,62,122
13832,697.0,697,697
13833,697.0,697,697
13835,53.0,27,103
13837,313.0,313,313
13838,291.5,124,459
13842,138.625,28,323
13844,697.0,697,697
13845,697.0,697,697
13846,168.0,11,325
13849,119.0,119,119
13850,697.0,697,697
13851,37.0,12,62
13853,697.0,697,697
13854,73.0,6,251
13856,91.5,74,109
13858,697.0,697,697
13859,697.0,697,697
13860,59.0,34,105
13862,74.85714,15,252
13863,697.0,697,697
13865,96.666664,50,137
13866,697.0,697,697
13867,95.0,46,144
13868,697.0,697,697
13869,78.0,44,139
13870,71.4,33,119
13871,57.727272,8,193
13873,140.5,64,217
13874,697.0,697,697
13875,110.0,8,220
13876,697.0,697,697
13877,697.0,697,697
13878,697.0,697,697
13880,64.666664,1,219
13881,77.333336,28,134
13882,103.333336,32,139
13883,121.5,35,208
13884,193.33333,129,270
13885,78.0,78,78
13886,697.0,697,697
13887,697.0,697,697
13888,217.0,217,217
13889,697.0,697,697
13890,169.875,1,309
13892,697.0,697,697
13893,697.0,697,697
13894,287.0,287,287
13895,112.0,21,215
13897,697.0,697,697
13898,697.0,697,697
13899,51.0,51,51
13900,70.0,70,70
13901,61.5,10,139
13904,7.0,7,7
13908,96.333336,33,136
13911,49.0,1,137
13914,262.0,262,262
13917,288.0,288,288
13918,204.0,204,204
13919,33.0,33,33
13922,697.0,697,697
13923,697.0,697,697
13924,61.8,6,102
13925,66.0,60,72
13926,697.0,697,697
13927,697.0,697,697
13928,20.5,14,27
13929,697.0,697,697
13930,79.0,79,79
13931,36.0,36,36
13932,697.0,697,697
13933,39.0,39,39
13934,697.0,697,697
13936,697.0,697,697
13937,697.0,697,697
13938,697.0,697,697
13939,159.0,85,233
13940,86.333336,28,165
13941,161.0,9,368
13946,697.0,697,697
13947,697.0,697,697
13948,697.0,697,697
13949,111.4,16,173
13950,49.0,13,85
13951,59.0,58,60
13952,51.0,51,51
13953,185.0,185,185
13954,49.0,49,49
13955,36.0,36,36
13956,137.0,72,205
13959,141.5,81,202
13960,50.0,50,50
13962,106.0,106,106
13963,132.0,1,263
13969,114.4,6,315
13971,61.857143,3,174
13972,697.0,697,697
13973,697.0,697,697
13974,697.0,697,697
13975,77.0,2,156
13976,697.0,697,697
13978,697.0,697,697
13979,697.0,697,697
13980,697.0,697,697
13982,138.0,124,163
13983,105.0,1,232
13984,152.66667,110,189
13985,85.92857,3,214
13986,697.0,697,697
13988,47.0,24,90
13989,26.0,26,26
13990,697.0,697,697
13991,32.75,4,68
13992,697.0,697,697
13993,75.333336,33,152
13994,161.0,71,235
13995,35.0,14,59
13999,66.27273,6,159
14000,697.0,697,697
14001,325.5,187,464
14002,51.0,51,51
14004,129.83333,35,225
14005,43.666668,7,66
14006,208.5,110,307
14009,7.0,7,7
14012,697.0,697,697
14013,41.5,35,48
14014,697.0,697,697
14015,697.0,697,697
14016,93.0,62,129
14019,211.0,165,257
14020,16.0,16,16
14021,151.0,151,151
14022,697.0,697,697
14023,20.0,20,20
14024,697.0,697,697
14027,697.0,697,697
14029,8.0,8,8
14030,77.666664,4,324
14031,101.7,25,279
14032,144.22223,6,279
14034,194.0,194,194
14035,89.666664,19,220
14036,697.0,697,697
14037,247.0,247,247
14038,64.5,63,66
14039,697.0,697,697
14040,79.8,3,308
14041,697.0,697,697
14044,85.333336,42,137
14046,697.0,697,697
14047,299.0,132,466
14048,697.0,697,697
14049,131.0,46,230
14050,14.0,14,14
14051,83.46667,13,258
14052,697.0,697,697
14053,697.0,697,697
14054,697.0,697,697
14055,697.0,697,697
14056,109.5,6,227
14057,69.36364,6,220
14059,697.0,697,697
14060,86.71429,8,248
14062,46.0,1,83
14064,149.5,54,249
14066,697.0,697,697
14067,92.0,92,92
14068,697.0,697,697
14071,112.4,4,218
14073,697.0,697,697
14075,217.0,192,242
14076,697.0,697,697
14077,111.0,14,161
14078,143.0,24,412
14079,697.0,697,697
14080,697.0,697,697
14081,508.0,508,508
14082,697.0,697,697
14083,157.0,89,283
14085,86.86667,1,291
14087,697.0,697,697
14088,127.25,1,285
14089,697.0,697,697
14092,92.545456,6,277
14093,697.0,697,697
14096,70.875,2,214
14098,697.0,697,697
14099,79.4,25,185
14100,697.0,697,697
14102,194.25,11,279
14104,697.0,697,697
14105,697.0,697,697
14107,91.333336,20,193
14108,12.0,12,12
14109,697.0,697,697
14110,107.44444,1,231
14111,209.0,209,209
14112,137.75,18,295
14113,107.0,56,158
14114,697.0,697,697
14116,70.75,60,101
14121,83.0,30,170
14125,34.0,18,50
14126,697.0,697,697
14127,109.0,54,164
14128,195.0,195,195
14129,115.0,46,197
14130,697.0,697,697
14132,126.4,26,274
14133,11.0,11,11
14135,112.72727,30,241
14138,33.0,33,33
14139,697.0,697,697
14140,60.0,60,60
14141,65.666664,32,121
14142,697.0,697,697
14143,697.0,697,697
14146,175.33333,103,250
14147,697.0,697,697
14149,697.0,697,697
14150,117.0,117,117
14152,159.0,159,159
14154,697.0,697,697
14155,697.0,697,697
14156,63.125,1,230
14157,266.0,266,266
14158,697.0,697,697
14159,48.3,5,133
14161,225.0,63,387
14162,119.0,119,119
14163,66.666664,24,136
14164,697.0,697,697
14165,697.0,697,697
14167,141.5,126,157
14171,697.0,697,697
14173,119.0,35,203
14174,697.0,697,697
14175,150.0,142,158
14176,109.0,29,189
14177,35.0,35,35
14178,136.16667,12,303
14179,12.0,12,12
14180,62.473682,2,304
14184,697.0,697,697
14188,63.0,15,215
14189,90.84615,16,323
14191,93.09091,12,310
14193,5.0,5,5
14194,34.42857,6,193
14196,697.0,697,697
14198,73.666664,59,94
14199,697.0,697,697
14201,83.8,37,125
14204,697.0,697,697
14205,248.0,248,248
14206,697.0,697,697
14208,697.0,697,697
14209,124.0,52,221
14210,124.0,30,385
14211,39.5,4,164
14214,50.0,11,135
14215,106.8,15,215
14216,250.33333,151,315
14217,96.583336,13,323
14218,697.0,697,697
14219,697.0,697,697
14220,170.0,170,170
14221,68.333336,33,157
14222,697.0,697,697
14223,71.0,48,94
14224,82.666664,19,194
14226,70.0,11,140
14227,94.8,39,157
14229,18.0,18,18
14231,97.0,56,138
14232,55.5,22,78
14233,119.333336,7,306
14234,41.0,12,67
14235,61.666668,10,141
14236,585.0,585,585
14237,697.0,697,697
14238,697.0,697,697
14239,68.9,1,151
14240,136.0,136,136
14241,697.0,697,697
14242,91.0,91,91
14243,67.111115,1,161
14245,15.0,15,15
14246,18.5,10,27
14247,697.0,697,697
14248,697.0,697,697
14250,270.0,270,270
14251,48.666668,2,104
14256,163.0,163,163
14257,139.5,59,193
14258,697.0,697,697
14259,697.0,697,697
14261,697.0,697,697
14262,78.42857,6,314
14264,697.0,697,697
14265,697.0,697,697
14267,98.0,98,98
14270,697.0,697,697
14271,697.0,697,697
14272,181.0,181,181
14273,96.0,51,152
14276,293.0,286,300
14277,9.5,6,13
14280,697.0,697,697
14282,79.76923,3,312
14284,3.0,3,3
14285,202.33333,101,280
14286,16.0,10,22
14287,697.0,697,697
14288,697.0,697,697
14289,203.33333,132,284
14290,184.0,45,280
14291,125.333336,38,212
14292,121.8,39,261
14293,143.66667,13,385
14295,697.0,697,697
14297,25.0,7,43
14298,78.1579,1,254
14299,148.57143,22,310
14300,697.0,697,697
14301,697.0,697,697
14304,697.0,697,697
14305,64.0,64,64
14306,697.0,697,697
14307,174.0,76,372
14309,101.125,14,303
14311,697.0,697,697
14312,136.6,45,274
14314,697.0,697,697
14315,144.8,10,260
14317,697.0,697,697
14320,168.0,168,168
14321,68.25,43,107
14323,124.0,124,124
14326,697.0,697,697
14327,697.0,697,697
14329,113.6,32,293
14331,19.0,19,19
14332,158.5,96,221
14333,697.0,697,697
14334,113.71429,30,252
14335,228.0,228,228
14336,117.333336,50,182
14338,697.0,697,697
14339,697.0,697,697
14340,697.0,697,697
14341,172.75,5,290
14342,63.0,17,99
14344,139.0,50,261
14345,697.0,697,697
14346,266.0,266,266
14348,697.0,697,697
14349,697.0,697,697
14350,697.0,697,697
14352,108.0,18,198
14353,697.0,697,697
14354,152.0,152,152
14355,697.0,697,697
14356,2.0,2,2
14357,697.0,697,697
14359,34.0,23,45
14360,122.5,91,154
14362,697.0,697,697
14364,25.2,6,47
14367,100.083336,10,310
14368,697.0,697,697
14371,697.0,697,697
14373,697.0,697,697
14375,697.0,697,697
14377,697.0,697,697
14379,251.0,251,251
14381,697.0,697,697
14382,697.0,697,697
14383,84.5,19,150
14385,7.0,7,7
14386,697.0,697,697
14387,56.0,35,77
14388,145.0,29,384
14389,93.0,93,93
14390,203.57143,11,426
14395,174.625,18,566
14396,424.0,424,424
14397,75.46154,3,230
14400,697.0,697,697
14401,130.4,5,295
14404,108.2,61,249
14406,697.0,697,697
14407,49.666668,8,77
14408,132.4,26,325
14409,82.333336,21,169
14410,38.333332,3,96
14411,697.0,697,697
14412,30.0,30,30
14413,697.0,697,697
14414,119.5,5,243
14415,129.58333,23,272
14416,20.0,20,20
14418,119.0,83,155
14419,191.4,13,322
14420,697.0,697,697
14421,53.0,53,53
14422,64.2,17,100
14426,128.83333,38,192
14427,697.0,697,697
14428,116.75,27,194
14431,697.0,697,697
14432,227.0,17,306
14436,697.0,697,697
14437,697.0,697,697
14438,697.0,697,697
14439,697.0,697,697
14440,213.33333,137,259
14441,85.666664,45,140
14442,112.0,112,112
14443,164.0,85,235
14446,63.333332,52,78
14447,77.333336,32,146
14448,414.0,414,414
14449,231.66667,24,507
14450,158.5,63,254
14451,134.0,134,134
14452,143.0,143,143
14453,697.0,697,697
14456,66.14286,11,219
14459,697.0,697,697
14461,56.5,30,83
14462,92.28571,11,202
14465,697.0,697,697
14466,101.0,1,414
14467,98.333336,7,266
14470,276.0,276,276
14472,108.57143,28,256
14473,697.0,697,697
14474,697.0,697,697
14475,86.0,57,115
14476,697.0,697,697
14479,200.0,200,200
14480,697.0,697,697
14481,123.0,123,123
14482,136.6,71,289
14483,697.0,697,697
14484,697.0,697,697
14485,697.0,697,697
14487,155.75,14,515
14488,697.0,697,697
14489,697.0,697,697
14491,490.0,490,490
14493,127.25,43,284
14494,697.0,697,697
14495,12.0,12,12
14496,355.0,355,355
14497,697.0,697,697
14498,79.75,33,175
14499,81.5,56,107
14500,697.0,697,697
14501,225.0,225,225
14502,85.71429,21,162
14503,115.6,9,290
14504,94.0,19,193
14505,174.71428,77,315
14506,180.25,81,236
14507,29.333334,2,61
14508,8.0,8,8
14511,76.0,11,170
14512,15.0,15,15
14514,152.0,111,193
14515,109.75,5,221
14517,40.0,40,40
14518,697.0,697,697
14520,697.0,697,697
14522,697.0,697,697
14523,697.0,697,697
14524,72.25,45,107
14525,68.57143,24,125
14527,78.38461,1,319
14528,697.0,697,697
14529,25.0,17,33
14530,102.2,34,128
14532,49.0,49,49
14533,97.0,30,240
14534,104.0,1,213
14535,105.5,26,185
14536,697.0,697,697
14537,697.0,697,697
14538,74.0,74,74
14539,29.0,29,29
14540,136.5,66,207
14541,93.2,3,192
14543,99.875,15,211
14544,337.0,337,337
14546,95.0,18,201
14547,75.14286,3,199
14549,697.0,697,697
14550,34.0,34,34
14551,697.0,697,697
14552,697.0,697,697
14553,77.666664,34,162
14554,14.0,6,29
14555,11.0,11,11
14557,697.0,697,697
14560,102.44444,41,248
14561,62.0,37,87
14562,92.1875,4,283
14565,116.333336,92,156
14567,279.0,279,279
14569,697.0,697,697
14570,697.0,697,697
14572,84.8,37,140
14573,149.71428,6,378
14576,697.0,697,697
14577,116.666664,69,151
14578,697.0,697,697
14581,697.0,697,697
14582,697.0,697,697
14583,44.0,9,97
14584,59.666668,1,103
14585,697.0,697,697
14586,697.0,697,697
14587,152.75,60,333
14591,50.0,50,50
14592,156.0,126,186
14593,177.0,177,177
14594,396.0,396,396
14595,60.8,5,228
14597,697.0,697,697
14598,697.0,697,697
14600,697.0,697,697
14601,697.0,697,697
14606,66.9186,1,318
14607,697.0,697,697
14618,1.0,1,1
14619,697.0,697,697
14620,135.0,135,135
14621,74.75,30,141
14622,697.0,697,697
14623,75.0,49,108
14624,697.0,697,697
14625,165.0,165,165
14626,130.0,90,159
14628,56.0,56,56
14629,164.0,164,164
14631,124.0,63,185
14632,697.0,697,697
14633,697.0,697,697
14636,5.0,5,5
14638,697.0,697,697
14639,117.0,21,260
14640,79.8,5,216
14641,697.0,697,697
14643,188.0,188,188
14644,24.0,24,24
14645,88.0,88,88
14646,91.083336,29,303
14647,697.0,697,697
14649,88.5,38,139
14651,270.0,270,270
14652,697.0,697,697
14653,129.8,52,234
14655,208.33333,48,309
14656,171.0,171,171
14657,103.0,17,154
14658,124.0,124,124
14659,68.75,18,164
14660,14.0,14,14
14661,697.0,697,697
14662,187.33333,137,219
14664,162.0,162,162
14665,103.333336,14,266
14666,697.0,697,697
14667,95.59091,1,258
14669,33.0,33,33
14670,697.0,697,697
14672,73.0,73,73
14673,169.25,14,278
14675,697.0,697,697
14676,697.0,697,697
14680,94.583336,11,190
14681,67.0,67,67
14684,84.25,15,236
14687,697.0,697,697
14688,116.31579,13,371
14689,697.0,697,697
14690,12.0,12,12
14691,133.66667,18,210
14692,61.666668,23,98
14693,697.0,697,697
14696,211.5,70,371
14697,697.0,697,697
14698,35.0,4,104
14699,697.0,697,697
14700,83.5,40,127
14701,76.666664,16,162
14702,114.125,7,313
14703,697.0,697,697
14704,43.666668,3,139
14708,395.0,395,395
14709,92.27273,2,223
14710,12.333333,5,21
14711,35.8,6,78
14712,37.0,37,37
14713,114.0,32,275
14714,697.0,697,697
14715,188.0,115,290
14716,105.0,105,105
14719,87.0,50,119
14720,198.0,185,211
14722,697.0,697,697
14723,273.25,233,318
14725,697.0,697,697
14727,697.0,697,697
14729,697.0,697,697
14730,79.5,24,128
14731,164.5,158,171
14732,108.42857,43,242
14733,148.11111,7,316
14735,37.0,7,169
14737,173.0,173,173
14738,127.0,1,311
14739,165.33333,39,293
14740,71.5,28,115
14741,130.8,43,304
14744,145.0,7,283
14745,22.5,16,29
14747,697.0,697,697
14748,221.33333,64,511
14752,697.0,697,697
14753,697.0,697,697
14754,251.0,251,251
14755,48.4,15,197
14756,697.0,697,697
14757,697.0,697,697
14758,38.333332,20,61
14759,109.5,99,120
14760,697.0,697,697
14761,100.0,100,100
14762,697.0,697,697
14764,697.0,697,697
14765,58.5,53,64
14766,172.2,88,251
14768,697.0,697,697
14769,49.0,26,68
14770,91.0,91,91
14772,697.0,697,697
14775,333.0,138,528
14776,37.285713,1,79
14778,6.0,6,6
14779,36.5,1,72
14780,25.0,25,25
14782,697.0,697,697
14784,297.0,297,297
14788,274.0,274,274
14789,697.0,697,697
14790,139.5,27,252
14793,697.0,697,697
14794,111.0,58,162
14796,90.4375,9,282
14798,129.0,92,166
14799,697.0,697,697
14800,112.3,28,263
14801,697.0,697,697
14803,130.0,130,130
14804,697.0,697,697
14805,697.0,697,697
14806,697.0,697,697
14808,59.0,6,103
14810,90.8,14,477
14813,697.0,697,697
14815,1.0,1,1
14817,41.0,41,41
14818,90.0,84,96
14819,10.0,10,10
14820,121.333336,98,160
14821,697.0,697,697
14823,191.0,191,191
14824,99.0,18,171
14825,118.63636,8,215
14829,202.0,66,305
14830,697.0,697,697
14834,69.8,5,209
14836,39.5,18,61
14837,57.0,35,75
14840,697.0,697,697
14841,115.4,24,221
14842,126.666664,86,171
14844,84.333336,29,171
14847,697.0,697,697
14849,125.416664,21,338
14850,697.0,697,697
14851,233.0,233,233
14852,137.0,37,245
14853,20.0,20,20
14854,88.833336,5,272
14855,697.0,697,697
14856,217.0,217,217
14857,119.0,119,119
14859,96.0,68,124
14860,697.0,697,697
14862,123.0,123,123
14863,697.0,697,697
14865,697.0,697,697
14867,59.5,57,62
14868,146.16667,40,305
14869,228.0,228,228
14870,697.0,697,697
14871,61.333332,2,105
14873,697.0,697,697
14875,155.0,155,155
14878,133.5,35,261
14880,105.5,79,132
14881,697.0,697,697
14882,697.0,697,697
14883,76.0,21,159
14886,697.0,697,697
14888,697.0,697,697
14889,697.0,697,697
14890,697.0,697,697
14891,69.0,69,69
14893,2.0,2,2
14894,697.0,697,697
14895,67.2,6,241
14896,249.0,249,249
14897,198.66667,52,296
14898,191.6,106,311
14901,130.28572,9,268
14902,697.0,697,697
14903,63.0,31,133
14904,125.0,125,125
14905,17.0,17,17
14907,202.6,152,306
14908,697.0,697,697
14910,95.333336,66,125
14911,39.991936,1,322
14912,142.0,142,142
14913,176.33333,58,323
14915,68.0,68,68
14916,87.333336,4,175
14918,9.0,9,9
14920,697.0,697,697
14921,112.0,112,112
14923,697.0,697,697
14924,697.0,697,697
14929,697.0,697,697
14930,41.0,41,41
14931,135.66667,52,189
14932,697.0,697,697
14934,228.0,228,228
14936,70.5,32,105
14937,279.0,279,279
14944,52.5,1,109
14947,263.0,263,263
14948,122.6,28,232
14950,697.0,697,697
14951,697.0,697,697
14952,109.75,29,206
14953,697.0,697,697
14954,697.0,697,697
14957,697.0,697,697
14958,19.0,9,29
14959,86.666664,17,170
14960,160.0,160,160
14961,71.14286,10,139
14963,83.25,9,163
14964,697.0,697,697
14965,697.0,697,697
14966,697.0,697,697
14967,697.0,697,697
14968,697.0,697,697
14970,697.0,697,697
14971,199.0,199,199
14972,697.0,697,697
14973,59.0,27,91
14974,697.0,697,697
14975,697.0,697,697
14976,131.75,44,259
14978,64.5,13,163
14981,697.0,697,697
14984,16.0,16,16
14985,160.0,160,160
14988,697.0,697,697
14995,82.0,82,82
14997,697.0,697,697
14998,165.0,165,165
15000,697.0,697,697
15002,182.66667,74,293
15004,697.0,697,697
15005,67.22222,7,260
15006,697.0,697,697
15007,697.0,697,697
15009,6.5,6,7
15010,697.0,697,697
15012,643.0,643,643
15014,697.0,697,697
15016,697.0,697,697
15017,697.0,697,697
15018,91.5,7,176
15019,697.0,697,697
15021,111.85714,10,305
15022,18.0,15,21
15023,107.4,4,251
15024,101.2,1,219
15025,697.0,697,697
15026,120.5,81,160
15027,45.0,10,80
15028,396.0,289,503
15031,114.0,21,199
15032,228.0,228,228
15033,69.77778,14,186
15034,70.666664,13,162
15035,697.0,697,697
15036,105.0,105,105
15038,262.25,60,510
15039,96.19512,5,281
15041,697.0,697,697
15042,697.0,697,697
15044,114.21429,3,283
15045,697.0,697,697
15046,75.916664,1,242
15047,697.0,697,697
15048,175.33333,97,266
15049,697.0,697,697
15050,46.0,46,46
15051,36.5,26,47
15052,697.0,697,697
15053,61.0,26,96
15054,28.0,28,28
15057,697.0,697,697
15058,66.14286,13,233
15059,108.2,44,197
15060,322.0,322,322
15061,201.5,9,446
15062,96.0,75,116
15063,697.0,697,697
15065,88.0,63,137
15066,697.0,697,697
15067,231.0,231,231
15068,210.0,210,210
15069,697.0,697,697
15071,56.0,56,56
15073,88.5,30,147
15074,697.0,697,697
15075,697.0,697,697
15076,697.0,697,697
15078,69.42105,3,289
15079,281.0,281,281
15081,186.75,122,307
15083,697.0,697,697
15087,697.0,697,697
15088,253.0,253,253
15089,83.2,12,168
15090,697.0,697,697
15091,697.0,697,697
15092,214.0,214,214
15093,83.5,65,98
15095,50.0,32,68
15096,697.0,697,697
15097,697.0,697,697
15099,697.0,697,697
15101,697.0,697,697
15103,34.0,34,34
15104,113.0,113,113
15105,123.0,6,250
15106,167.5,72,265
15107,283.0,261,305
15108,43.0,10,76
15109,697.0,697,697
15110,98.333336,21,171
15111,303.0,184,422
15113,45.0,45,45
15114,57.75,8,123
15115,697.0,697,697
15116,62.333332,40,77
15117,50.0,19,95
15119,697.0,697,697
15120,697.0,697,697
15121,238.0,238,238
15122,91.5,90,93
15123,94.0,94,94
15124,315.0,315,315
15125,47.0,22,72
15127,697.0,697,697
15128,94.0,47,155
15129,49.625,2,165
15130,697.0,697,697
15132,61.0,38,94
15133,116.0,12,220
15134,96.28571,27,175
15135,697.0,697,697
15136,175.0,128,222
15139,78.0,78,78
15140,42.4,27,83
15142,697.0,697,697
15143,697.0,697,697
15144,59.916668,9,307
15145,120.0,8,184
15146,127.0,127,127
15147,697.0,697,697
15148,697.0,697,697
15149,697.0,697,697
15150,88.25,30,167
15152,47.333332,1,153
15153,697.0,697,697
15154,697.0,697,697
15156,61.0,30,92
15157,145.0,56,234
15159,82.44444,9,244
15160,697.0,697,697
15163,174.0,174,174
15164,69.0,44,94
15165,697.0,697,697
15167,697.0,697,697
15168,697.0,697,697
15172,106.75,40,261
15174,697.0,697,697
15175,697.0,697,697
15178,697.0,697,697
15179,150.5,35,266
15180,697.0,697,697
15181,697.0,697,697
15182,144.0,144,144
15184,247.0,247,247
15186,154.0,154,154
15187,77.57143,2,174
15189,77.72727,1,309
15192,226.0,116,336
15193,697.0,697,697
15194,74.21429,3,197
15197,329.0,329,329
15198,32.0,32,32
15201,51.666668,11,128
15203,63.2,26,143
15204,697.0,697,697
15205,160.0,160,160
15206,48.0,48,48
15208,58.5,1,190
15210,697.0,697,697
15211,393.0,393,393
15212,697.0,697,697
15213,11.0,11,11
15214,109.42857,14,308
15215,198.0,198,198
15218,38.5,9,76
15219,697.0,697,697
15220,39.8,11,64
15223,24.0,24,24
15224,697.0,697,697
15225,697.0,697,697
15226,697.0,697,697
15227,112.666664,33,158
15228,107.0,61,135
15230,697.0,697,697
15232,27.0,27,27
15234,697.0,697,697
15235,97.22222,2,225
15236,697.0,697,697
15237,63.333332,24,125
15238,122.0,89,155
15239,68.0,68,68
15240,240.25,40,336
15241,105.57143,5,172
15243,697.0,697,697
15244,6.0,6,6
15245,63.5,44,83
15246,120.0,120,120
15249,88.545456,5,244
15252,179.0,179,179
15253,92.5,16,169
15254,697.0,697,697
15255,697.0,697,697
15256,697.0,697,697
15257,697.0,697,697
15258,19.0,19,19
15260,113.0,17,432
15261,697.0,697,697
15262,697.0,697,697
15263,697.0,697,697
15264,697.0,697,697
15265,203.0,203,203
15266,697.0,697,697
15270,96.5,72,121
15271,147.64285,11,274
15272,29.0,29,29
15274,193.0,193,193
15275,697.0,697,697
15276,697.0,697,697
15277,697.0,697,697
15279,697.0,697,697
15280,697.0,697,697
15281,81.75,4,218
15287,697.0,697,697
15288,102.5,45,189
15289,95.0,78,112
15290,66.5,1,211
15291,176.83333,22,317
15292,697.0,697,697
15296,106.5,15,292
15297,71.0,49,93
15298,90.888885,12,262
15300,697.0,697,697
15301,74.14286,12,318
15303,697.0,697,697
15304,161.66667,104,264
15306,43.0,26,60
15307,697.0,697,697
15308,697.0,697,697
15311,67.13636,1,321
15312,93.0,23,228
15314,697.0,697,697
15315,66.0,66,66
15318,697.0,697,697
15319,697.0,697,697
15320,697.0,697,697
15321,221.0,221,221
15322,697.0,697,697
15325,697.0,697,697
15326,697.0,697,697
15327,697.0,697,697
15329,66.0,37,95
15332,697.0,697,697
15333,697.0,697,697
15334,16.0,10,22
15335,697.0,697,697
15339,75.0,75,75
15342,697.0,697,697
15343,697.0,697,697
15344,697.0,697,697
15345,697.0,697,697
15346,697.0,697,697
15347,697.0,697,697
15348,697.0,697,697
15349,29.0,29,29
15350,697.0,697,697
15351,189.33333,25,497
15353,261.0,261,261
15355,697.0,697,697
15356,67.666664,20,185
15358,97.71429,19,245
15360,697.0,697,697
15361,697.0,697,697
15363,697.0,697,697
15364,40.0,40,40
15365,96.666664,56,163
15366,283.0,283,283
15367,50.0,30,70
15370,121.25,62,259
15373,116.5,35,313
15374,697.0,697,697
15376,149.0,77,221
15379,112.5,17,226
15380,126.666664,40,285
15381,697.0,697,697
15382,70.25,41,85
15384,190.0,190,190
15385,697.0,697,697
15386,697.0,697,697
15388,697.0,697,697
15392,190.33333,89,360
15393,265.0,265,265
15394,116.333336,69,154
15396,697.0,697,697
15397,697.0,697,697
15398,62.0,62,62
15399,77.0,57,97
15400,697.0,697,697
15402,48.0,48,48
15406,83.0,83,83
15407,169.66667,87,244
15408,697.0,697,697
15410,71.57143,2,250
15411,72.666664,44,90
15412,697.0,697,697
15414,279.0,266,292
15415,697.0,697,697
15416,60.333332,27,84
15417,697.0,697,697
15419,697.0,697,697
15421,155.5,127,184
15422,697.0,697,697
15424,697.0,697,697
15426,185.66667,76,319
15427,134.0,134,134
15428,697.0,697,697
15429,49.0,49,49
15432,697.0,697,697
15433,202.0,202,202
15434,105.666664,13,211
15435,697.0,697,697
15436,111.0,35,187
15437,697.0,697,697
15438,697.0,697,697
15440,77.0,72,82
15443,69.166664,10,211
15444,31.0,31,31
15445,697.0,697,697
15447,697.0,697,697
15448,697.0,697,697
15449,117.5,105,130
15450,697.0,697,697
15452,102.5,12,193
15453,78.333336,9,186
15454,697.0,697,697
15456,19.0,19,19
15457,697.0,697,697
15458,697.0,697,697
15460,697.0,697,697
15462,57.0,40,74
15463,697.0,697,697
15464,697.0,697,697
15465,148.0,28,274
15466,697.0,697,697
15467,109.0,82,136
15468,697.0,697,697
15469,19.0,19,19
15471,697.0,697,697
15472,697.0,697,697
15475,697.0,697,697
15478,16.0,16,16
15480,697.0,697,697
15482,114.333336,10,193
15483,70.0,70,70
15484,53.666668,22,101
15485,303.5,72,535
15489,44.0,35,53
15491,62.25,17,114
15492,46.0,46,46
15493,41.0,2,100
15494,41.0,41,41
15498,100.875,3,262
15500,125.333336,8,313
15502,102.166664,4,448
15503,697.0,697,697
15504,697.0,697,697
15505,51.5,32,71
15506,58.0,23,93
15507,697.0,697,697
15508,21.0,10,30
15511,159.5,7,321
15512,204.0,204,204
15513,129.36363,14,280
15514,58.714287,3,157
15516,2.0,2,2
15517,697.0,697,697
15518,154.8,28,280
15520,697.0,697,697
15521,128.0,35,220
15522,64.0,64,64
15523,697.0,697,697
15525,406.0,133,679
15526,697.0,697,697
15527,157.14285,39,314
15528,697.0,697,697
15529,114.2,22,226
15530,53.0,11,128
15531,242.0,242,242
15532,111.0,35,192
15533,57.5,52,63
15535,154.0,154,154
15537,697.0,697,697
15539,697.0,697,697
15540,697.0,697,697
15541,697.0,697,697
15543,697.0,697,697
15544,193.5,1,628
15545,583.0,583,583
15547,125.63636,14,262
15549,119.5,100,139
15550,100.666664,64,133
15551,697.0,697,697
15552,697.0,697,697
15553,697.0,697,697
15554,697.0,697,697
15555,115.2,1,303
15556,697.0,697,697
15557,697.0,697,697
15561,80.5,23,138
15563,168.0,158,178
15565,20.0,20,20
15567,697.0,697,697
15568,67.5,29,106
15569,93.0,93,93
15570,141.09091,5,290
15571,91.0,13,157
15572,102.5,30,186
15573,35.0,35,35
15574,244.0,181,307
15576,697.0,697,697
15577,128.0,128,128
15578,697.0,697,697
15579,11.0,11,11
15581,93.166664,1,256
15582,127.5,76,179
15584,46.333332,24,90
15585,697.0,697,697
15587,92.0,92,92
15589,55.0,55,55
15592,697.0,697,697
15593,697.0,697,697
15594,73.0,66,81
15596,119.333336,45,186
15597,697.0,697,697
15598,697.0,697,697
15599,178.0,178,178
15601,85.23077,2,307
15602,129.25,42,233
15604,697.0,697,697
15605,303.0,243,357
15606,88.75,9,169
15607,697.0,697,697
15608,29.0,29,29
15609,697.0,697,697
15610,697.0,697,697
15611,43.6,7,64
15615,67.4,8,228
15618,21.5,14,29
15620,151.0,79,223
15621,697.0,697,697
15622,66.5,28,111
15623,697.0,697,697
15624,46.666668,19,71
15625,148.0,56,232
15626,255.0,255,255
15628,140.625,22,229
15630,159.0,159,159
15632,108.57143,28,186
15634,697.0,697,697
15636,279.0,279,279
15637,697.0,697,697
15639,697.0,697,697
15640,137.23077,6,317
15641,84.666664,49,155
15643,28.0,28,28
15644,47.5,5,90
15645,697.0,697,697
15646,282.5,58,507
15648,63.0,63,63
15651,13.0,13,13
15652,697.0,697,697
15653,697.0,697,697
15654,17.0,17,17
15655,697.0,697,697
15656,79.666664,5,133
15658,192.33333,85,383
15659,697.0,697,697
15660,85.6,50,136
15663,697.0,697,697
15664,697.0,697,697
15665,102.0,102,102
15667,697.0,697,697
15669,74.333336,63,87
15670,697.0,697,697
15671,151.25,2,233
15673,169.0,90,232
15674,60.333332,35,93
15675,84.5,74,95
15676,161.0,98,224
15677,697.0,697,697
15678,697.0,697,697
15679,47.5,35,60
15680,237.5,31,444
15681,75.0,3,156
15683,697.0,697,697
15687,98.71429,11,308
15689,360.0,360,360
15690,697.0,697,697
15692,697.0,697,697
15694,139.5,34,306
15695,697.0,697,697
15696,88.166664,10,200
15699,697.0,697,697
15700,1.0,1,1
15701,172.0,152,192
15703,697.0,697,697
15704,84.0,77,91
15705,697.0,697,697
15706,74.0,41,107
15707,144.66667,96,199
15708,178.33333,28,477
15709,697.0,697,697
15712,102.666664,15,193
15713,341.0,341,341
15714,66.0,66,66
15716,143.66667,56,319
15717,697.0,697,697
15719,63.333332,1,182
15720,697.0,697,697
15721,697.0,697,697
15722,105.333336,73,134
15723,697.0,697,697
15724,83.0,83,83
15725,697.0,697,697
15727,127.5,21,351
15729,697.0,697,697
15730,87.5,84,91
15732,697.0,697,697
15733,697.0,697,697
15734,86.0,86,86
15737,124.75,57,243
15738,72.84615,14,339
15739,697.0,697,697
15740,697.0,697,697
15743,161.66667,12,285
15745,144.33333,108,163
15746,697.0,697,697
15747,80.0,19,141
15748,697.0,697,697
15750,177.0,98,286
15752,147.0,34,506
15754,53.5,22,85
15755,86.4,59,127
15756,71.0,2,184
15757,26.0,26,26
15758,697.0,697,697
15759,62.0,62,62
15762,136.0,136,136
15763,43.0,43,43
15764,10.5,3,18
15766,697.0,697,697
15768,55.0,22,88
15769,697.0,697,697
15773,697.0,697,697
15774,697.0,697,697
15775,697.0,697,697
15776,697.0,697,697
15777,356.0,356,356
15780,190.5,59,322
15781,67.5,23,112
15782,29.5,19,40
15783,697.0,697,697
15785,60.666668,19,98
15786,68.0,68,68
15787,64.0,64,64
15789,697.0,697,697
15790,697.0,697,697
15791,161.0,161,161
15795,697.0,697,697
15796,64.42857,17,108
15799,69.0,57,81
15800,51.0,51,51
15801,31.5,14,49
15804,71.666664,1,283
15805,70.2,11,137
15806,129.0,88,170
15807,697.0,697,697
15808,128.66667,62,215
15809,103.0,52,188
15810,63.0,62,64
15811,86.2,60,100
15812,160.5,75,246
15813,32.0,32,32
15814,240.0,223,257
15815,65.5,12,119
15819,73.666664,68,82
15820,697.0,697,697
15821,46.0,46,46
15822,179.0,179,179
15825,697.0,697,697
15826,154.0,154,154
15827,103.111115,14,349
15829,194.0,194,194
15830,697.0,697,697
15831,162.5,155,170
15832,697.0,697,697
15834,50.5,6,95
15835,95.333336,70,123
15836,697.0,697,697
15837,697.0,697,697
15839,84.5,68,101
15840,173.0,173,173
15841,50.0,4,132
15843,697.0,697,697
15844,697.0,697,697
15845,96.85714,31,225
15847,44.0,44,44
15850,149.0,149,149
15852,697.0,697,697
15853,697.0,697,697
15854,73.0,20,133
15855,52.75,23,112
15856,98.9,1,314
15857,697.0,697,697
15858,125.0,14,226
15860,137.16667,10,228
15861,63.75,14,133
15862,267.66666,92,492
15863,697.0,697,697
15864,36.5,13,60
15865,52.5,40,65
15866,697.0,697,697
15867,120.64286,7,285
15869,697.0,697,697
15870,697.0,697,697
15872,697.0,697,697
15874,63.0,28,129
15877,102.0,102,102
15880,697.0,697,697
15881,111.0,111,111
15882,347.0,347,347
15883,31.0,31,31
15885,697.0,697,697
15886,697.0,697,697
15888,697.0,697,697
15889,391.0,391,391
15891,697.0,697,697
15894,697.0,697,697
15897,697.0,697,697
15898,106.5,30,251
15899,697.0,697,697
15900,697.0,697,697
15901,54.0,47,61
15903,697.0,697,697
15904,697.0,697,697
15906,138.0,7,283
15907,19.0,4,34
15909,697.0,697,697
15910,103.71429,28,167
15912,697.0,697,697
15916,141.66667,12,260
15917,697.0,697,697
15918,35.0,35,35
15919,526.0,526,526
15920,697.0,697,697
15921,697.0,697,697
15922,697.0,697,697
15923,697.0,697,697
15925,697.0,697,697
15930,697.0,697,697
15932,117.14286,20,264
15933,32.5,15,50
15935,697.0,697,697
15937,697.0,697,697
15938,70.333336,59,89
15939,148.83333,27,274
15942,697.0,697,697
15944,697.0,697,697
15947,697.0,697,697
15948,288.0,288,288
15949,55.0,55,55
15950,107.666664,28,253
15951,46.0,46,46
15952,66.0,25,121
15953,234.71428,10,568
15955,159.66667,14,599
15957,697.0,697,697
15958,697.0,697,697
15963,26.0,26,26
15965,249.0,11,487
15967,295.0,295,295
15969,104.0,101,107
15970,697.0,697,697
15971,172.5,73,274
15973,697.0,697,697
15974,111.5,8,175
15975,697.0,697,697
15976,114.0,114,114
15977,22.0,22,22
15978,697.0,697,697
15980,697.0,697,697
15981,59.0,31,86
15983,224.66667,93,338
15984,106.625,10,323
15985,113.0,113,113
15986,697.0,697,697
15987,177.66667,19,397
15988,697.0,697,697
15990,243.0,243,243
15992,697.0,697,697
15993,154.25,9,315
15994,697.0,697,697
15996,96.8,22,199
15998,115.25,84,186
16003,100.0,31,194
16005,129.0,52,206
16006,697.0,697,697
16007,225.66667,123,299
16008,90.5,52,129
16009,234.0,234,234
16010,117.5,82,153
16011,99.8,16,333
16012,77.5,34,121
16013,270.33334,256,282
16014,233.0,228,238
16015,88.5,23,154
16016,170.33333,30,258
16017,697.0,697,697
16018,36.0,36,36
16019,92.42857,6,262
16020,197.0,197,197
16022,697.0,697,697
16023,110.0,74,146
16024,697.0,697,697
16025,697.0,697,697
16026,697.0,697,697
16027,39.0,39,39
16029,56.0,39,73
16030,697.0,697,697
16031,66.0,66,66
16033,102.17647,7,231
16034,91.0,12,170
16036,697.0,697,697
16037,184.5,140,229
16038,24.0,24,24
16040,92.5,65,120
16042,42.5,35,50
16043,305.0,297,313
16045,119.666664,35,163
16048,697.0,697,697
16049,17.5,2,33
16050,697.0,697,697
16052,697.0,697,697
16053,59.0,59,59
16054,697.0,697,697
16055,697.0,697,697
16056,697.0,697,697
16057,249.33333,228,280
16059,117.2,73,188
16062,223.33333,124,418
16063,697.0,697,697
16065,697.0,697,697
16066,71.0,43,104
16070,129.0,129,129
16071,697.0,697,697
16072,697.0,697,697
16076,71.75,24,158
16079,24.0,24,24
16080,14.0,14,14
16081,107.0,31,225
16083,260.0,260,260
16084,697.0,697,697
16085,86.25,24,157
16086,173.0,88,274
16091,74.0,74,74
16092,70.0,57,83
16094,118.5,48,189
16096,697.0,697,697
16097,697.0,697,697
16098,141.5,60,398
16099,87.5,87,88
16101,697.0,697,697
16102,27.0,27,27
16103,71.333336,30,137
16104,697.0,697,697
16105,697.0,697,697
16106,697.0,697,697
16107,42.0,9,75
16108,697.0,697,697
16109,697.0,697,697
16110,148.0,79,217
16112,74.0,74,74
16113,697.0,697,697
16114,697.0,697,697
16115,73.0,28,230
16116,697.0,697,697
16117,697.0,697,697
16119,259.0,259,259
16120,697.0,697,697
16121,69.0,69,69
16122,260.0,74,446
16123,697.0,697,697
16124,697.0,697,697
16125,697.0,697,697
16126,79.0,24,171
16127,697.0,697,697
16128,171.0,66,256
16131,94.0,32,156
16133,65.041664,1,284
16134,338.0,338,338
16135,697.0,697,697
16136,130.0,130,130
16139,94.0,94,94
16140,424.0,424,424
16141,697.0,697,697
16142,697.0,697,697
16143,137.6,64,256
16145,140.8,33,291
16146,29.0,29,29
16147,697.0,697,697
16149,69.0,69,69
16150,179.75,6,395
16153,76.25,31,167
16156,87.375,25,307
16157,49.0,49,49
16159,697.0,697,697
16161,63.666668,1,273
16163,697.0,697,697
16164,12.5,7,18
16168,105.13333,6,284
16169,109.333336,20,272
16170,55.8,15,140
16171,697.0,697,697
16172,150.33333,121,170
16173,172.8,13,317
16174,183.0,183,183
16175,28.333334,14,36
16177,697.0,697,697
16178,697.0,697,697
16179,697.0,697,697
16180,73.5,24,105
16181,697.0,697,697
16182,697.0,697,697
16183,697.0,697,697
16184,89.0,70,108
16185,216.0,216,216
16186,179.44444,1,660
16187,89.6,14,259
16188,124.333336,85,191
16189,70.0,70,70
16190,697.0,697,697
16191,145.28572,1,275
16193,697.0,697,697
16198,697.0,697,697
16200,47.0,47,47
16201,82.333336,24,159
16202,697.0,697,697
16203,222.0,80,438
16204,697.0,697,697
16205,61.0,27,95
16206,91.0,54,119
16207,697.0,697,697
16208,245.0,245,245
16209,71.333336,1,185
16210,89.9,3,214
16211,697.0,697,697
16212,321.0,321,321
16213,697.0,697,697
16214,119.5,70,169
16215,697.0,697,697
16216,697.0,697,697
16217,74.0,74,74
16218,159.25,48,442
16221,297.0,176,418
16222,697.0,697,697
16224,64.0,9,99
16225,49.666668,17,105
16226,4.0,4,4
16227,697.0,697,697
16229,53.0,53,53
16230,1.0,1,1
16232,58.5,17,100
16233,258.0,258,258
16235,170.66667,109,257
16236,697.0,697,697
16239,222.0,222,222
16240,53.0,53,53
16241,138.27272,39,324
16242,125.0,64,313
16243,127.0,127,127
16244,661.0,661,661
16245,116.5,39,194
16247,697.0,697,697
16248,697.0,697,697
16249,62.333332,25,102
16250,435.0,435,435
16253,12.0,12,12
16255,86.14286,2,201
16256,697.0,697,697
16258,67.666664,33,91
16260,697.0,697,697
16261,47.0,38,58
16265,106.28571,14,294
16266,26.6,6,42
16268,697.0,697,697
16270,697.0,697,697
16271,163.0,73,216
16272,697.0,697,697
16274,697.0,697,697
16275,697.0,697,697
16276,697.0,697,697
16278,697.0,697,697
16279,77.5,66,89
16281,697.0,697,697
16282,697.0,697,697
16283,148.33333,61,239
16284,70.0,70,70
16287,697.0,697,697
16292,697.0,697,697
16293,98.8,28,246
16295,74.333336,15,183
16297,697.0,697,697
16298,82.0,29,135
16302,697.0,697,697
16303,68.0,46,90
16305,697.0,697,697
16306,193.6,2,324
16309,134.0,134,134
16311,32.0,32,32
16313,131.0,131,131
16315,697.0,697,697
16316,86.8,20,199
16317,187.0,39,335
16318,697.0,697,697
16320,697.0,697,697
16321,251.0,251,251
16322,154.0,154,154
16324,99.0,99,99
16325,68.5,28,109
16326,127.27273,15,226
16327,112.4,45,261
16330,95.0,95,95
16332,129.0,16,303
16337,697.0,697,697
16338,697.0,697,697
16339,697.0,697,697
16340,697.0,697,697
16341,88.5,61,116
16342,52.0,34,70
16343,697.0,697,697
16345,697.0,697,697
16347,262.0,262,262
16348,145.8,61,223
16350,91.333336,16,161
16351,697.0,697,697
16352,284.0,284,284
16353,90.71429,12,262
16354,697.0,697,697
16356,38.0,38,38
16357,58.0,19,97
16358,50.666668,33,73
16359,42.285713,1,117
16360,167.4,80,313
16361,20.666666,15,31
16362,92.0,62,122
16363,697.0,697,697
16364,126.0,126,126
16365,161.0,161,161
16366,697.0,697,697
16367,61.0,61,61
16368,122.0,122,122
16369,89.0,62,116
16370,83.0,35,161
16372,697.0,697,697
16374,19.0,19,19
16376,314.0,314,314
16378,61.0,14,108
16379,233.0,193,283
16380,697.0,697,697
16383,194.0,194,194
16384,233.0,233,233
16385,212.0,186,238
16386,225.0,225,225
16387,697.0,697,697
16389,95.666664,25,135
16392,697.0,697,697
16393,75.333336,12,214
16394,116.5,70,163
16395,67.5,7,155
16398,129.0,129,129
16399,216.0,216,216
16400,697.0,697,697
16401,58.8,11,176
16402,697.0,697,697
16403,697.0,697,697
16404,697.0,697,697
16406,697.0,697,697
16407,88.28571,27,250
16409,146.5,33,282
16411,557.0,557,557
16412,697.0,697,697
16413,697.0,697,697
16414,697.0,697,697
16415,697.0,697,697
16416,15.0,13,17
16418,91.0,78,104
16419,146.75,71,244
16422,81.59259,5,216
16423,697.0,697,697
16425,697.0,697,697
16426,184.4,76,279
16427,21.0,21,21
16431,232.0,232,232
16432,697.0,697,697
16433,697.0,697,697
16434,102.0,42,197
16438,182.75,39,247
16440,147.25,8,241
16441,17.0,17,17
16442,120.5,108,133
16444,86.0,20,168
16445,697.0,697,697
16447,697.0,697,697
16448,697.0,697,697
16449,53.0,53,53
16450,697.0,697,697
16451,697.0,697,697
16454,697.0,697,697
16455,97.0,21,276
16456,224.5,37,506
16457,697.0,697,697
16458,91.52941,14,304
16460,26.5,9,44
16461,697.0,697,697
16463,61.0,1,151
16464,61.5,61,62
16466,98.833336,14,205
16469,67.5,64,71
16470,102.333336,64,166
16471,697.0,697,697
16473,124.5,123,126
16474,167.4,33,283
16475,72.5,19,126
16477,109.166664,21,285
16478,188.0,188,188
16479,697.0,697,697
16480,697.0,697,697
16482,697.0,697,697
16483,697.0,697,697
16484,133.0,133,133
16485,697.0,697,697
16488,50.5,34,67
16491,697.0,697,697
16493,83.333336,44,112
16494,697.0,697,697
16495,52.0,52,52
16496,116.5,109,124
16497,129.5,50,249
16498,174.0,174,174
16499,63.0,63,63
16500,150.66667,5,252
16503,92.0,11,235
16504,697.0,697,697
16506,697.0,697,697
16509,697.0,697,697
16510,697.0,697,697
16511,122.5,122,123
16513,697.0,697,697
16515,116.75,39,183
16516,697.0,697,697
16517,697.0,697,697
16518,194.0,194,194
16519,428.0,428,428
16520,133.5,53,214
16523,65.07692,9,184
16525,174.14285,21,476
16526,697.0,697,697
16527,697.0,697,697
16528,697.0,697,697
16529,697.0,697,697
16531,132.0,24,279
16533,141.5,35,248
16535,697.0,697,697
16536,697.0,697,697
16539,182.0,98,338
16542,697.0,697,697
16545,697.0,697,697
16546,697.0,697,697
16549,58.42857,8,124
16550,113.25,8,310
16551,53.0,53,53
16552,661.0,661,661
16553,84.666664,27,165
16554,296.0,296,296
16555,133.0,133,133
16556,90.166664,39,168
16557,697.0,697,697
16558,103.47369,9,279
16560,332.0,332,332
16561,212.0,212,212
16563,697.0,697,697
16566,92.333336,41,122
16567,33.0,33,33
16569,697.0,697,697
16570,96.28571,40,188
16571,127.5,105,150
16572,139.0,65,213
16573,206.0,206,206
16574,697.0,697,697
16581,697.0,697,697
16582,697.0,697,697
16583,697.0,697,697
16584,174.0,174,174
16586,697.0,697,697
16587,697.0,697,697
16589,132.5,35,230
16591,697.0,697,697
16592,92.5,39,199
16593,228.0,228,228
16594,697.0,697,697
16595,697.0,697,697
16596,469.0,469,469
16597,697.0,697,697
16598,697.0,697,697
16600,92.6,8,195
16601,697.0,697,697
16602,697.0,697,697
16603,17.0,17,17
16607,131.7,15,302
16609,98.333336,48,195
16610,697.0,697,697
16611,697.0,697,697
16612,163.33333,150,185
16613,697.0,697,697
16614,697.0,697,697
16616,201.0,201,201
16617,697.0,697,697
16618,67.333336,49,90
16619,697.0,697,697
16620,80.0,80,80
16621,50.0,21,96
16623,697.0,697,697
16624,117.0,117,117
16625,697.0,697,697
16626,102.42857,1,278
16627,697.0,697,697
16628,43.75,16,83
16629,171.0,171,171
16633,87.8,22,231
16634,697.0,697,697
16637,85.333336,63,102
16638,119.833336,39,216
16639,57.5,29,86
16641,697.0,697,697
16642,4.0,4,4
16643,697.0,697,697
16644,143.0,143,143
16647,35.0,35,35
16648,697.0,697,697
16650,697.0,697,697
16652,62.333332,2,110
16653,55.0,55,55
16654,134.66667,18,310
16655,63.0,14,148
16656,88.0,29,190
16657,81.666664,14,125
16658,697.0,697,697
16660,303.0,303,303
16665,697.0,697,697
16666,697.0,697,697
16667,18.0,18,18
16668,83.4,22,189
16669,55.0,55,55
16670,113.625,16,320
16672,119.818184,12,220
16674,249.0,249,249
16676,108.666664,42,168
16678,96.27273,1,302
16679,697.0,697,697
16680,697.0,697,697
16681,54.5,26,83
16682,171.5,154,189
16684,697.0,697,697
16685,697.0,697,697
16686,144.0,44,256
16688,53.0,17,109
16689,697.0,697,697
16690,129.0,129,129
16693,31.0,31,31
16696,154.0,154,154
16697,697.0,697,697
16700,71.083336,17,272
16701,159.0,21,353
16705,116.888885,1,336
16706,95.5,2,189
16708,697.0,697,697
16709,113.666664,72,154
16710,135.25,55,232
16711,114.0,114,114
16712,159.42857,106,221
16713,114.0,5,230
16714,697.0,697,697
16717,113.0,10,312
16718,697.0,697,697
16719,110.5,53,323
16720,697.0,697,697
16721,697.0,697,697
16722,102.90909,27,228
16723,697.0,697,697
16725,139.4,64,278
16726,111.666664,67,170
16727,697.0,697,697
16728,72.666664,28,120
16729,103.94444,7,279
16730,133.5,85,182
16732,697.0,697,697
16734,62.0,62,62
16735,143.0,64,225
16738,697.0,697,697
16739,697.0,697,697
16743,120.2,42,291
16744,104.666664,28,170
16745,121.666664,10,275
16746,94.5625,10,249
16747,27.0,27,27
16748,169.0,95,284
16750,52.5,11,96
16751,697.0,697,697
16752,697.0,697,697
16753,697.0,697,697
16755,100.5,89,112
16756,697.0,697,697
16757,697.0,697,697
16758,697.0,697,697
16759,211.0,211,211
16761,697.0,697,697
16762,62.5,26,99
16763,697.0,697,697
16764,85.583336,5,249
16766,697.0,697,697
16767,64.14286,12,184
16768,112.0,56,168
16769,697.0,697,697
16770,152.0,45,307
16771,107.25,22,213
16773,697.0,697,697
16774,73.333336,26,158
16775,85.1,15,203
16776,697.0,697,697
16777,177.0,177,177
16778,7.0,7,7
16779,108.8,1,304
16780,159.0,159,159
16781,697.0,697,697
16782,91.818184,12,225
16784,697.0,697,697
16788,131.0,131,131
16789,697.0,697,697
16790,89.8,12,164
16791,96.6,1,225
16792,697.0,697,697
16793,697.0,697,697
16794,60.857143,16,145
16795,697.0,697,697
16796,697.0,697,697
16800,697.0,697,697
16801,67.666664,9,165
16803,697.0,697,697
16804,247.0,247,247
16805,187.0,187,187
16806,72.0,40,110
16807,80.0,16,144
16808,267.0,267,267
16809,59.75,46,72
16810,697.0,697,697
16811,194.0,194,194
16812,697.0,697,697
16813,107.0,14,281
16814,86.6,5,324
16816,104.5,45,164
16817,120.14286,1,509
16818,82.5,4,243
16820,697.0,697,697
16823,697.0,697,697
16824,149.0,149,149
16825,176.0,176,176
16826,697.0,697,697
16828,697.0,697,697
16829,697.0,697,697
16830,697.0,697,697
16833,150.0,140,160
16834,697.0,697,697
16835,420.0,420,420
16836,77.0,77,77
16837,110.6,19,187
16838,91.0,91,91
16839,107.13043,6,309
16841,99.2,14,222
16842,71.0,55,87
16843,84.5,1,285
16846,697.0,697,697
16847,697.0,697,697
16848,697.0,697,697
16849,697.0,697,697
16850,697.0,697,697
16851,89.0,9,169
16852,697.0,697,697
16855,20.0,20,20
16856,697.0,697,697
16858,697.0,697,697
16859,117.0,117,117
16861,217.0,217,217
16863,364.0,364,364
16866,175.0,77,273
16869,51.0,10,114
16871,62.0,8,180
16873,138.0,48,296
16875,108.666664,44,152
16877,39.2,7,145
16878,697.0,697,697
16880,146.2,105,245
16882,4.0,4,4
16883,420.0,420,420
16884,697.0,697,697
16885,171.0,36,306
16887,697.0,697,697
16889,111.5,95,128
16891,195.5,59,496
16892,61.0,35,104
16893,697.0,697,697
16895,697.0,697,697
16897,14.0,14,14
16898,259.5,151,368
16899,124.4,11,281
16900,133.0,133,133
16902,697.0,697,697
16903,697.0,697,697
16904,82.76923,3,273
16905,168.0,24,377
16906,69.0,14,124
16907,98.5,56,163
16909,697.0,697,697
16910,62.0,1,202
16912,115.0,33,246
16914,697.0,697,697
16915,110.333336,35,175
16916,642.0,642,642
16918,67.0,40,103
16919,85.6,7,229
16921,697.0,697,697
16923,117.0,14,271
16924,129.5,98,161
16926,697.0,697,697
16927,233.0,233,233
16928,127.625,6,374
16929,147.5,5,251
16930,276.0,276,276
16931,82.1579,7,272
16932,697.0,697,697
16933,120.0,120,120
16934,697.0,697,697
16936,697.0,697,697
16938,288.0,248,328
16940,118.5,117,120
16942,60.714287,9,169
16943,697.0,697,697
16945,106.25,20,218
16947,697.0,697,697
16948,187.0,187,187
16949,83.2,36,140
16950,98.0,98,98
16951,4.5,2,7
16952,697.0,697,697
16953,697.0,697,697
16954,99.666664,89,116
16955,285.5,36,535
16956,697.0,697,697
16957,42.0,42,42
16959,697.0,697,697
16960,275.5,272,279
16961,697.0,697,697
16963,697.0,697,697
16965,697.0,697,697
16967,697.0,697,697
16968,104.0,104,104
16969,298.0,298,298
16971,697.0,697,697
16978,697.0,697,697
16979,91.8,8,163
16980,36.0,36,36
16982,697.0,697,697
16983,174.33333,14,268
16984,335.0,335,335
16985,153.0,45,264
16986,697.0,697,697
16987,60.2,9,138
16988,697.0,697,697
16992,120.5,30,263
16996,79.5,27,142
16997,697.0,697,697
16998,697.0,697,697
16999,51.0,51,51
17001,56.2,22,123
17002,102.5,41,164
17004,76.0,76,76
17006,125.0,57,193
17007,129.75,46,262
17010,697.0,697,697
17011,697.0,697,697
17014,136.0,92,180
17015,64.0,43,85
17017,56.92857,2,155
17018,697.0,697,697
17019,178.0,69,250
17022,697.0,697,697
17025,697.0,697,697
17026,697.0,697,697
17027,87.75,33,161
17030,697.0,697,697
17031,113.0,113,113
17033,136.5,9,264
17034,135.5,63,208
17035,214.0,214,214
17037,697.0,697,697
17038,697.0,697,697
17040,697.0,697,697
17041,167.0,82,252
17042,57.5,8,88
17043,105.0,88,127
17045,72.0,72,72
17046,697.0,697,697
17047,120.0,120,120
17048,246.5,192,301
17049,63.857143,2,129
17050,58.2,7,103
17051,697.0,697,697
17052,697.0,697,697
17053,697.0,697,697
17054,68.666664,28,108
17058,79.0,40,118
17059,129.25,51,316
17060,697.0,697,697
17061,31.8,5,59
17062,87.666664,45,123
17063,89.333336,36,126
17064,164.0,65,263
17068,55.65,1,187
17069,150.0,4,342
17070,697.0,697,697
17071,44.57143,1,134
17073,30.666666,27,35
17075,100.0,27,236
17076,312.0,237,387
17078,697.0,697,697
17080,697.0,697,697
17081,697.0,697,697
17082,137.0,137,137
17083,191.5,186,197
17084,697.0,697,697
17085,59.75,8,157
17086,170.4,65,276
17088,80.333336,8,189
17090,177.0,66,288
17091,119.833336,30,191
17092,73.666664,37,128
17094,697.0,697,697
17095,238.5,200,277
17096,92.666664,16,144
17097,116.6,15,209
17100,697.0,697,697
17101,67.5,8,127
17105,87.0,87,87
17107,64.5,19,106
17109,129.0,92,188
17110,697.0,697,697
17111,697.0,697,697
17114,76.666664,28,198
17115,218.0,169,267
17117,697.0,697,697
17118,697.0,697,697
17119,151.0,151,151
17120,697.0,697,697
17122,697.0,697,697
17123,697.0,697,697
17124,697.0,697,697
17125,697.0,697,697
17126,149.5,63,236
17128,697.0,697,697
17131,111.0,28,194
17133,125.5,108,143
17134,158.0,158,158
17135,207.0,36,348
17138,697.0,697,697
17139,117.125,29,317
17140,697.0,697,697
17142,697.0,697,697
17144,35.0,35,35
17146,95.0,95,95
17147,106.333336,58,135
17148,697.0,697,697
17152,697.0,697,697
17153,697.0,697,697
17154,697.0,697,697
17155,697.0,697,697
17157,124.0,124,124
17158,104.5,81,128
17159,75.0,54,96
17160,77.8,11,220
17162,98.0,1,179
17164,30.75,2,72
17165,697.0,697,697
17166,129.0,129,129
17169,37.0,37,37
17171,697.0,697,697
17172,697.0,697,697
17173,86.4,15,227
17174,697.0,697,697
17175,176.0,97,293
17176,697.0,697,697
17179,91.5,54,129
17180,181.0,51,311
17181,697.0,697,697
17183,90.25,14,278
17187,697.0,697,697
17188,95.4,48,151
17189,253.0,253,253
17190,697.0,697,697
17191,172.75,87,295
17193,140.0,46,197
17194,697.0,697,697
17197,697.0,697,697
17198,307.0,184,430
17201,697.0,697,697
17203,99.0,8,190
17204,214.0,170,258
17205,697.0,697,697
17206,697.0,697,697
17211,91.14286,9,230
17213,88.8,3,172
17214,63.8,10,164
17217,697.0,697,697
17218,90.666664,4,256
17219,697.0,697,697
17220,77.44444,21,263
17221,27.0,27,27
17222,697.0,697,697
17223,235.0,235,235
17226,697.0,697,697
17227,161.66667,10,289
17228,111.42857,10,174
17229,102.0,102,102
17230,31.666666,5,46
17231,78.77778,12,180
17232,136.0,136,136
17233,697.0,697,697
17234,697.0,697,697
17235,640.0,640,640
17236,127.6,19,264
17237,11.0,11,11
17238,106.5,4,315
17239,697.0,697,697
17242,105.0,105,105
17243,116.59091,5,282
17244,697.0,697,697
17245,697.0,697,697
17247,697.0,697,697
17248,697.0,697,697
17250,81.0,81,81
17251,697.0,697,697
17252,697.0,697,697
17253,697.0,697,697
17254,196.0,196,196
17255,259.0,259,259
17256,697.0,697,697
17259,397.0,397,397
17262,697.0,697,697
17263,697.0,697,697
17265,135.0,135,135
17266,31.5,30,33
17267,697.0,697,697
17268,697.0,697,697
17272,108.0,63,153
17274,697.0,697,697
17277,95.0,95,95
17278,697.0,697,697
17279,697.0,697,697
17282,126.0,126,126
17284,61.4,11,135
17286,697.0,697,697
17287,127.8,48,196
17288,109.25,3,327
17289,119.5,61,178
17290,164.0,164,164
17293,123.14286,66,242
17295,154.0,154,154
17297,697.0,697,697
17298,697.0,697,697
17299,54.0,19,73
17301,697.0,697,697
17302,90.0,48,137
17303,697.0,697,697
17306,61.0,61,61
17309,697.0,697,697
17311,238.0,238,238
17312,697.0,697,697
17314,66.666664,21,149
17315,78.125,7,286
17320,222.5,136,309
17321,697.0,697,697
17323,59.5,4,166
17324,463.0,463,463
17325,697.0,697,697
17329,301.0,301,301
17333,697.0,697,697
17334,697.0,697,697
17337,153.0,30,276
17338,167.42857,30,353
17339,270.0,270,270
17340,119.57143,1,319
17341,299.0,299,299
17343,697.0,697,697
17344,697.0,697,697
17345,90.5,43,138
17346,118.92308,4,337
17348,156.25,14,226
17349,697.0,697,697
17350,146.0,6,286
17351,697.0,697,697
17356,697.0,697,697
17357,697.0,697,697
17358,257.0,257,257
17359,697.0,697,697
17360,108.0,108,108
17361,121.0,105,137
17362,43.0,43,43
17364,120.44444,13,285
17365,76.0,30,215
17367,697.0,697,697
17368,89.2,25,139
17370,32.333332,12,47
17371,697.0,697,697
17372,74.57143,2,251
17373,90.666664,31,178
17374,63.0,63,63
17375,81.0,49,113
17376,271.0,271,271
17377,123.94444,2,289
17379,697.0,697,697
17381,697.0,697,697
17383,697.0,697,697
17384,229.0,229,229
17385,697.0,697,697
17386,101.5,34,169
17387,162.0,162,162
17388,697.0,697,697
17389,88.57143,1,309
17392,168.0,168,168
17394,697.0,697,697
17396,697.0,697,697
17397,697.0,697,697
17398,45.0,45,45
17400,37.0,1,99
17402,126.833336,4,482
17403,697.0,697,697
17404,178.0,87,266
17405,58.5,47,70
17406,415.0,415,415
17409,94.0,94,94
17410,237.5,118,302
17411,124.5,63,186
17412,160.83333,6,307
17415,697.0,697,697
17416,44.4,18,78
17418,281.0,281,281
17419,115.8,11,310
17420,323.0,121,525
17422,116.0,11,276
17423,141.0,141,141
17425,697.0,697,697
17426,152.66667,84,240
17428,113.30769,6,221
17429,91.0,62,120
17430,302.0,302,302
17431,697.0,697,697
17432,283.0,283,283
17433,697.0,697,697
17434,119.833336,7,278
17436,107.0,107,107
17438,697.0,697,697
17442,87.8,11,120
17444,140.0,140,140
17446,697.0,697,697
17447,31.0,31,31
17449,83.8,19,138
17450,10.0,1,15
17451,48.5,24,104
17453,165.0,165,165
17454,55.666668,41,66
17455,697.0,697,697
17456,697.0,697,697
17457,37.0,37,37
17458,697.0,697,697
17459,17.0,17,17
17460,45.0,42,50
17461,37.0,37,37
17462,224.0,224,224
17463,74.25,33,127
17464,697.0,697,697
17466,68.0,68,68
17469,53.0,12,108
17470,146.75,32,296
17472,30.0,11,49
17475,697.0,697,697
17480,697.0,697,697
17481,181.0,120,258
17483,59.5,40,79
17486,697.0,697,697
17489,35.0,35,35
17490,76.5,8,109
17491,145.75,65,259
17492,697.0,697,697
17495,32.0,32,32
17496,697.0,697,697
17498,697.0,697,697
17499,697.0,697,697
17501,697.0,697,697
17502,25.0,9,41
17503,182.0,182,182
17504,31.6,2,81
17505,131.0,131,131
17506,697.0,697,697
17507,21.0,21,21
17508,697.0,697,697
17509,47.5,3,92
17510,697.0,697,697
17511,99.47619,4,250
17512,84.0,11,259
17514,697.0,697,697
17515,66.0,50,86
17516,99.333336,14,186
17517,697.0,697,697
17519,105.6,33,284
17520,697.0,697,697
17521,84.0,14,154
17522,46.75,12,112
17523,8.0,8,8
17524,697.0,697,697
17525,697.0,697,697
17526,121.0,93,149
17527,55.0,27,109
17528,58.0,6,102
17530,67.5,7,156
17531,697.0,697,697
17534,697.0,697,697
17535,697.0,697,697
17537,39.0,39,39
17538,697.0,697,697
17540,292.0,292,292
17542,697.0,697,697
17545,697.0,697,697
17548,697.0,697,697
17550,131.0,131,131
17551,697.0,697,697
17552,302.5,11,594
17554,58.75,13,103
17555,80.0,80,80
17556,697.0,697,697
17557,33.5,30,37
17560,49.0,49,49
17561,697.0,697,697
17562,46.166668,12,123
17564,28.0,20,36
17566,306.0,306,306
17567,121.57143,15,369
17569,697.0,697,697
17571,124.0,95,153
17572,272.33334,96,458
17573,47.0,26,68
17574,697.0,697,697
17576,92.23529,1,280
17578,697.0,697,697
17579,58.0,42,74
17580,46.0,46,46
17581,127.22222,31,336
17582,697.0,697,697
17584,55.0,55,55
17585,65.0,41,93
17588,697.0,697,697
17589,78.666664,23,185
17590,78.0,23,133
17591,73.666664,19,196
17593,87.5,22,186
17594,169.0,169,169
17595,289.0,289,289
17596,131.66667,16,326
17597,697.0,697,697
17600,697.0,697,697
17601,697.0,697,697
17602,85.6,20,170
17603,697.0,697,697
17604,125.0,125,125
17608,697.0,697,697
17609,99.0,5,259
17611,98.23077,4,236
17612,110.8,36,202
17613,54.8,21,128
17614,697.0,697,697
17615,133.5,132,135
17618,82.5,22,143
17619,697.0,697,697
17621,166.5,42,291
17623,697.0,697,697
17624,204.0,204,204
17625,79.666664,33,117
17629,115.666664,2,212
17630,63.0,63,63
17631,56.5,18,95
17633,51.0,32,72
17634,87.25,30,226
17636,697.0,697,697
17637,5.0,5,5
17642,175.0,175,175
17643,697.0,697,697
17644,89.28571,25,195
17646,102.5,33,172
17647,697.0,697,697
17648,94.5,57,132
17649,697.0,697,697
17651,66.5,8,132
17652,120.90909,17,217
17653,2.0,2,2
17654,697.0,697,697
17655,130.66667,30,355
17656,87.25,8,162
17658,697.0,697,697
17659,95.0,5,307
17660,697.0,697,697
17663,116.0,36,276
17664,16.0,16,16
17666,33.0,33,33
17667,239.66667,93,332
17668,213.0,213,213
17669,41.0,7,78
17670,697.0,697,697
17671,287.33334,201,449
17672,232.0,232,232
17673,72.6,24,124
17674,697.0,697,697
17675,111.46154,3,313
17676,139.4,106,212
17677,134.3077,13,281
17678,697.0,697,697
17679,697.0,697,697
17680,697.0,697,697
17682,108.6,4,357
17684,697.0,697,697
17685,142.2,15,336
17686,142.5,49,220
17690,106.916664,13,273
17691,187.0,187,187
17692,94.666664,19,199
17693,697.0,697,697
17694,697.0,697,697
17695,40.0,40,40
17696,89.833336,1,264
17697,697.0,697,697
17698,697.0,697,697
17700,167.0,118,216
17701,697.0,697,697
17702,39.0,19,55
17703,81.0,29,133
17704,71.0,71,71
17705,79.375,15,224
17706,86.818184,5,195
17707,5.0,5,5
17708,107.0,107,107
17709,697.0,697,697
17711,279.0,279,279
17712,697.0,697,697
17714,697.0,697,697
17716,46.857143,11,97
17718,697.0,697,697
17719,82.14286,2,226
17720,99.5,87,112
17722,80.0,34,160
17723,697.0,697,697
17724,33.5,9,58
17725,25.1,12,34
17727,697.0,697,697
17728,80.0,33,127
17730,63.666668,7,200
17731,189.5,182,197
17732,697.0,697,697
17733,71.0,71,71
17734,90.0,83,97
17735,67.94118,1,198
17736,697.0,697,697
17737,10.0,10,10
17738,145.0,129,161
17739,160.8,119,291
17742,697.0,697,697
17744,97.6,8,255
17746,697.0,697,697
17749,78.0,78,78
17750,27.0,17,34
17754,122.5,71,213
17757,110.13793,2,272
17758,58.6,16,145
17759,152.0,152,152
17760,675.0,675,675
17761,697.0,697,697
17763,697.0,697,697
17764,46.0,46,46
17765,41.0,36,46
17767,697.0,697,697
17768,82.5,15,150
17769,68.0,4,156
17770,111.0,111,111
17771,267.0,267,267
17772,697.0,697,697
17774,97.333336,89,104
17777,38.0,15,61
17779,61.0,56,66
17781,697.0,697,697
17783,116.0,116,116
17785,697.0,697,697
17786,232.0,232,232
17787,191.33333,66,314
17789,697.0,697,697
17790,96.454544,4,289
17791,697.0,697,697
17793,697.0,697,697
17795,85.0,85,85
17796,321.33334,214,477
17797,42.0,42,42
17799,118.625,3,312
17800,112.75,26,252
17802,370.5,79,662
17805,697.0,697,697
17806,697.0,697,697
17809,310.5,288,333
17811,87.62162,1,289
17812,177.66667,3,317
17813,193.0,111,318
17816,100.0,56,184
17817,52.0,52,52
17819,340.0,340,340
17824,697.0,697,697
17827,297.0,206,388
17828,51.5,16,87
17829,697.0,697,697
17830,84.5,27,142
17831,697.0,697,697
17832,697.0,697,697
17835,77.5,14,141
17836,697.0,697,697
17837,64.42857,7,184
17838,159.75,4,262
17839,697.0,697,697
17841,56.045044,1,321
17843,697.0,697,697
17844,697.0,697,697
17848,45.5,20,80
17849,103.0,103,103
17850,31.0,31,31
17852,697.0,697,697
17854,71.0,71,71
17855,697.0,697,697
17856,48.0,48,48
17858,134.42857,52,256
17859,697.0,697,697
17860,697.0,697,697
17861,75.166664,35,156
17862,697.0,697,697
17863,109.4,51,266
17864,42.5,18,67
17865,61.285713,6,222
17866,697.0,697,697
17867,697.0,697,697
17869,146.0,19,387
17870,58.142857,12,136
17871,697.0,697,697
17873,205.33333,45,415
17874,49.5,30,69
17877,697.0,697,697
17878,697.0,697,697
17879,697.0,697,697
17880,697.0,697,697
17881,697.0,697,697
17883,103.333336,72,166
17884,152.33333,92,204
17885,697.0,697,697
17886,64.5,39,90
17887,697.0,697,697
17888,186.4,40,302
17889,288.0,288,288
17890,39.0,39,39
17891,697.0,697,697
17892,98.0,98,98
17893,697.0,697,697
17894,59.0,1,173
17895,697.0,697,697
17897,262.0,181,343
17898,122.0,122,122
17899,697.0,697,697
17900,697.0,697,697
17901,697.0,697,697
17904,697.0,697,697
17905,344.0,344,344
17906,697.0,697,697
17908,697.0,697,697
17911,697.0,697,697
17912,56.5,50,63
17913,356.0,356,356
17914,697.0,697,697
17917,158.5,106,211
17919,697.0,697,697
17920,103.3125,3,320
17921,50.666668,14,104
17924,235.0,235,235
17926,70.0,70,70
17928,113.0,113,113
17930,84.75,60,111
17931,121.0,121,121
17932,141.5,114,169
17934,697.0,697,697
17935,3.0,3,3
17936,697.0,697,697
17937,697.0,697,697
17939,697.0,697,697
17942,697.0,697,697
17946,26.0,26,26
17947,697.0,697,697
17950,381.0,381,381
17951,328.5,319,338
17954,82.8,5,308
17955,697.0,697,697
17957,697.0,697,697
17958,697.0,697,697
17960,697.0,697,697
17961,71.0,6,312
17962,697.0,697,697
17964,545.0,545,545
17965,134.81818,1,445
17966,697.0,697,697
17967,697.0,697,697
17968,697.0,697,697
17969,697.0,697,697
17970,697.0,697,697
17972,697.0,697,697
17973,697.0,697,697
17974,112.0,20,204
17975,64.083336,9,137
17976,697.0,697,697
17977,697.0,697,697
17978,697.0,697,697
17979,82.5,74,91
17980,97.0,39,155
17984,697.0,697,697
17985,697.0,697,697
17986,697.0,697,697
17987,697.0,697,697
17988,314.0,314,314
17990,125.0,125,125
17994,237.33333,216,254
17995,697.0,697,697
17997,87.42857,5,181
17999,183.0,183,183
18001,74.0,74,74
18004,697.0,697,697
18005,133.0,133,133
18006,697.0,697,697
18008,55.0,55,55
18009,697.0,697,697
18010,697.0,697,697
18011,697.0,697,697
18013,697.0,697,697
18014,697.0,697,697
18015,697.0,697,697
18016,106.5,77,129
18018,91.0,91,91
18022,697.0,697,697
18024,697.0,697,697
18027,697.0,697,697
18030,169.0,169,169
18032,697.0,697,697
18033,697.0,697,697
18034,697.0,697,697
18035,199.0,199,199
18036,34.0,22,46
18037,697.0,697,697
18040,108.0,108,108
18041,82.44444,5,262
18042,697.0,697,697
18043,230.0,182,278
18044,74.42857,6,186
18045,697.0,697,697
18048,697.0,697,697
18050,697.0,697,697
18053,697.0,697,697
18055,104.888885,17,261
18056,697.0,697,697
18059,125.5,21,230
18061,137.0,75,195
18062,97.0,88,106
18064,697.0,697,697
18065,98.4,8,155
18066,697.0,697,697
18067,697.0,697,697
18069,88.25,3,232
18071,196.0,196,196
18072,697.0,697,697
18073,50.857143,1,162
18074,697.0,697,697
18075,91.22222,6,242
18077,87.3,8,150
18078,72.0,72,72
18079,193.0,193,193
18081,140.0,140,140
18082,697.0,697,697
18085,366.0,366,366
18086,697.0,697,697
18088,697.0,697,697
18092,104.5,85,124
18093,697.0,697,697
18094,70.0,53,102
18095,274.0,274,274
18096,70.5,46,95
18097,81.333336,10,149
18099,697.0,697,697
18101,132.0,132,132
18102,184.25,123,225
18104,697.0,697,697
18105,697.0,697,697
18106,697.0,697,697
18108,697.0,697,697
18109,141.86957,10,317
18110,697.0,697,697
18112,154.0,154,154
18114,697.0,697,697
18116,37.833332,7,65
18117,697.0,697,697
18118,79.44,3,273
18119,697.0,697,697
18120,697.0,697,697
18121,25.0,25,25
18122,165.8,30,309
18123,96.0,96,96
18125,85.666664,21,142
18126,697.0,697,697
18127,114.0,114,114
18129,697.0,697,697
18130,21.0,13,29
18135,123.5,21,226
18136,231.5,148,315
18138,697.0,697,697
18139,1.0,1,1
18142,697.0,697,697
18143,25.0,25,25
18144,143.4,11,336
18145,100.0,75,117
18146,139.0,139,139
18147,697.0,697,697
18149,90.0,90,90
18150,36.0,11,61
18151,155.0,155,155
18154,137.0,137,137
18155,108.0,95,121
18156,564.0,564,564
18158,9.0,9,9
18159,697.0,697,697
18160,143.0,143,143
18161,107.0,20,199
18164,697.0,697,697
18165,697.0,697,697
18167,178.0,137,219
18168,177.4,28,306
18169,697.0,697,697
18170,72.0,69,75
18171,128.0,93,163
18172,132.0,26,256
18173,105.0,35,167
18176,697.0,697,697
18177,31.8,1,96
18178,67.666664,28,141
18179,120.5,44,201
18180,88.25,6,182
18181,697.0,697,697
18183,160.0,160,160
18185,697.0,697,697
18188,137.5,62,213
18189,190.0,190,190
18190,138.0,138,138
18192,697.0,697,697
18193,697.0,697,697
18196,76.0,76,76
18198,39.285713,6,149
18200,697.0,697,697
18202,142.0,142,142
18203,697.0,697,697
18204,60.5,38,83
18205,199.0,199,199
18209,697.0,697,697
18210,76.8,8,216
18211,41.0,18,53
18212,697.0,697,697
18213,697.0,697,697
18215,697.0,697,697
18216,697.0,697,697
18217,11.0,11,11
18218,697.0,697,697
18219,94.375,19,185
18221,89.5,10,160
18222,697.0,697,697
18223,68.416664,4,174
18224,697.0,697,697
18225,72.63636,1,293
18226,93.7,28,189
18227,697.0,697,697
18228,23.0,23,23
18229,72.066666,7,212
18230,103.5,10,271
18231,24.0,5,43
18232,54.666668,5,135
18235,98.0,40,156
18236,95.8,20,225
18237,102.0,63,133
18239,149.0,42,343
18241,64.26667,1,255
18242,127.5,124,131
18245,161.75,43,308
18246,697.0,697,697
18248,94.0,94,94
18249,697.0,697,697
18250,697.0,697,697
18252,121.0,121,121
18255,697.0,697,697
18257,96.166664,6,235
18259,399.0,399,399
18260,105.2,29,259
18261,171.0,171,171
18262,697.0,697,697
18263,184.0,184,184
18265,174.0,174,174
18269,697.0,697,697
18270,66.0,66,66
18272,114.8,67,223
18274,697.0,697,697
18276,697.0,697,697
18277,697.0,697,697
18278,697.0,697,697
18280,697.0,697,697
18281,697.0,697,697
18282,85.0,85,85
18283,59.615383,7,171
18287,202.0,202,202
