CustomerID,Distinct Products
12347,66
12349,35
12350,15
12352,31
12353,2
12354,25
12355,4
12356,12
12357,41
12358,5
12359,81
12360,70
12361,9
12362,120
12363,6
12364,21
12365,16
12367,6
12370,81
12371,33
12372,16
12373,7
12374,14
12375,8
12377,45
12378,123
12379,32
12380,48
12381,40
12383,41
12384,11
12386,3
12388,32
12390,11
12391,22
12393,34
12394,15
12395,47
12397,58
12398,34
12399,18
12401,1
12402,10
12405,22
12406,40
12407,22
12408,57
12409,2
12410,10
12412,14
12413,16
12414,5
12415,8
12417,66
12418,9
12420,10
12421,20
12422,33
12423,58
12424,8
12425,20
12426,20
12427,16
12428,116
12429,38
12430,5
12431,87
12432,42
12433,76
12434,16
12436,4
12437,68
12438,40
12441,6
12442,4
12444,74
12445,1
12446,33
12447,19
12448,12
12449,76
12450,5
12451,121
12452,12
12453,25
12455,38
12456,54
12457,24
12458,17
12461,21
12462,29
12463,40
12464,1
12465,32
12468,21
12471,78
12472,141
12473,74
12474,149
12475,18
12476,80
12477,94
12478,16
12479,12
12480,88
12481,62
12483,21
12484,146
12488,25
12489,7
12490,82
12491,14
12492,11
12493,14
12494,39
12498,13
12500,13
12501,78
12502,44
12507,6
12508,33
12509,3
12510,21
12512,4
12513,20
12514,36
12515,5
12516,2
12517,160
12518,44
12519,13
12520,65
12521,29
12522,4
12523,43
12524,45
12526,44
12527,8
12528,21
12530,25
12531,13
12532,12
12534,38
12535,10
12536,145
12538,8
12539,91
12540,131
12541,20
12544,15
12545,28
12546,45
12547,1
12548,4
12550,26
12551,10
12552,5
12553,63
12556,43
12558,2
12559,10
12560,53
12561,8
12562,68
12564,10
12565,7
12566,4
12567,193
12569,50
12571,14
12572,20
12573,11
12574,7
12576,51
12577,45
12578,78
12579,19
12580,20
12581,10
12582,11
12583,54
12584,12
12585,34
12586,4
12587,1
12588,3
12589,15
12591,18
12592,5
12593,12
12594,32
12596,9
12597,88
12598,40
12599,17
12600,15
12601,16
12602,5
12604,6
12607,52
12609,30
12610,48
12611,39
12612,3
12613,78
12614,6
12615,46
12616,19
12617,27
12618,3
12619,15
12620,44
12621,158
12622,7
12623,13
12624,15
12625,20
12626,146
12627,112
12628,16
12630,38
12631,16
12633,42
12635,54
12637,128
12638,14
12639,14
12640,24
12641,5
12642,18
12643,1
12644,11
12645,39
12646,11
12647,39
12648,13
12649,14
12650,6
12651,5
12652,33
12653,11
12654,25
12656,36
12657,13
12658,15
12659,2
12660,9
12662,93
12664,3
12665,1
12667,14
12668,72
12669,66
12670,33
12672,6
12673,23
12674,22
12676,13
12678,13
12679,29
12680,19
12681,157
12682,131
12683,108
12684,31
12685,74
12686,3
12688,52
12689,44
12690,8
12691,15
12693,16
12694,10
12695,6
12697,18
12700,119
12701,17
12702,3
12703,19
12704,36
12705,122
12707,22
12708,50
12709,35
12710,42
12712,24
12713,19
12714,117
12715,18
12716,37
12717,33
12718,8
12719,17
12720,121
12721,64
12722,24
12723,21
12724,30
12725,11
12726,25
12727,49
12728,21
12729,14
12731,23
12732,7
12733,13
12735,17
12738,4
12739,14
12740,13
12743,13
12744,50
12747,22
12748,678
12749,74
12750,5
12752,1
12753,3
12757,128
12758,30
12759,47
12762,31
12763,7
12764,21
12766,112
12769,10
12772,26
12775,19
12778,15
12779,40
12781,3
12782,52
12783,42
12784,26
12785,11
12787,8
12790,9
12792,21
12793,15
12794,24
12795,6
12797,7
12802,9
12808,18
12809,12
12811,24
12812,9
12815,20
12816,11
12818,5
12820,33
12821,4
12822,26
12824,13
12826,38
12827,11
12828,24
12829,1
12831,5
12832,17
12833,8
12834,7
12836,56
12837,4
12838,55
12839,61
12840,51
12841,109
12842,11
12843,32
12844,16
12847,19
12849,17
12851,10
12852,10
12853,39
12854,61
12855,3
12856,108
12857,23
12863,1
12864,1
12865,47
12866,14
12867,131
12868,39
12871,4
12872,44
12876,30
12877,33
12878,31
12879,2
12881,1
12883,10
12884,3
12885,39
12886,40
12888,1
12890,28
12893,12
12895,14
12901,10
12902,5
12904,21
12906,17
12909,36
12910,20
12912,3
12913,10
12915,6
12916,24
12919,26
12920,4
12921,163
12922,18
12923,8
12924,7
12925,27
12928,37
12929,2
12930,9
12931,1
12933,42
12935,46
12936,24
12937,36
12938,5
12940,48
12942,22
12944,20
12945,12
12947,41
12948,50
12949,97
12951,37
12952,33
12953,8
12955,41
12956,6
12957,120
12962,11
12963,44
12965,44
12966,7
12967,1
12968,2
12970,23
12971,51
12974,2
12976,6
12981,10
12982,20
12984,3
12985,34
12987,13
12988,15
12989,11
12990,6
12991,15
12993,21
12994,23
12997,23
12999,17
13000,14
13001,102
13002,5
13003,3
13004,149
13005,7
13008,11
13011,2
13012,41
13013,89
13014,39
13015,80
13016,22
13018,195
13021,50
13023,11
13026,4
13028,22
13029,7
13030,32
13032,30
13033,9
13034,30
13035,14
13037,19
13038,13
13040,24
13043,4
13044,7
13045,13
13046,16
13047,49
13048,58
13049,4
13050,137
13052,5
13055,40
13059,5
13060,9
13061,4
13062,3
13064,29
13065,6
13066,16
13067,7
13069,131
13070,7
13072,3
13075,7
13077,41
13078,40
13079,1
13080,1
13081,244
13082,33
13083,6
13085,9
13089,299
13090,53
13091,7
13092,6
13093,30
13095,2
13097,104
13098,49
13101,3
13102,76
13103,4
13104,8
13107,15
13108,2
13109,21
13110,35
13113,63
13115,53
13116,8
13117,34
13118,38
13120,1
13121,37
13122,39
13124,96
13126,49
13127,9
13130,1
13131,20
13132,2
13133,2
13134,45
13136,55
13137,191
13138,21
13139,62
13140,18
13141,76
13142,10
13144,2
13145,2
13146,10
13148,97
13149,37
13151,33
13153,4
13155,34
13157,38
13158,46
13159,58
13160,1
13161,3
13162,19
13165,7
13166,31
13167,21
13168,48
13169,2
13170,7
13171,14
13173,12
13174,126
13176,19
13177,13
13178,70
13182,3
13183,28
13184,49
13186,39
13187,10
13189,2
13192,29
13193,9
13194,1
13196,53
13198,119
13199,11
13200,18
13203,19
13207,3
13208,69
13209,155
13210,17
13211,17
13212,34
13213,43
13216,1
13218,3
13220,3
13221,21
13223,4
13224,59
13226,10
13227,6
13229,6
13230,155
13232,66
13233,8
13235,38
13236,8
13238,14
13239,12
13240,35
13242,12
13243,33
13244,9
13245,2
13246,61
13247,9
13248,14
13249,5
13253,8
13255,5
13258,14
13259,20
13260,2
13262,5
13263,178
13265,26
13266,38
13267,54
13268,125
13269,78
13271,15
13272,4
13273,10
13276,10
13278,23
13279,5
13280,46
13282,16
13283,5
13284,6
13285,100
13291,16
13292,14
13294,23
13295,8
13296,2
13297,24
13299,3
13300,14
13301,44
13304,10
13305,22
13307,1
13308,31
13309,43
13310,39
13311,3
13313,34
13314,15
13316,3
13317,50
13318,5
13319,125
13320,58
13321,3
13322,11
13324,3
13325,3
13327,42
13328,2
13329,3
13330,25
13332,15
13334,140
13336,30
13338,9
13339,21
13340,11
13341,24
13343,8
13344,67
13345,15
13348,10
13349,7
13350,15
13351,9
13352,14
13354,31
13355,25
13356,20
13357,44
13358,10
13359,9
13362,68
13363,27
13364,9
13365,73
13368,15
13369,8
13370,24
13372,12
13373,66
13375,18
13376,31
13379,33
13381,36
13382,12
13384,47
13385,12
13388,21
13389,23
13390,8
13394,63
13395,8
13396,21
13397,16
13398,10
13402,16
13403,2
13404,7
13405,11
13408,48
13410,7
13411,10
13414,8
13417,8
13418,95
13419,6
13420,4
13421,54
13422,78
13425,27
13426,30
13427,10
13428,15
13429,23
13430,20
13431,17
13434,3
13435,17
13436,6
13437,65
13439,33
13441,7
13447,29
13448,76
13449,8
13450,16
13451,196
13453,9
13455,23
13456,16
13458,136
13460,4
13461,4
13462,6
13464,24
13466,11
13467,38
13468,100
13470,7
13471,119
13473,4
13474,25
13475,40
13476,25
13477,27
13479,2
13481,63
13482,7
13483,6
13485,16
13486,47
13487,14
13488,156
13489,8
13491,30
13492,18
13494,7
13495,16
13496,18
13497,13
13499,12
13500,31
13501,23
13502,7
13503,6
13504,8
13505,104
13506,15
13507,74
13508,5
13509,3
13510,46
13512,4
13513,6
13514,2
13515,33
13516,23
13517,66
13518,27
13519,1
13520,22
13521,77
13522,3
13523,62
13524,11
13525,2
13527,61
13529,3
13531,9
13532,10
13533,27
13534,77
13536,37
13539,18
13544,7
13546,40
13548,40
13549,27
13552,32
13555,36
13557,15
13558,43
13560,15
13562,22
13563,9
13564,31
13565,26
13566,66
13568,13
13569,16
13570,9
13571,85
13572,12
13573,9
13575,32
13576,27
13577,39
13579,7
13581,4
13583,26
13584,4
13587,3
13588,51
13589,7
13590,41
13591,31
13592,7
13593,37
13594,9
13596,32
13598,5
13599,80
13600,5
13601,46
13602,16
13603,4
13606,11
13607,39
13610,62
13611,34
13614,60
13615,13
13617,18
13618,4
13621,11
13623,14
13626,13
13627,35
13629,5
13630,26
13632,70
13634,64
13635,37
13636,30
13637,52
13638,5
13639,20
13642,10
13643,19
13644,65
13645,1
13647,38
13649,15
13650,49
13651,3
13652,27
13654,87
13655,22
13656,30
13657,10
13658,60
13659,52
13662,24
13663,5
13666,2
13667,15
13668,179
13669,2
13670,8
13672,1
13673,20
13675,14
13680,98
13681,23
13684,5
13686,8
13689,1
13690,2
13692,4
13694,11
13695,33
13697,6
13699,3
13700,66
13704,47
13705,16
13706,12
13707,24
13708,21
13709,117
13710,4
13711,2
13712,6
13715,70
13716,13
13717,29
13718,4
13719,37
13720,24
13721,13
13722,35
13725,51
13726,17
13727,13
13728,13
13730,17
13731,21
13732,15
13735,79
13736,52
13737,12
13740,8
13741,15
13742,76
13743,4
13744,12
13745,4
13748,11
13750,5
13751,4
13752,28
13753,24
13754,6
13755,66
13756,24
13758,59
13759,14
13760,24
13761,36
13762,1
13764,100
13767,21
13769,41
13771,67
13772,74
13774,13
13777,15
13778,4
13780,28
13781,10
13782,49
13784,1
13786,2
13787,15
13790,7
13792,9
13798,3
13799,27
13800,24
13801,13
13802,10
13803,12
13804,63
13806,3
13807,3
13808,40
13809,3
13810,17
13812,21
13813,25
13814,18
13815,86
13816,15
13817,14
13819,8
13821,28
13822,46
13823,14
13824,18
13826,3
13827,11
13828,9
13831,25
13832,3
13833,9
13835,32
13837,7
13838,26
13842,67
13844,17
13845,4
13846,34
13849,61
13850,68
13851,34
13853,10
13854,9
13856,8
13858,6
13859,14
13860,37
13862,68
13863,12
13865,15
13866,3
13867,22
13868,13
13869,134
13870,40
13871,88
13873,6
13874,8
13875,51
13876,3
13877,1
13878,9
13880,81
13881,18
13882,9
13883,62
13884,25
13885,14
13886,8
13887,7
13888,19
13889,3
13890,44
13892,8
13893,2
13894,15
13895,54
13897,9
13898,7
13899,16
13900,20
13901,64
13904,16
13908,63
13911,68
13914,17
13917,8
13918,18
13919,8
13922,1
13923,9
13924,40
13925,11
13926,6
13927,9
13928,8
13929,2
13930,6
13931,37
13932,9
13933,13
13934,16
13936,15
13937,5
13938,4
13939,15
13940,21
13941,8
13946,1
13947,4
13948,1
13949,51
13950,18
13951,23
13952,59
13953,2
13954,12
13955,13
13956,49
13959,26
13960,8
13962,4
13963,14
13969,201
13971,74
13972,6
13973,6
13974,19
13975,149
13976,3
13978,4
13979,35
13980,2
13982,47
13983,45
13984,8
13985,78
13986,7
13988,82
13989,12
13990,8
13991,23
13992,3
13993,30
13994,59
13995,29
13999,72
14000,5
14001,12
14002,7
14004,59
14005,18
14006,13
14009,26
14012,2
14013,22
14014,4
14015,10
14016,72
14019,26
14020,21
14021,10
14022,15
14023,17
14024,9
14027,5
14029,4
14030,84
14031,40
14032,30
14034,22
14035,25
14036,16
14037,8
14038,51
14039,4
14040,60
14041,7
14044,34
14046,1
14047,6
14048,43
14049,184
14050,30
14051,22
14052,5
14053,1
14054,5
14055,4
14056,164
14057,91
14059,5
14060,28
14062,14
14064,30
14066,5
14067,11
14068,10
14071,64
14073,8
14075,15
14076,8
14077,14
14078,16
14079,2
14080,4
14081,52
14082,12
14083,54
14085,155
14087,18
14088,47
14089,3
14092,74
14093,41
14096,373
14098,6
14099,78
14100,12
14102,15
14104,5
14105,36
14107,29
14108,14
14109,5
14110,64
14111,2
14112,81
14113,12
14114,10
14116,34
14121,83
14125,85
14126,7
14127,20
14128,24
14129,21
14130,42
14132,59
14133,15
14135,38
14138,18
14139,13
14140,40
14141,16
14142,13
14143,4
14146,111
14147,1
14149,21
14150,6
14152,25
14154,30
14155,1
14156,331
14157,22
14158,10
14159,215
14161,52
14162,12
14163,12
14164,12
14165,10
14167,6
14171,22
14173,14
14174,20
14175,67
14176,23
14177,8
14178,51
14179,44
14180,25
14184,10
14188,14
14189,86
14191,70
14193,24
14194,131
14196,2
14198,15
14199,1
14201,20
14204,8
14205,10
14206,14
14208,4
14209,15
14210,36
14211,61
14214,41
14215,60
14216,22
14217,22
14218,9
14219,2
14220,7
14221,61
14222,23
14223,20
14224,42
14226,21
14227,77
14229,18
14231,35
14232,47
14233,11
14234,34
14235,24
14236,3
14237,3
14238,4
14239,48
14240,20
14241,5
14242,8
14243,47
14245,61
14246,38
14247,9
14248,5
14250,56
14251,14
14256,27
14257,53
14258,1
14259,2
14261,24
14262,63
14264,3
14265,3
14267,10
14270,13
14271,4
14272,6
14273,16
14276,35
14277,94
14280,3
14282,53
14284,7
14285,6
14286,101
14287,2
14288,13
14289,15
14290,49
14291,63
14292,33
14293,27
14295,3
14297,30
14298,259
14299,50
14300,3
14301,2
14304,7
14305,67
14306,4
14307,88
14309,48
14311,11
14312,37
14314,1
14315,37
14317,16
14320,21
14321,27
14323,18
14326,4
14327,6
14329,140
14331,18
14332,9
14333,1
14334,51
14335,23
14336,36
14338,16
14339,10
14340,5
14341,61
14342,8
14344,18
14345,1
14346,20
14348,12
14349,11
14350,14
14352,22
14353,5
14354,5
14355,7
14356,20
14357,19
14359,28
14360,58
14362,19
14364,20
14367,160
14368,2
14371,1
14373,1
14375,12
14377,1
14379,17
14381,32
14382,35
14383,19
14385,9
14386,5
14387,73
14388,82
14389,21
14390,64
14395,99
14396,37
14397,9
14400,16
14401,23
14404,29
14406,4
14407,28
14408,29
14409,18
14410,80
14411,1
14412,13
14413,8
14414,11
14415,167
14416,8
14418,52
14419,58
14420,17
14421,6
14422,96
14426,90
14427,9
14428,35
14431,11
14432,96
14436,2
14437,5
14438,9
14439,1
14440,17
14441,14
14442,14
14443,56
14446,69
14447,40
14448,10
14449,72
14450,13
14451,60
14452,17
14453,3
14456,160
14459,9
14461,80
14462,90
14465,16
14466,15
14467,45
14470,14
14472,82
14473,3
14474,9
14475,22
14476,8
14479,11
14480,7
14481,12
14482,32
14483,7
14484,5
14485,12
14487,62
14488,24
14489,28
14491,10
14493,53
14494,5
14495,6
14496,8
14497,12
14498,98
14499,68
14500,1
14501,2
14502,110
14503,74
14504,24
14505,294
14506,77
14507,40
14508,10
14511,31
14512,13
14514,27
14515,38
14517,6
14518,3
14520,1
14522,1
14523,4
14524,56
14525,89
14527,116
14528,8
14529,30
14530,67
14532,10
14533,17
14534,142
14535,154
14536,4
14537,8
14538,14
14539,16
14540,21
14541,25
14543,8
14544,50
14546,134
14547,107
14549,19
14550,19
14551,1
14552,19
14553,37
14554,77
14555,9
14557,1
14560,14
14561,38
14562,100
14565,66
14567,23
14569,4
14570,11
14572,124
14573,42
14576,1
14577,67
14578,6
14581,6
14582,1
14583,62
14584,46
14585,13
14586,3
14587,84
14591,47
14592,29
14593,44
14594,24
14595,51
14597,9
14598,36
14600,11
14601,4
14606,267
14607,2
14618,3
14619,10
14620,11
14621,51
14622,11
14623,40
14624,8
14625,21
14626,64
14628,6
14629,38
14631,20
14632,5
14633,7
14636,21
14638,6
14639,59
14640,49
14641,4
14643,4
14644,13
14645,15
14646,66
14647,14
14649,40
14651,38
14652,2
14653,76
14655,7
14656,17
14657,58
14658,8
14659,89
14660,11
14661,1
14662,33
14664,40
14665,38
14666,6
14667,155
14669,99
14670,44
14672,32
14673,28
14675,38
14676,2
14680,28
14681,2
14684,78
14687,8
14688,74
14689,10
14690,19
14691,20
14692,38
14693,6
14696,58
14697,6
14698,75
14699,3
14700,59
14701,117
14702,101
14703,18
14704,92
14708,10
14709,41
14710,44
14711,90
14712,7
14713,99
14714,6
14715,30
14716,16
14719,80
14720,9
14722,10
14723,57
14725,14
14727,5
14729,28
14730,103
14731,24
14732,46
14733,26
14735,56
14737,4
14738,21
14739,10
14740,70
14741,19
14744,7
14745,30
14747,8
14748,55
14752,1
14753,18
14754,19
14755,61
14756,15
14757,9
14758,18
14759,35
14760,4
14761,9
14762,7
14764,1
14765,6
14766,64
14768,2
14769,365
14770,21
14772,5
14775,29
14776,14
14778,22
14779,14
14780,15
14782,5
14784,9
14788,12
14789,1
14790,17
14793,7
14794,38
14796,140
14798,6
14799,2
14800,123
14801,6
14803,11
14804,6
14805,1
14806,3
14808,74
14810,77
14813,11
14815,26
14817,41
14818,21
14819,7
14820,13
14821,2
14823,5
14824,8
14825,55
14829,20
14830,13
14834,24
14836,4
14837,63
14840,3
14841,48
14842,80
14844,39
14847,9
14849,85
14850,5
14851,17
14852,55
14853,5
14854,50
14855,5
14856,39
14857,27
14859,30
14860,3
14862,24
14863,10
14865,1
14867,19
14868,78
14869,29
14870,9
14871,28
14873,15
14875,26
14878,36
14880,22
14881,6
14882,3
14883,23
14886,11
14888,19
14889,7
14890,5
14891,22
14893,43
14894,12
14895,134
14896,22
14897,23
14898,47
14901,43
14902,9
14903,148
14904,12
14905,7
14907,76
14908,3
14910,19
14911,976
14912,8
14913,28
14915,8
14916,42
14918,10
14920,35
14921,54
14923,21
14924,5
14929,7
14930,56
14931,17
14932,3
14934,43
14936,103
14937,23
14944,42
14947,7
14948,28
14950,8
14951,7
14952,39
14953,16
14954,8
14957,7
14958,18
14959,28
14960,7
14961,121
14963,59
14964,5
14965,30
14966,12
14967,2
14968,13
14970,2
14971,63
14972,4
14973,16
14974,7
14975,1
14976,16
14978,56
14981,6
14984,10
14985,21
14988,20
14995,18
14997,1
14998,18
15000,48
15002,64
15004,70
15005,182
15006,38
15007,8
15009,81
15010,12
15012,21
15014,17
15016,6
15017,9
15018,17
15019,22
15021,77
15022,43
15023,213
15024,57
15025,30
15026,40
15027,14
15028,12
15031,31
15032,15
15033,163
15034,162
15035,18
15036,30
15038,15
15039,189
15041,11
15042,3
15044,107
15045,1
15046,56
15047,18
15048,14
15049,1
15050,18
15051,66
15052,14
15053,18
15054,21
15057,1
15058,62
15059,70
15060,16
15061,7
15062,34
15063,1
15065,80
15066,14
15067,53
15068,51
15069,26
15071,8
15073,20
15074,32
15075,10
15076,21
15078,62
15079,19
15081,12
15083,1
15087,9
15088,13
15089,64
15090,12
15091,22
15092,11
15093,15
15095,14
15096,6
15097,15
15099,16
15101,3
15103,20
15104,17
15105,55
15106,45
15107,5
15108,23
15109,10
15110,10
15111,33
15113,24
15114,77
15115,10
15116,14
15117,41
15119,5
15120,8
15121,15
15122,31
15123,50
15124,1
15125,5
15127,11
15128,41
15129,29
15130,17
15132,31
15133,14
15134,30
15135,8
15136,46
15139,7
15140,33
15142,11
15143,10
15144,61
15145,26
15146,43
15147,13
15148,15
15149,6
15150,136
15152,94
15153,9
15154,8
15156,30
15157,38
15159,153
15160,2
15163,10
15164,45
15165,13
15167,16
15168,3
15172,54
15174,6
15175,8
15178,3
15179,37
15180,3
15181,1
15182,16
15184,13
15186,7
15187,29
15189,30
15192,11
15193,3
15194,93
15197,15
15198,6
15201,12
15203,51
15204,3
15205,17
15206,3
15208,9
15210,8
15211,24
15212,4
15213,18
15214,56
15215,13
15218,28
15219,1
15220,55
15223,7
15224,6
15225,12
15226,5
15227,17
15228,52
15230,12
15232,7
15234,10
15235,74
15236,4
15237,52
15238,19
15239,31
15240,32
15241,38
15243,15
15244,18
15245,35
15246,28
15249,131
15252,27
15253,26
15254,11
15255,25
15256,6
15257,1
15258,10
15260,28
15261,8
15262,7
15263,5
15264,10
15265,34
15266,1
15270,11
15271,96
15272,22
15274,27
15275,15
15276,3
15277,5
15279,8
15280,7
15281,59
15287,8
15288,39
15289,20
15290,36
15291,18
15292,9
15296,87
15297,22
15298,62
15300,17
15301,85
15303,24
15304,3
15306,31
15307,2
15308,11
15311,302
15312,26
15314,13
15315,10
15318,2
15319,2
15320,16
15321,43
15322,24
15325,5
15326,8
15327,5
15329,22
15332,11
15333,8
15334,29
15335,11
15339,45
15342,16
15343,7
15344,5
15345,6
15346,10
15347,4
15348,7
15349,24
15350,4
15351,70
15353,31
15355,1
15356,123
15358,165
15360,3
15361,1
15363,12
15364,13
15365,38
15366,14
15367,52
15370,43
15373,25
15374,1
15376,68
15379,83
15380,8
15381,4
15382,105
15384,15
15385,9
15386,15
15388,7
15392,32
15393,7
15394,38
15396,5
15397,1
15398,34
15399,30
15400,2
15402,9
15406,29
15407,23
15408,14
15410,17
15411,44
15412,4
15414,20
15415,32
15416,85
15417,27
15419,2
15421,27
15422,5
15424,8
15426,74
15427,123
15428,4
15429,22
15432,9
15433,31
15434,15
15435,12
15436,89
15437,17
15438,12
15440,24
15443,132
15444,108
15445,1
15447,6
15448,18
15449,31
15450,16
15452,31
15453,67
15454,14
15456,28
15457,40
15458,3
15460,12
15462,7
15463,4
15464,55
15465,5
15466,27
15467,30
15468,13
15469,9
15471,32
15472,36
15475,20
15478,12
15480,16
15482,6
15483,13
15484,68
15485,9
15489,30
15491,47
15492,14
15493,55
15494,34
15498,189
15500,26
15502,65
15503,3
15504,6
15505,26
15506,42
15507,8
15508,38
15511,37
15512,7
15513,66
15514,50
15516,5
15517,10
15518,72
15520,15
15521,46
15522,20
15523,2
15525,51
15526,1
15527,45
15528,7
15529,207
15530,51
15531,93
15532,53
15533,31
15535,14
15537,1
15539,27
15540,8
15541,3
15543,14
15544,71
15545,7
15547,184
15549,62
15550,23
15551,11
15552,11
15553,16
15554,8
15555,174
15556,19
15557,6
15561,10
15563,44
15565,5
15567,3
15568,12
15569,5
15570,125
15571,21
15572,74
15573,16
15574,28
15576,27
15577,16
15578,2
15579,17
15581,34
15582,27
15584,40
15585,14
15587,1
15589,18
15592,10
15593,3
15594,39
15596,29
15597,16
15598,9
15599,19
15601,101
15602,9
15604,11
15605,27
15606,26
15607,5
15608,29
15609,6
15610,5
15611,9
15615,107
15618,24
15620,49
15621,1
15622,93
15623,7
15624,12
15625,27
15626,26
15628,52
15630,25
15632,59
15634,8
15636,13
15637,5
15639,4
15640,124
15641,65
15643,12
15644,78
15645,14
15646,16
15648,10
15651,9
15652,5
15653,4
15654,5
15655,24
15656,24
15658,14
15659,2
15660,34
15663,6
15664,7
15665,52
15667,6
15669,15
15670,8
15671,36
15673,70
15674,51
15675,8
15676,107
15677,17
15678,7
15679,40
15680,35
15681,8
15683,8
15687,67
15689,6
15690,4
15692,9
15694,19
15695,18
15696,83
15699,8
15700,60
15701,86
15703,4
15704,39
15705,1
15706,27
15707,61
15708,59
15709,1
15712,24
15713,7
15714,12
15716,54
15717,6
15719,161
15720,44
15721,29
15722,24
15723,10
15724,7
15725,21
15727,110
15729,3
15730,43
15732,8
15733,6
15734,8
15737,33
15738,30
15739,1
15740,3
15743,22
15745,23
15746,18
15747,40
15748,9
15750,117
15752,151
15754,22
15755,64
15756,21
15757,23
15758,2
15759,2
15762,19
15763,19
15764,85
15766,4
15768,14
15769,1
15773,3
15774,8
15775,6
15776,6
15777,10
15780,12
15781,13
15782,8
15783,8
15785,25
15786,113
15787,76
15789,12
15790,9
15791,43
15795,14
15796,42
15799,30
15800,40
15801,34
15804,85
15805,128
15806,8
15807,39
15808,76
15809,15
15810,46
15811,67
15812,9
15813,10
15814,21
15815,6
15819,65
15820,10
15821,32
15822,11
15825,4
15826,21
15827,37
15829,13
15830,17
15831,20
15832,48
15834,111
15835,36
15836,2
15837,12
15839,38
15840,8
15841,16
15843,3
15844,9
15845,53
15847,16
15850,14
15852,7
15853,7
15854,18
15855,49
15856,119
15857,2
15858,45
15860,38
15861,222
15862,52
15863,1
15864,6
15865,13
15866,2
15867,150
15869,8
15870,31
15872,23
15874,31
15877,27
15880,23
15881,5
15882,9
15883,18
15885,10
15886,4
15888,4
15889,23
15891,19
15894,7
15897,5
15898,34
15899,1
15900,24
15901,16
15903,1
15904,13
15906,68
15907,34
15909,4
15910,104
15912,7
15916,48
15917,5
15918,24
15919,22
15920,10
15921,7
15922,6
15923,9
15925,10
15930,11
15932,34
15933,35
15935,3
15937,5
15938,8
15939,6
15942,5
15944,3
15947,2
15948,38
15949,7
15950,49
15951,23
15952,32
15953,27
15955,77
15957,23
15958,3
15963,15
15965,45
15967,29
15969,8
15970,7
15971,6
15973,1
15974,73
15975,17
15976,39
15977,15
15978,17
15980,2
15981,20
15983,50
15984,95
15985,7
15986,8
15987,33
15988,6
15990,33
15992,2
15993,121
15994,18
15996,59
15998,222
16003,47
16005,29
16006,4
16007,98
16008,15
16009,45
16010,35
16011,69
16012,43
16013,8
16014,46
16015,56
16016,78
16017,24
16018,11
16019,68
16020,28
16022,38
16023,49
16024,15
16025,20
16026,20
16027,3
16029,1
16030,16
16031,28
16033,262
16034,8
16036,19
16037,27
16038,13
16040,28
16042,42
16043,13
16045,42
16048,3
16049,57
16050,1
16052,8
16053,50
16054,22
16055,1
16056,25
16057,67
16059,70
16062,12
16063,10
16065,39
16066,29
16070,16
16071,15
16072,4
16076,41
16079,3
16080,7
16081,95
16083,8
16084,22
16085,78
16086,11
16091,10
16092,22
16094,25
16096,3
16097,5
16098,19
16099,25
16101,48
16102,20
16103,11
16104,18
16105,6
16106,5
16107,6
16108,33
16109,3
16110,113
16112,4
16113,3
16114,6
16115,100
16116,15
16117,18
16119,8
16120,6
16121,68
16122,10
16123,8
16124,3
16125,9
16126,15
16127,21
16128,50
16131,7
16133,89
16134,29
16135,14
16136,14
16139,13
16140,19
16141,13
16142,15
16143,54
16145,69
16146,18
16147,10
16149,13
16150,58
16153,40
16156,67
16157,4
16159,5
16161,187
16163,1
16164,20
16168,28
16169,40
16170,73
16171,1
16172,32
16173,42
16174,9
16175,25
16177,5
16178,5
16179,4
16180,35
16181,5
16182,3
16183,8
16184,10
16185,21
16186,51
16187,79
16188,38
16189,6
16190,2
16191,30
16193,14
16198,9
16200,68
16201,53
16202,7
16203,23
16204,27
16205,40
16206,28
16207,10
16208,29
16209,18
16210,32
16211,12
16212,23
16213,5
16214,22
16215,10
16216,11
16217,5
16218,37
16221,52
16222,49
16224,41
16225,74
16226,3
16227,3
16229,32
16230,27
16232,14
16233,19
16235,20
16236,13
16239,12
16240,63
16241,118
16242,109
16243,15
16244,59
16245,49
16247,4
16248,6
16249,22
16250,13
16253,20
16255,56
16256,1
16258,59
16260,5
16261,29
16265,97
16266,18
16268,7
16270,30
16271,52
16272,16
16274,16
16275,10
16276,1
16278,7
16279,62
16281,2
16282,6
16283,64
16284,54
16287,3
16292,9
16293,55
16295,28
16297,10
16298,18
16302,5
16303,63
16305,19
16306,27
16309,21
16311,20
16313,11
16315,6
16316,50
16317,34
16318,12
16320,27
16321,3
16322,15
16324,27
16325,8
16326,61
16327,100
16330,9
16332,68
16337,5
16338,7
16339,3
16340,46
16341,32
16342,5
16343,12
16345,14
16347,26
16348,60
16350,25
16351,6
16352,17
16353,23
16354,24
16356,17
16357,18
16358,53
16359,11
16360,178
16361,55
16362,20
16363,3
16364,24
16365,7
16366,7
16367,54
16368,18
16369,45
16370,72
16372,31
16374,31
16376,46
16378,16
16379,58
16380,2
16383,53
16384,22
16385,21
16386,22
16387,2
16389,13
16392,16
16393,82
16394,26
16395,76
16398,36
16399,30
16400,13
16401,49
16402,17
16403,9
16404,6
16406,14
16407,59
16409,78
16411,22
16412,12
16413,18
16414,1
16415,16
16416,21
16418,33
16419,20
16422,18
16423,12
16425,5
16426,97
16427,3
16431,36
16432,4
16433,11
16434,47
16438,43
16440,127
16441,17
16442,29
16444,34
16445,15
16447,7
16448,12
16449,22
16450,4
16451,8
16454,1
16455,63
16456,29
16457,4
16458,42
16460,41
16461,3
16463,42
16464,71
16466,57
16469,23
16470,52
16471,8
16473,12
16474,113
16475,17
16477,86
16478,7
16479,18
16480,15
16482,5
16483,12
16484,18
16485,8
16488,9
16491,20
16493,18
16494,29
16495,21
16496,49
16497,52
16498,10
16499,13
16500,5
16503,44
16504,25
16506,2
16509,2
16510,5
16511,79
16513,15
16515,43
16516,5
16517,10
16518,24
16519,3
16520,72
16523,65
16525,14
16526,7
16527,8
16528,8
16529,10
16531,42
16533,52
16535,12
16536,29
16539,12
16542,3
16545,1
16546,4
16549,211
16550,108
16551,3
16552,8
16553,12
16554,27
16555,9
16556,69
16557,1
16558,124
16560,24
16561,21
16563,8
16566,7
16567,14
16569,1
16570,30
16571,44
16572,23
16573,19
16574,17
16581,5
16582,2
16583,12
16584,10
16586,2
16587,6
16589,23
16591,2
16592,91
16593,4
16594,4
16595,31
16596,5
16597,1
16598,7
16600,21
16601,12
16602,21
16603,21
16607,67
16609,74
16610,5
16611,4
16612,32
16613,19
16614,9
16616,11
16617,1
16618,46
16619,8
16620,6
16621,15
16623,4
16624,11
16625,18
16626,48
16627,7
16628,59
16629,9
16633,60
16634,5
16637,45
16638,27
16639,30
16641,6
16642,10
16643,10
16644,35
16647,4
16648,10
16650,13
16652,18
16653,36
16654,15
16655,93
16656,4
16657,38
16658,1
16660,2
16665,4
16666,10
16667,25
16668,4
16669,64
16670,104
16672,13
16674,25
16676,30
16678,57
16679,1
16680,8
16681,7
16682,4
16684,1
16685,11
16686,165
16688,22
16689,5
16690,4
16693,20
16696,3
16697,5
16700,87
16701,20
16705,34
16706,33
16708,18
16709,23
16710,140
16711,4
16712,122
16713,154
16714,53
16717,98
16718,18
16719,41
16720,2
16721,23
16722,49
16723,12
16725,17
16726,63
16727,31
16728,46
16729,109
16730,21
16732,13
16734,15
16735,33
16738,1
16739,8
16743,39
16744,71
16745,96
16746,117
16747,18
16748,36
16750,34
16751,5
16752,5
16753,8
16755,61
16756,8
16757,3
16758,9
16759,17
16761,4
16762,31
16763,6
16764,98
16766,7
16767,74
16768,18
16769,10
16770,51
16771,101
16773,13
16774,27
16775,38
16776,24
16777,7
16778,8
16779,100
16780,28
16781,8
16782,45
16784,2
16788,43
16789,3
16790,59
16791,105
16792,6
16793,11
16794,69
16795,42
16796,14
16800,66
16801,16
16803,13
16804,22
16805,49
16806,37
16807,34
16808,7
16809,57
16810,7
16811,14
16812,6
16813,127
16814,65
16816,19
16817,34
16818,105
16820,16
16823,20
16824,13
16825,15
16826,10
16828,7
16829,6
16830,13
16833,31
16834,14
16835,6
16836,8
16837,60
16838,14
16839,50
16841,45
16842,26
16843,74
16846,7
16847,8
16848,11
16849,4
16850,11
16851,11
16852,1
16855,12
16856,2
16858,2
16859,17
16861,4
16863,14
16866,3
16869,56
16871,64
16873,98
16875,49
16877,31
16878,1
16880,50
16882,19
16883,19
16884,16
16885,15
16887,6
16889,69
16891,29
16892,30
16893,8
16895,12
16897,14
16898,25
16899,42
16900,43
16902,8
16903,14
16904,139
16905,43
16906,15
16907,25
16909,4
16910,74
16912,36
16914,8
16915,12
16916,44
16918,56
16919,74
16921,9
16923,158
16924,29
16926,1
16927,2
16928,37
16929,34
16930,20
16931,249
16932,10
16933,24
16934,28
16936,24
16938,127
16940,141
16942,85
16943,6
16945,85
16947,8
16948,5
16949,20
16950,11
16951,47
16952,3
16953,1
16954,10
16955,6
16956,8
16957,8
16959,4
16960,62
16961,10
16963,6
16965,4
16967,16
16968,12
16969,16
16971,8
16978,24
16979,29
16980,35
16982,16
16983,43
16984,139
16985,23
16986,1
16987,35
16988,4
16992,42
16996,7
16997,4
16998,1
16999,14
17001,45
17002,25
17004,12
17006,18
17007,26
17010,8
17011,12
17014,18
17015,79
17017,51
17018,2
17019,73
17022,3
17025,1
17026,2
17027,51
17030,3
17031,18
17033,10
17034,10
17035,17
17037,50
17038,3
17040,8
17041,28
17042,34
17043,44
17045,6
17046,7
17047,42
17048,22
17049,102
17050,98
17051,28
17052,34
17053,7
17054,20
17058,19
17059,133
17060,3
17061,17
17062,25
17063,48
17064,29
17068,65
17069,67
17070,24
17071,56
17073,68
17075,34
17076,9
17078,2
17080,2
17081,7
17082,36
17083,14
17084,75
17085,77
17086,31
17088,48
17090,16
17091,78
17092,61
17094,11
17095,28
17096,22
17097,66
17100,38
17101,14
17105,41
17107,131
17109,47
17110,7
17111,17
17114,13
17115,14
17117,3
17118,6
17119,19
17120,10
17122,6
17123,3
17124,7
17125,10
17126,72
17128,7
17131,40
17133,2
17134,7
17135,13
17138,10
17139,186
17140,6
17142,6
17144,14
17146,14
17147,32
17148,9
17152,1
17153,11
17154,9
17155,3
17157,5
17158,24
17159,51
17160,72
17162,30
17164,62
17165,7
17166,9
17169,29
17171,6
17172,1
17173,22
17174,3
17175,27
17176,9
17179,41
17180,35
17181,3
17183,15
17187,4
17188,29
17189,14
17190,7
17191,94
17193,4
17194,2
17197,10
17198,21
17201,10
17203,34
17204,17
17205,1
17206,7
17211,82
17213,43
17214,31
17217,2
17218,84
17219,14
17220,172
17221,12
17222,13
17223,18
17226,7
17227,8
17228,83
17229,21
17230,18
17231,126
17232,17
17233,14
17234,5
17235,8
17236,32
17237,9
17238,189
17239,5
17242,15
17243,76
17244,11
17245,7
17247,12
17248,23
17250,16
17251,18
17252,17
17253,5
17254,24
17255,26
17256,6
17259,37
17262,1
17263,7
17265,33
17266,19
17267,10
17268,1
17272,31
17274,8
17277,38
17278,4
17279,3
17282,33
17284,137
17286,11
17287,29
17288,21
17289,31
17290,23
17293,52
17295,33
17297,7
17298,12
17299,15
17301,13
17302,38
17303,16
17306,2
17309,6
17311,22
17312,4
17314,63
17315,97
17320,25
17321,34
17323,88
17324,14
17325,6
17329,12
17333,12
17334,4
17337,118
17338,252
17339,6
17340,100
17341,30
17343,5
17344,7
17345,29
17346,109
17348,54
17349,2
17350,30
17351,1
17356,13
17357,11
17358,23
17359,2
17360,24
17361,8
17362,20
17364,137
17365,155
17367,18
17368,26
17370,17
17371,8
17372,109
17373,38
17374,4
17375,13
17376,14
17377,92
17379,31
17381,4
17383,14
17384,10
17385,27
17386,7
17387,41
17388,5
17389,17
17392,14
17394,1
17396,1
17397,45
17398,8
17400,87
17402,7
17403,12
17404,17
17405,19
17406,60
17409,3
17410,39
17411,16
17412,27
17415,6
17416,103
17418,15
17419,84
17420,21
17422,37
17423,12
17425,28
17426,84
17428,88
17429,9
17430,10
17431,24
17432,23
17433,34
17434,48
17436,7
17438,7
17442,53
17444,57
17446,1
17447,18
17449,80
17450,25
17451,46
17453,7
17454,32
17455,7
17456,14
17457,2
17458,29
17459,38
17460,11
17461,31
17462,12
17463,99
17464,5
17466,19
17469,44
17470,18
17472,47
17475,7
17480,21
17481,33
17483,10
17486,18
17489,17
17490,37
17491,21
17492,6
17495,12
17496,4
17498,4
17499,12
17501,10
17502,14
17503,12
17504,48
17505,25
17506,4
17507,44
17508,15
17509,57
17510,15
17511,30
17512,34
17514,23
17515,31
17516,56
17517,7
17519,23
17520,13
17521,29
17522,25
17523,16
17524,1
17525,1
17526,7
17527,20
17528,80
17530,173
17531,5
17534,6
17535,12
17537,23
17538,4
17540,13
17542,4
17545,41
17548,3
17550,14
17551,27
17552,21
17554,28
17555,56
17556,1
17557,11
17560,3
17561,14
17562,32
17564,23
17566,46
17567,72
17569,18
17571,50
17572,6
17573,16
17574,6
17576,131
17578,1
17579,20
17580,15
17581,143
17582,10
17584,11
17585,43
17588,2
17589,110
17590,83
17591,19
17593,75
17594,37
17595,19
17596,41
17597,19
17600,2
17601,6
17602,182
17603,10
17604,21
17608,25
17609,105
17611,212
17612,51
17613,133
17614,41
17615,8
17618,39
17619,26
17621,9
17623,22
17624,26
17625,114
17629,51
17630,10
17631,18
17633,41
17634,88
17636,12
17637,16
17642,20
17643,4
17644,53
17646,15
17647,2
17648,30
17649,32
17651,104
17652,66
17653,12
17654,10
17655,24
17656,19
17658,2
17659,70
17660,13
17663,38
17664,18
17666,4
17667,45
17668,2
17669,23
17670,9
17671,15
17672,35
17673,80
17674,4
17675,133
17676,36
17677,74
17678,9
17679,6
17680,8
17682,36
17684,10
17685,48
17686,105
17690,94
17691,13
17692,18
17693,7
17694,8
17695,14
17696,34
17697,9
17698,6
17700,67
17701,11
17702,36
17703,36
17704,11
17705,42
17706,138
17707,2
17708,9
17709,1
17711,13
17712,13
17714,10
17716,115
17718,1
17719,52
17720,17
17722,48
17723,2
17724,22
17725,72
17727,35
17728,98
17730,70
17731,23
17732,9
17733,18
17734,20
17735,203
17736,4
17737,7
17738,44
17739,9
17742,4
17744,30
17746,3
17749,13
17750,28
17754,24
17757,146
17758,180
17759,34
17760,14
17761,4
17763,1
17764,24
17765,22
17767,14
17768,27
17769,111
17770,12
17771,14
17772,4
17774,63
17777,62
17779,28
17781,1
17783,9
17785,9
17786,17
17787,59
17789,12
17790,68
17791,6
17793,6
17795,23
17796,27
17797,53
17799,185
17800,30
17802,57
17805,2
17806,8
17809,6
17811,191
17812,32
17813,73
17816,6
17817,12
17819,9
17824,2
17827,114
17828,33
17829,16
17830,7
17831,2
17832,6
17835,22
17836,5
17837,57
17838,42
17839,23
17841,536
17843,16
17844,2
17848,12
17849,2
17850,14
17852,16
17854,8
17855,10
17856,2
17858,33
17859,4
17860,8
17861,77
17862,2
17863,43
17864,19
17865,90
17866,2
17867,9
17869,8
17870,44
17871,1
17873,9
17874,16
17877,3
17878,11
17879,1
17880,17
17881,2
17883,38
17884,39
17885,9
17886,18
17887,4
17888,19
17889,7
17890,47
17891,1
17892,8
17893,2
17894,48
17895,6
17897,25
17898,14
17899,9
17900,3
17901,5
17904,5
17905,8
17906,7
17908,11
17911,24
17912,13
17913,29
17914,7
17917,38
17919,2
17920,151
17921,71
17924,5
17926,6
17928,9
17930,8
17931,20
17932,55
17934,4
17935,12
17936,14
17937,1
17939,5
17942,1
17946,12
17947,1
17950,22
17951,6
17954,160
17955,2
17957,1
17958,3
17960,5
17961,54
17962,6
17964,22
17965,121
17966,14
17967,7
17968,21
17969,2
17970,11
17972,1
17973,3
17974,58
17975,84
17976,9
17977,2
17978,9
17979,44
17980,11
17984,7
17985,4
17986,1
17987,5
17988,2
17990,12
17994,39
17995,1
17997,34
17999,15
18001,16
18004,14
18005,6
18006,9
18008,3
18009,11
18010,6
18011,7
18013,17
18014,10
18015,9
18016,50
18018,3
18022,43
18024,8
18027,2
18030,3
18032,5
18033,2
18034,33
18035,8
18036,36
18037,1
18040,15
18041,95
18042,1
18043,32
18044,31
18045,9
18048,4
18050,5
18053,10
18055,111
18056,14
18059,8
18061,4
18062,8
18064,3
18065,54
18066,7
18067,18
18069,128
18071,15
18072,6
18073,10
18074,4
18075,45
18077,62
18078,7
18079,3
18081,4
18082,26
18085,19
18086,4
18088,11
18092,5
18093,6
18094,23
18095,11
18096,30
18097,31
18099,5
18101,13
18102,10
18104,12
18105,6
18106,11
18108,6
18109,48
18110,17
18112,10
18114,6
18116,72
18117,19
18118,163
18119,2
18120,5
18121,10
18122,102
18123,18
18125,102
18126,16
18127,19
18129,6
18130,33
18135,5
18136,21
18138,3
18139,5
18142,3
18143,40
18144,6
18145,97
18146,4
18147,1
18149,4
18150,26
18151,24
18154,13
18155,12
18156,35
18158,24
18159,15
18160,20
18161,22
18164,8
18165,1
18167,15
18168,54
18169,5
18170,15
18171,10
18172,52
18173,8
18176,21
18177,40
18178,58
18179,50
18180,39
18181,18
18183,21
18185,8
18188,35
18189,39
18190,8
18192,25
18193,8
18196,49
18198,41
18200,10
18202,29
18203,5
18204,82
18205,12
18209,5
18210,62
18211,22
18212,16
18213,7
18215,10
18216,12
18217,9
18218,9
18219,32
18221,31
18222,7
18223,76
18224,8
18225,82
18226,79
18227,2
18228,11
18229,29
18230,24
18231,63
18232,14
18235,41
18236,24
18237,24
18239,56
18241,34
18242,35
18245,78
18246,1
18248,15
18249,4
18250,9
18252,17
18255,3
18257,58
18259,12
18260,46
18261,16
18262,7
18263,9
18265,12
18269,3
18270,7
18272,57
18274,6
18276,7
18277,4
18278,5
18280,6
18281,2
18282,4
18283,115
18287,26
