CustomerID,Distinct Baskets
12347,7
12349,1
12350,1
12352,7
12353,1
12354,1
12355,1
12356,2
12357,1
12358,1
12359,4
12360,3
12361,1
12362,10
12363,2
12364,3
12365,1
12367,1
12370,4
12371,1
12372,3
12373,1
12374,1
12375,2
12377,2
12378,1
12379,2
12380,4
12381,3
12383,5
12384,2
12386,1
12388,6
12390,1
12391,1
12393,4
12394,1
12395,12
12397,2
12398,1
12399,4
12401,1
12402,1
12405,1
12406,2
12407,4
12408,5
12409,1
12410,1
12412,3
12413,3
12414,2
12415,5
12417,9
12418,1
12420,1
12421,4
12422,3
12423,8
12424,1
12425,1
12426,1
12427,3
12428,7
12429,4
12430,1
12431,13
12432,3
12433,7
12434,2
12436,1
12437,17
12438,2
12441,1
12442,1
12444,5
12445,1
12446,1
12447,1
12448,1
12449,4
12450,1
12451,5
12452,1
12453,1
12455,5
12456,3
12457,2
12458,2
12461,1
12462,2
12463,4
12464,4
12465,2
12468,2
12471,25
12472,7
12473,3
12474,16
12475,1
12476,9
12477,6
12478,1
12479,1
12480,4
12481,9
12483,6
12484,4
12488,3
12489,1
12490,10
12491,1
12492,2
12493,2
12494,7
12498,3
12500,5
12501,1
12502,5
12507,1
12508,2
12509,1
12510,1
12512,2
12513,1
12514,1
12515,1
12516,1
12517,4
12518,5
12519,1
12520,5
12521,1
12522,2
12523,11
12524,8
12526,3
12527,3
12528,6
12530,4
12531,1
12532,1
12534,1
12535,2
12536,1
12538,1
12539,4
12540,17
12541,3
12544,1
12545,2
12546,2
12547,1
12548,1
12550,1
12551,1
12552,1
12553,9
12556,2
12558,1
12559,1
12560,2
12561,1
12562,7
12564,1
12565,1
12566,1
12567,10
12569,23
12571,2
12572,2
12573,1
12574,1
12576,5
12577,3
12578,2
12579,1
12580,1
12581,1
12582,2
12583,15
12584,7
12585,2
12586,1
12587,1
12588,1
12589,2
12591,1
12592,2
12593,3
12594,7
12596,2
12597,4
12598,7
12599,7
12600,9
12601,5
12602,1
12604,2
12607,1
12609,3
12610,4
12611,1
12612,1
12613,4
12614,1
12615,4
12616,2
12617,1
12618,1
12619,7
12620,3
12621,18
12622,1
12623,1
12624,2
12625,2
12626,9
12627,6
12628,3
12630,2
12631,1
12633,4
12635,2
12637,7
12638,1
12639,1
12640,2
12641,1
12642,3
12643,1
12644,1
12645,4
12646,2
12647,9
12648,1
12649,3
12650,1
12651,1
12652,1
12653,2
12654,5
12656,4
12657,3
12658,1
12659,1
12660,1
12662,11
12664,3
12665,1
12667,1
12668,4
12669,2
12670,5
12672,1
12673,2
12674,4
12676,6
12678,5
12679,1
12680,4
12681,21
12682,30
12683,13
12684,6
12685,6
12686,1
12688,1
12689,2
12690,1
12691,4
12693,3
12694,2
12695,3
12697,3
12700,4
12701,2
12702,1
12703,1
12704,7
12705,8
12707,1
12708,10
12709,11
12710,3
12712,12
12713,1
12714,5
12715,1
12716,2
12717,2
12718,1
12719,2
12720,23
12721,6
12722,2
12723,3
12724,4
12725,1
12726,7
12727,5
12728,4
12729,1
12731,9
12732,1
12733,1
12735,2
12738,1
12739,1
12740,1
12743,2
12744,4
12747,11
12748,142
12749,4
12750,1
12752,1
12753,3
12757,7
12758,2
12759,3
12762,2
12763,1
12764,1
12766,7
12769,1
12772,1
12775,5
12778,6
12779,7
12781,2
12782,5
12783,4
12784,1
12785,1
12787,2
12790,1
12792,1
12793,2
12794,2
12795,1
12797,1
12802,1
12808,3
12809,1
12811,2
12812,1
12815,2
12816,2
12818,1
12820,4
12821,1
12822,2
12824,1
12826,7
12827,3
12828,5
12829,1
12831,1
12832,2
12833,1
12834,1
12836,4
12837,1
12838,2
12839,14
12840,4
12841,25
12842,2
12843,5
12844,2
12847,1
12849,2
12851,1
12852,1
12853,5
12854,3
12855,1
12856,6
12857,2
12863,1
12864,1
12865,2
12866,1
12867,7
12868,6
12871,2
12872,2
12876,2
12877,11
12878,2
12879,1
12881,1
12883,4
12884,1
12885,2
12886,2
12888,1
12890,1
12893,1
12895,2
12901,7
12902,1
12904,2
12906,2
12909,5
12910,5
12912,1
12913,4
12915,2
12916,4
12919,5
12920,1
12921,35
12922,1
12923,1
12924,3
12925,2
12928,5
12929,1
12930,2
12931,1
12933,3
12935,7
12936,3
12937,4
12938,1
12940,2
12942,3
12944,2
12945,1
12947,5
12948,7
12949,8
12951,6
12952,4
12953,1
12955,9
12956,1
12957,8
12962,2
12963,8
12965,1
12966,1
12967,1
12968,1
12970,1
12971,56
12974,1
12976,1
12981,2
12982,1
12984,1
12985,2
12987,2
12988,1
12989,5
12990,2
12991,2
12993,4
12994,3
12997,4
12999,2
13000,2
13001,12
13002,1
13003,1
13004,16
13005,2
13008,1
13011,1
13012,7
13013,13
13014,9
13015,5
13016,3
13018,26
13021,9
13023,2
13026,3
13028,2
13029,2
13030,2
13032,2
13033,1
13034,2
13035,2
13037,3
13038,3
13040,2
13043,1
13044,1
13045,1
13046,2
13047,7
13048,4
13049,1
13050,17
13052,1
13055,3
13059,1
13060,1
13061,1
13062,1
13064,4
13065,1
13066,2
13067,1
13069,23
13070,1
13072,1
13075,1
13077,4
13078,26
13079,2
13080,1
13081,10
13082,8
13083,1
13085,2
13089,72
13090,11
13091,1
13092,4
13093,6
13095,1
13097,10
13098,25
13101,1
13102,24
13103,1
13104,4
13107,3
13108,1
13109,2
13110,6
13113,24
13115,4
13116,1
13117,8
13118,5
13120,1
13121,1
13122,1
13124,3
13126,8
13127,1
13130,1
13131,3
13132,1
13133,1
13134,3
13136,5
13137,8
13138,6
13139,6
13140,3
13141,5
13142,1
13144,1
13145,1
13146,1
13148,10
13149,4
13151,1
13153,1
13155,4
13157,4
13158,4
13159,4
13160,1
13161,1
13162,3
13165,2
13166,1
13167,4
13168,4
13169,1
13170,1
13171,3
13173,2
13174,3
13176,1
13177,1
13178,11
13182,1
13183,7
13184,9
13186,3
13187,1
13189,1
13192,2
13193,1
13194,1
13196,4
13198,6
13199,8
13200,3
13203,4
13207,1
13208,5
13209,7
13210,1
13211,2
13212,3
13213,5
13216,1
13218,1
13220,2
13221,2
13223,1
13224,2
13226,1
13227,1
13229,1
13230,13
13232,7
13233,2
13235,1
13236,2
13238,3
13239,1
13240,4
13242,3
13243,1
13244,1
13245,1
13246,5
13247,3
13248,2
13249,1
13253,2
13255,2
13258,3
13259,1
13260,1
13262,1
13263,32
13265,5
13266,12
13267,17
13268,9
13269,14
13271,1
13272,2
13273,1
13276,2
13278,1
13279,1
13280,3
13282,3
13283,2
13284,1
13285,4
13291,1
13292,2
13294,2
13295,1
13296,1
13297,3
13299,1
13300,1
13301,4
13304,1
13305,9
13307,1
13308,3
13309,5
13310,3
13311,2
13313,5
13314,2
13316,3
13317,6
13318,2
13319,25
13320,4
13321,1
13322,1
13324,2
13325,1
13327,7
13328,1
13329,1
13330,3
13332,1
13334,3
13336,1
13338,1
13339,1
13340,3
13341,1
13343,1
13344,3
13345,1
13348,1
13349,1
13350,2
13351,1
13352,1
13354,1
13355,1
13356,1
13357,1
13358,1
13359,1
13362,4
13363,2
13364,1
13365,2
13368,2
13369,1
13370,1
13372,1
13373,3
13375,1
13376,3
13379,3
13381,6
13382,1
13384,7
13385,1
13388,2
13389,3
13390,1
13394,8
13395,1
13396,2
13397,4
13398,1
13402,2
13403,1
13404,2
13405,2
13408,35
13410,3
13411,1
13414,1
13417,1
13418,17
13419,1
13420,2
13421,2
13422,1
13425,3
13426,9
13427,3
13428,1
13429,4
13430,2
13431,2
13434,2
13435,6
13436,1
13437,7
13439,1
13441,1
13447,3
13448,6
13449,1
13450,6
13451,5
13453,2
13455,2
13456,4
13458,14
13460,2
13461,2
13462,1
13464,1
13466,1
13467,2
13468,35
13470,2
13471,4
13473,2
13474,1
13475,4
13476,2
13477,6
13479,2
13481,5
13482,1
13483,1
13485,1
13486,3
13487,3
13488,13
13489,2
13491,9
13492,3
13494,1
13495,5
13496,2
13497,2
13499,3
13500,3
13501,1
13502,3
13503,1
13504,1
13505,4
13506,2
13507,4
13508,1
13509,4
13510,4
13512,1
13513,1
13514,1
13515,4
13516,2
13517,3
13518,1
13519,1
13520,4
13521,3
13522,1
13523,5
13524,5
13525,1
13527,6
13529,2
13531,2
13532,1
13533,3
13534,22
13536,7
13539,3
13544,2
13546,3
13548,2
13549,7
13552,8
13555,4
13557,2
13558,4
13560,1
13562,3
13563,2
13564,2
13565,2
13566,2
13568,1
13569,2
13570,1
13571,12
13572,1
13573,2
13575,5
13576,10
13577,4
13579,2
13581,1
13583,1
13584,1
13587,1
13588,8
13589,2
13590,6
13591,3
13592,3
13593,4
13594,1
13596,2
13598,1
13599,18
13600,1
13601,2
13602,1
13603,1
13606,2
13607,1
13610,7
13611,3
13614,3
13615,1
13617,3
13618,1
13621,1
13623,4
13626,1
13627,5
13629,1
13630,5
13632,5
13634,5
13635,1
13636,5
13637,3
13638,1
13639,1
13642,1
13643,3
13644,4
13645,1
13647,4
13649,2
13650,5
13651,1
13652,3
13654,5
13655,2
13656,2
13657,2
13658,5
13659,2
13662,3
13663,1
13666,1
13667,1
13668,21
13669,1
13670,1
13672,1
13673,2
13675,2
13680,4
13681,4
13684,1
13686,1
13689,1
13690,1
13692,2
13694,6
13695,13
13697,1
13699,1
13700,9
13704,8
13705,3
13706,1
13707,2
13708,1
13709,11
13710,1
13711,2
13712,1
13715,4
13716,1
13717,6
13718,2
13719,5
13720,3
13721,1
13722,3
13725,7
13726,2
13727,2
13728,5
13730,2
13731,2
13732,1
13735,4
13736,2
13737,1
13740,1
13741,3
13742,9
13743,6
13744,2
13745,1
13748,3
13750,2
13751,1
13752,5
13753,1
13754,2
13755,8
13756,13
13758,7
13759,1
13760,2
13761,2
13762,1
13764,3
13767,33
13769,10
13771,4
13772,3
13774,1
13777,9
13778,1
13780,2
13781,1
13782,6
13784,2
13786,1
13787,2
13790,1
13792,2
13798,3
13799,2
13800,1
13801,1
13802,2
13803,1
13804,7
13806,1
13807,1
13808,5
13809,1
13810,2
13812,3
13813,4
13814,2
13815,3
13816,2
13817,2
13819,2
13821,2
13822,2
13823,2
13824,4
13826,1
13827,3
13828,1
13831,3
13832,1
13833,1
13835,4
13837,2
13838,4
13842,9
13844,1
13845,1
13846,3
13849,2
13850,1
13851,3
13853,1
13854,12
13856,3
13858,1
13859,1
13860,5
13862,8
13863,1
13865,4
13866,1
13867,3
13868,1
13869,4
13870,8
13871,13
13873,3
13874,1
13875,5
13876,1
13877,1
13878,1
13880,13
13881,4
13882,4
13883,5
13884,4
13885,2
13886,1
13887,1
13888,2
13889,1
13890,10
13892,1
13893,1
13894,2
13895,4
13897,1
13898,1
13899,2
13900,2
13901,5
13904,2
13908,4
13911,8
13914,2
13917,2
13918,2
13919,2
13922,1
13923,1
13924,6
13925,3
13926,1
13927,1
13928,3
13929,1
13930,2
13931,2
13932,1
13933,2
13934,1
13936,1
13937,1
13938,1
13939,3
13940,4
13941,5
13946,1
13947,1
13948,1
13949,6
13950,4
13951,3
13952,2
13953,2
13954,2
13955,2
13956,5
13959,3
13960,2
13962,2
13963,3
13969,17
13971,8
13972,1
13973,1
13974,1
13975,6
13976,1
13978,1
13979,1
13980,1
13982,4
13983,6
13984,4
13985,15
13986,1
13988,6
13989,2
13990,1
13991,6
13992,1
13993,7
13994,5
13995,5
13999,12
14000,1
14001,3
14002,2
14004,7
14005,4
14006,3
14009,2
14012,1
14013,3
14014,1
14015,1
14016,4
14019,3
14020,2
14021,2
14022,1
14023,2
14024,1
14027,1
14029,2
14030,7
14031,11
14032,10
14034,3
14035,4
14036,1
14037,2
14038,3
14039,1
14040,12
14041,1
14044,4
14046,1
14047,3
14048,1
14049,4
14050,2
14051,17
14052,1
14053,1
14054,1
14055,1
14056,23
14057,13
14059,1
14060,15
14062,5
14064,5
14066,1
14067,2
14068,1
14071,7
14073,1
14075,3
14076,1
14077,4
14078,6
14079,1
14080,1
14081,2
14082,1
14083,6
14085,17
14087,1
14088,10
14089,1
14092,13
14093,1
14096,17
14098,1
14099,11
14100,1
14102,5
14104,1
14105,1
14107,7
14108,2
14109,1
14110,10
14111,2
14112,6
14113,3
14114,1
14116,5
14121,4
14125,3
14126,1
14127,3
14128,2
14129,5
14130,1
14132,11
14133,2
14135,12
14138,2
14139,1
14140,2
14141,4
14142,1
14143,1
14146,5
14147,1
14149,1
14150,2
14152,2
14154,2
14155,1
14156,27
14157,2
14158,1
14159,11
14161,3
14162,2
14163,4
14164,1
14165,1
14167,3
14171,1
14173,4
14174,1
14175,3
14176,4
14177,3
14178,7
14179,2
14180,21
14184,1
14188,6
14189,15
14191,12
14193,2
14194,20
14196,1
14198,4
14199,1
14201,6
14204,1
14205,2
14206,1
14208,1
14209,6
14210,6
14211,9
14214,5
14215,6
14216,4
14217,14
14218,1
14219,1
14220,2
14221,8
14222,1
14223,3
14224,4
14226,4
14227,8
14229,2
14231,3
14232,5
14233,4
14234,4
14235,4
14236,2
14237,1
14238,1
14239,11
14240,2
14241,1
14242,2
14243,10
14245,2
14246,3
14247,1
14248,1
14250,3
14251,4
14256,2
14257,5
14258,1
14259,1
14261,1
14262,8
14264,1
14265,1
14267,3
14270,1
14271,1
14272,2
14273,4
14276,3
14277,3
14280,1
14282,14
14284,2
14285,4
14286,3
14287,1
14288,1
14289,4
14290,5
14291,10
14292,9
14293,4
14295,1
14297,3
14298,30
14299,8
14300,1
14301,1
14304,1
14305,2
14306,1
14307,6
14309,9
14311,1
14312,6
14314,1
14315,6
14317,1
14320,2
14321,5
14323,2
14326,1
14327,1
14329,7
14331,2
14332,3
14333,1
14334,8
14335,2
14336,4
14338,1
14339,1
14340,1
14341,8
14342,4
14344,7
14345,1
14346,2
14348,1
14349,1
14350,1
14352,4
14353,1
14354,2
14355,1
14356,2
14357,1
14359,3
14360,4
14362,1
14364,6
14367,16
14368,1
14371,1
14373,1
14375,1
14377,1
14379,2
14381,1
14382,1
14383,3
14385,3
14386,1
14387,3
14388,8
14389,2
14390,8
14395,9
14396,2
14397,14
14400,1
14401,11
14404,6
14406,1
14407,4
14408,6
14409,4
14410,7
14411,1
14412,2
14413,1
14414,7
14415,13
14416,2
14418,3
14419,6
14420,1
14421,2
14422,6
14426,9
14427,1
14428,5
14431,1
14432,6
14436,1
14437,1
14438,1
14439,1
14440,4
14441,4
14442,2
14443,4
14446,4
14447,5
14448,2
14449,4
14450,3
14451,2
14452,2
14453,1
14456,9
14459,1
14461,3
14462,10
14465,2
14466,7
14467,4
14470,2
14472,8
14473,1
14474,1
14475,3
14476,1
14479,2
14480,1
14481,2
14482,6
14483,1
14484,1
14485,1
14487,5
14488,1
14489,1
14491,2
14493,5
14494,1
14495,2
14496,2
14497,1
14498,5
14499,3
14500,1
14501,2
14502,8
14503,6
14504,4
14505,8
14506,5
14507,5
14508,2
14511,5
14512,2
14514,3
14515,6
14517,2
14518,1
14520,1
14522,1
14523,1
14524,7
14525,8
14527,53
14528,1
14529,3
14530,6
14532,2
14533,5
14534,18
14535,3
14536,1
14537,1
14538,2
14539,2
14540,3
14541,6
14543,9
14544,2
14546,5
14547,8
14549,1
14550,2
14551,1
14552,1
14553,5
14554,4
14555,2
14557,1
14560,10
14561,3
14562,17
14565,4
14567,2
14569,1
14570,2
14572,6
14573,8
14576,1
14577,4
14578,1
14581,1
14582,1
14583,5
14584,4
14585,1
14586,1
14587,9
14591,4
14592,3
14593,3
14594,2
14595,6
14597,1
14598,1
14600,1
14601,1
14606,88
14607,1
14618,2
14619,1
14620,2
14621,5
14622,1
14623,5
14624,1
14625,2
14626,4
14628,2
14629,2
14631,3
14632,1
14633,1
14636,2
14638,1
14639,6
14640,6
14641,1
14643,2
14644,2
14645,2
14646,13
14647,1
14649,4
14651,2
14652,1
14653,7
14655,4
14656,2
14657,4
14658,2
14659,9
14660,2
14661,1
14662,4
14664,2
14665,4
14666,1
14667,25
14669,3
14670,2
14672,2
14673,5
14675,1
14676,1
14680,13
14681,2
14684,5
14687,1
14688,20
14689,1
14690,2
14691,4
14692,4
14693,1
14696,7
14697,2
14698,5
14699,1
14700,3
14701,8
14702,17
14703,1
14704,7
14708,2
14709,13
14710,4
14711,11
14712,2
14713,11
14714,1
14715,4
14716,2
14719,5
14720,3
14722,1
14723,6
14725,1
14727,1
14729,1
14730,8
14731,3
14732,8
14733,10
14735,24
14737,2
14738,7
14739,4
14740,3
14741,6
14744,3
14745,4
14747,1
14748,5
14752,1
14753,1
14754,2
14755,11
14756,1
14757,1
14758,4
14759,3
14760,1
14761,2
14762,1
14764,1
14765,3
14766,6
14768,1
14769,8
14770,2
14772,1
14775,3
14776,9
14778,2
14779,3
14780,2
14782,1
14784,2
14788,2
14789,1
14790,3
14793,1
14794,6
14796,17
14798,3
14799,1
14800,11
14801,1
14803,2
14804,1
14805,1
14806,1
14808,6
14810,11
14813,2
14815,2
14817,2
14818,3
14819,2
14820,4
14821,1
14823,2
14824,4
14825,12
14829,4
14830,1
14834,6
14836,3
14837,4
14840,1
14841,6
14842,4
14844,4
14847,1
14849,23
14850,1
14851,2
14852,6
14853,2
14854,7
14855,1
14856,3
14857,2
14859,4
14860,1
14862,2
14863,1
14865,1
14867,3
14868,8
14869,2
14870,1
14871,4
14873,1
14875,2
14878,9
14880,3
14881,1
14882,1
14883,6
14886,1
14888,1
14889,1
14890,1
14891,2
14893,2
14894,1
14895,17
14896,2
14897,4
14898,6
14901,8
14902,1
14903,5
14904,2
14905,2
14907,7
14908,1
14910,4
14911,183
14912,2
14913,4
14915,2
14916,4
14918,2
14920,2
14921,2
14923,1
14924,1
14929,1
14930,3
14931,4
14932,1
14934,2
14936,7
14937,2
14944,9
14947,2
14948,6
14950,1
14951,1
14952,6
14953,1
14954,1
14957,1
14958,3
14959,4
14960,2
14961,9
14963,5
14964,1
14965,1
14966,1
14967,1
14968,1
14970,1
14971,3
14972,1
14973,3
14974,1
14975,1
14976,6
14978,5
14981,1
14984,2
14985,2
14988,1
14995,2
14997,1
14998,2
15000,1
15002,4
15004,1
15005,28
15006,1
15007,1
15009,3
15010,1
15012,2
15014,1
15016,1
15017,1
15018,3
15019,1
15021,9
15022,3
15023,11
15024,6
15025,1
15026,3
15027,3
15028,3
15031,4
15032,2
15033,10
15034,8
15035,1
15036,2
15038,5
15039,42
15041,1
15042,1
15044,16
15045,1
15046,13
15047,1
15048,4
15049,1
15050,2
15051,3
15052,1
15053,3
15054,2
15057,1
15058,10
15059,8
15060,3
15061,5
15062,4
15063,1
15065,4
15066,1
15067,3
15068,2
15069,1
15071,2
15073,3
15074,1
15075,1
15076,1
15078,31
15079,2
15081,5
15083,1
15087,1
15088,2
15089,6
15090,1
15091,1
15092,2
15093,5
15095,3
15096,1
15097,1
15099,1
15101,1
15103,2
15104,2
15105,6
15106,5
15107,3
15108,3
15109,1
15110,4
15111,3
15113,2
15114,9
15115,1
15116,4
15117,4
15119,1
15120,1
15121,2
15122,3
15123,2
15124,2
15125,3
15127,1
15128,4
15129,9
15130,1
15132,5
15133,3
15134,8
15135,1
15136,3
15139,2
15140,7
15142,1
15143,1
15144,15
15145,4
15146,2
15147,1
15148,1
15149,1
15150,9
15152,13
15153,1
15154,1
15156,3
15157,3
15159,26
15160,1
15163,2
15164,3
15165,1
15167,1
15168,1
15172,5
15174,1
15175,1
15178,1
15179,3
15180,1
15181,1
15182,2
15184,2
15186,2
15187,9
15189,23
15192,3
15193,1
15194,15
15197,2
15198,2
15201,5
15203,6
15204,1
15205,2
15206,2
15208,5
15210,1
15211,2
15212,1
15213,2
15214,8
15215,3
15218,9
15219,1
15220,6
15223,2
15224,1
15225,1
15226,1
15227,5
15228,4
15230,1
15232,2
15234,1
15235,12
15236,1
15237,4
15238,3
15239,2
15240,5
15241,8
15243,1
15244,2
15245,3
15246,2
15249,13
15252,2
15253,5
15254,1
15255,1
15256,1
15257,1
15258,2
15260,6
15261,1
15262,1
15263,1
15264,1
15265,2
15266,1
15270,4
15271,15
15272,2
15274,2
15275,1
15276,1
15277,1
15279,1
15280,1
15281,9
15287,1
15288,5
15289,3
15290,18
15291,7
15292,1
15296,5
15297,3
15298,11
15300,1
15301,9
15303,1
15304,4
15306,3
15307,1
15308,1
15311,90
15312,4
15314,1
15315,2
15318,1
15319,1
15320,1
15321,3
15322,1
15325,1
15326,1
15327,1
15329,3
15332,3
15333,1
15334,3
15335,1
15339,2
15342,1
15343,1
15344,1
15345,1
15346,1
15347,1
15348,1
15349,2
15350,1
15351,7
15353,2
15355,1
15356,10
15358,22
15360,1
15361,1
15363,1
15364,2
15365,7
15366,2
15367,3
15370,5
15373,9
15374,1
15376,3
15379,7
15380,4
15381,1
15382,5
15384,2
15385,1
15386,1
15388,1
15392,4
15393,2
15394,4
15396,1
15397,1
15398,2
15399,3
15400,1
15402,2
15406,2
15407,4
15408,1
15410,8
15411,4
15412,1
15414,3
15415,1
15416,4
15417,1
15419,1
15421,4
15422,2
15424,2
15426,5
15427,3
15428,1
15429,2
15432,1
15433,2
15434,5
15435,1
15436,3
15437,1
15438,1
15440,3
15443,7
15444,2
15445,1
15447,1
15448,1
15449,3
15450,1
15452,3
15453,7
15454,1
15456,3
15457,1
15458,1
15460,1
15462,3
15463,1
15464,1
15465,9
15466,1
15467,3
15468,1
15469,2
15471,1
15472,1
15475,1
15478,2
15480,1
15482,4
15483,4
15484,4
15485,3
15489,3
15491,6
15492,2
15493,5
15494,2
15498,24
15500,4
15502,8
15503,1
15504,1
15505,3
15506,3
15507,1
15508,6
15511,5
15512,2
15513,14
15514,9
15516,3
15517,1
15518,6
15520,1
15521,7
15522,2
15523,1
15525,3
15526,1
15527,8
15528,1
15529,11
15530,4
15531,2
15532,4
15533,3
15535,3
15537,1
15539,1
15540,1
15541,1
15543,1
15544,9
15545,2
15547,13
15549,3
15550,4
15551,1
15552,1
15553,1
15554,1
15555,16
15556,1
15557,1
15561,4
15563,3
15565,2
15567,1
15568,3
15569,2
15570,12
15571,4
15572,7
15573,2
15574,3
15576,1
15577,3
15578,1
15579,2
15581,8
15582,3
15584,4
15585,1
15587,2
15589,2
15592,1
15593,1
15594,4
15596,4
15597,1
15598,1
15599,2
15601,14
15602,5
15604,1
15605,4
15606,9
15607,1
15608,3
15609,1
15610,1
15611,6
15615,21
15618,4
15620,3
15621,1
15622,9
15623,1
15624,4
15625,4
15626,2
15628,9
15630,2
15632,8
15634,1
15636,2
15637,1
15639,1
15640,14
15641,4
15643,2
15644,4
15645,1
15646,3
15648,2
15651,3
15652,1
15653,1
15654,2
15655,1
15656,4
15658,4
15659,1
15660,7
15663,1
15664,1
15665,2
15667,1
15669,4
15670,1
15671,5
15673,4
15674,4
15675,3
15676,3
15677,1
15678,1
15679,3
15680,3
15681,4
15683,1
15687,9
15689,2
15690,1
15692,1
15694,9
15695,2
15696,7
15699,1
15700,2
15701,3
15703,1
15704,4
15705,1
15706,3
15707,4
15708,7
15709,1
15712,4
15713,2
15714,2
15716,4
15717,1
15719,13
15720,1
15721,1
15722,4
15723,1
15724,2
15725,1
15727,7
15729,1
15730,3
15732,1
15733,1
15734,2
15737,5
15738,14
15739,1
15740,1
15743,4
15745,4
15746,1
15747,3
15748,1
15750,8
15752,7
15754,3
15755,6
15756,4
15757,2
15758,1
15759,2
15762,2
15763,2
15764,5
15766,1
15768,3
15769,1
15773,1
15774,1
15775,1
15776,1
15777,2
15780,3
15781,3
15782,3
15783,1
15785,5
15786,3
15787,3
15789,1
15790,1
15791,2
15795,1
15796,8
15799,3
15800,2
15801,3
15804,13
15805,14
15806,3
15807,1
15808,4
15809,4
15810,3
15811,6
15812,3
15813,2
15814,4
15815,3
15819,4
15820,1
15821,2
15822,2
15825,1
15826,2
15827,12
15829,2
15830,1
15831,3
15832,1
15834,3
15835,4
15836,1
15837,1
15839,3
15840,2
15841,4
15843,1
15844,1
15845,8
15847,2
15850,2
15852,1
15853,1
15854,6
15855,5
15856,25
15857,1
15858,5
15860,7
15861,7
15862,4
15863,1
15864,3
15865,3
15866,1
15867,15
15869,2
15870,1
15872,1
15874,6
15877,2
15880,1
15881,3
15882,3
15883,2
15885,1
15886,1
15888,1
15889,2
15891,1
15894,1
15897,1
15898,5
15899,1
15900,1
15901,3
15903,1
15904,1
15906,7
15907,3
15909,1
15910,8
15912,1
15916,7
15917,1
15918,2
15919,2
15920,3
15921,1
15922,1
15923,1
15925,1
15930,1
15932,8
15933,3
15935,1
15937,1
15938,4
15939,7
15942,1
15944,1
15947,1
15948,2
15949,2
15950,4
15951,2
15952,4
15953,8
15955,13
15957,1
15958,1
15963,2
15965,4
15967,2
15969,3
15970,1
15971,5
15973,1
15974,7
15975,1
15976,2
15977,2
15978,1
15980,1
15981,4
15983,4
15984,9
15985,2
15986,1
15987,4
15988,1
15990,2
15992,1
15993,6
15994,1
15996,6
15998,5
16003,5
16005,4
16006,1
16007,4
16008,3
16009,2
16010,3
16011,16
16012,3
16013,5
16014,3
16015,3
16016,8
16017,1
16018,2
16019,8
16020,3
16022,1
16023,3
16024,1
16025,1
16026,1
16027,2
16029,3
16030,1
16031,2
16033,19
16034,3
16036,1
16037,3
16038,2
16040,3
16042,3
16043,3
16045,4
16048,1
16049,3
16050,1
16052,1
16053,2
16054,1
16055,1
16056,1
16057,7
16059,6
16062,4
16063,1
16065,1
16066,5
16070,2
16071,1
16072,1
16076,9
16079,2
16080,2
16081,5
16083,2
16084,1
16085,5
16086,5
16091,2
16092,3
16094,4
16096,1
16097,1
16098,7
16099,3
16101,1
16102,2
16103,4
16104,1
16105,1
16106,1
16107,3
16108,1
16109,1
16110,3
16112,2
16113,1
16114,1
16115,8
16116,1
16117,1
16119,2
16120,2
16121,2
16122,3
16123,1
16124,1
16125,1
16126,4
16127,1
16128,5
16131,3
16133,26
16134,2
16135,1
16136,2
16139,2
16140,2
16141,1
16142,1
16143,6
16145,11
16146,2
16147,1
16149,2
16150,5
16153,5
16156,9
16157,2
16159,1
16161,19
16163,1
16164,3
16168,17
16169,4
16170,6
16171,1
16172,4
16173,6
16174,2
16175,4
16177,1
16178,1
16179,1
16180,6
16181,1
16182,1
16183,1
16184,3
16185,2
16186,12
16187,15
16188,4
16189,2
16190,1
16191,10
16193,1
16198,1
16200,2
16201,4
16202,1
16203,4
16204,1
16205,3
16206,4
16207,1
16208,2
16209,4
16210,11
16211,1
16212,2
16213,1
16214,3
16215,1
16216,1
16217,2
16218,5
16221,3
16222,1
16224,4
16225,5
16226,2
16227,1
16229,2
16230,2
16232,4
16233,2
16235,4
16236,1
16239,2
16240,2
16241,12
16242,7
16243,2
16244,2
16245,3
16247,1
16248,1
16249,4
16250,2
16253,2
16255,8
16256,1
16258,4
16260,1
16261,4
16265,9
16266,7
16268,2
16270,1
16271,4
16272,1
16274,1
16275,1
16276,1
16278,1
16279,3
16281,1
16282,1
16283,4
16284,2
16287,1
16292,1
16293,8
16295,4
16297,1
16298,3
16302,1
16303,3
16305,1
16306,6
16309,2
16311,2
16313,2
16315,1
16316,6
16317,3
16318,1
16320,1
16321,3
16322,2
16324,2
16325,3
16326,13
16327,6
16330,3
16332,7
16337,1
16338,1
16339,1
16340,1
16341,4
16342,3
16343,2
16345,1
16347,2
16348,7
16350,4
16351,1
16352,2
16353,8
16354,1
16356,2
16357,3
16358,4
16359,8
16360,6
16361,4
16362,4
16363,1
16364,2
16365,2
16366,1
16367,2
16368,2
16369,3
16370,4
16372,2
16374,2
16376,2
16378,3
16379,4
16380,1
16383,2
16384,2
16385,3
16386,2
16387,1
16389,4
16392,1
16393,13
16394,3
16395,5
16398,2
16399,2
16400,1
16401,11
16402,1
16403,1
16404,1
16406,1
16407,8
16409,5
16411,2
16412,1
16413,1
16414,1
16415,1
16416,3
16418,3
16419,5
16422,28
16423,1
16425,1
16426,9
16427,2
16431,3
16432,1
16433,1
16434,7
16438,5
16440,5
16441,2
16442,3
16444,4
16445,1
16447,1
16448,1
16449,2
16450,1
16451,1
16454,1
16455,7
16456,5
16457,1
16458,18
16460,3
16461,1
16463,4
16464,3
16466,7
16469,4
16470,4
16471,1
16473,3
16474,6
16475,3
16477,7
16478,2
16479,2
16480,1
16482,1
16483,1
16484,2
16485,1
16488,3
16491,1
16493,4
16494,1
16495,2
16496,3
16497,6
16498,2
16499,2
16500,4
16503,4
16504,1
16506,1
16509,1
16510,1
16511,3
16513,1
16515,5
16516,1
16517,1
16518,2
16519,2
16520,3
16523,15
16525,15
16526,1
16527,1
16528,1
16529,1
16531,7
16533,3
16535,1
16536,1
16539,4
16542,1
16545,1
16546,1
16549,10
16550,5
16551,2
16552,2
16553,4
16554,2
16555,2
16556,7
16557,1
16558,20
16560,2
16561,2
16563,1
16566,4
16567,2
16569,1
16570,8
16571,3
16572,3
16573,2
16574,1
16581,1
16582,1
16583,1
16584,2
16586,1
16587,1
16589,3
16591,1
16592,14
16593,2
16594,1
16595,1
16596,2
16597,1
16598,1
16600,6
16601,1
16602,1
16603,2
16607,11
16609,7
16610,1
16611,1
16612,4
16613,1
16614,1
16616,2
16617,1
16618,4
16619,1
16620,2
16621,4
16623,1
16624,2
16625,1
16626,15
16627,1
16628,5
16629,2
16633,6
16634,1
16637,4
16638,7
16639,3
16641,1
16642,2
16643,1
16644,2
16647,2
16648,1
16650,1
16652,5
16653,2
16654,4
16655,6
16656,7
16657,4
16658,1
16660,2
16665,1
16666,1
16667,2
16668,6
16669,2
16670,10
16672,12
16674,2
16676,4
16678,12
16679,1
16680,1
16681,3
16682,3
16684,1
16685,1
16686,7
16688,4
16689,1
16690,2
16693,2
16696,2
16697,1
16700,13
16701,9
16705,12
16706,3
16708,1
16709,4
16710,9
16711,2
16712,10
16713,15
16714,1
16717,6
16718,1
16719,7
16720,1
16721,1
16722,12
16723,1
16725,6
16726,5
16727,1
16728,4
16729,20
16730,3
16732,1
16734,2
16735,5
16738,1
16739,1
16743,7
16744,7
16745,16
16746,18
16747,2
16748,5
16750,5
16751,1
16752,1
16753,1
16755,3
16756,1
16757,1
16758,1
16759,2
16761,1
16762,3
16763,1
16764,13
16766,2
16767,10
16768,3
16769,1
16770,5
16771,5
16773,1
16774,4
16775,11
16776,1
16777,2
16778,2
16779,22
16780,2
16781,1
16782,12
16784,1
16788,2
16789,1
16790,6
16791,7
16792,1
16793,1
16794,8
16795,1
16796,1
16800,1
16801,4
16803,1
16804,2
16805,2
16806,4
16807,3
16808,2
16809,5
16810,1
16811,2
16812,1
16813,10
16814,21
16816,3
16817,8
16818,11
16820,1
16823,1
16824,2
16825,2
16826,1
16828,1
16829,1
16830,1
16833,4
16834,1
16835,2
16836,2
16837,8
16838,2
16839,24
16841,6
16842,3
16843,12
16846,1
16847,1
16848,1
16849,1
16850,1
16851,3
16852,1
16855,2
16856,1
16858,1
16859,2
16861,2
16863,2
16866,3
16869,4
16871,5
16873,6
16875,5
16877,6
16878,1
16880,6
16882,2
16883,2
16884,2
16885,3
16887,1
16889,3
16891,5
16892,5
16893,1
16895,1
16897,2
16898,3
16899,6
16900,2
16902,1
16903,1
16904,14
16905,6
16906,3
16907,5
16909,1
16910,8
16912,9
16914,1
16915,4
16916,2
16918,5
16919,11
16921,1
16923,15
16924,3
16926,1
16927,2
16928,17
16929,7
16930,3
16931,21
16932,1
16933,2
16934,2
16936,1
16938,3
16940,3
16942,9
16943,1
16945,17
16947,1
16948,2
16949,6
16950,2
16951,3
16952,1
16953,1
16954,4
16955,3
16956,1
16957,2
16959,1
16960,3
16961,1
16963,1
16965,1
16967,1
16968,2
16969,2
16971,1
16978,1
16979,6
16980,2
16982,1
16983,7
16984,2
16985,7
16986,1
16987,6
16988,1
16992,5
16996,5
16997,1
16998,1
16999,2
17001,11
17002,3
17004,2
17006,3
17007,6
17010,1
17011,1
17014,3
17015,3
17017,19
17018,1
17019,4
17022,1
17025,1
17026,1
17027,6
17030,1
17031,2
17033,3
17034,3
17035,2
17037,1
17038,1
17040,1
17041,3
17042,5
17043,4
17045,2
17046,1
17047,3
17048,3
17049,9
17050,6
17051,1
17052,1
17053,1
17054,4
17058,3
17059,5
17060,1
17061,7
17062,4
17063,7
17064,3
17068,21
17069,9
17070,1
17071,8
17073,4
17075,4
17076,3
17078,1
17080,1
17081,1
17082,2
17083,3
17084,2
17085,5
17086,6
17088,4
17090,3
17091,7
17092,4
17094,1
17095,3
17096,4
17097,6
17100,1
17101,3
17105,2
17107,5
17109,6
17110,1
17111,1
17114,7
17115,3
17117,1
17118,1
17119,2
17120,1
17122,1
17123,1
17124,1
17125,1
17126,4
17128,1
17131,4
17133,3
17134,2
17135,4
17138,1
17139,12
17140,1
17142,1
17144,2
17146,2
17147,4
17148,1
17152,1
17153,1
17154,1
17155,1
17157,2
17158,3
17159,3
17160,6
17162,8
17164,6
17165,1
17166,2
17169,2
17171,1
17172,1
17173,7
17174,1
17175,4
17176,1
17179,3
17180,4
17181,1
17183,5
17187,1
17188,6
17189,2
17190,1
17191,7
17193,4
17194,1
17197,1
17198,3
17201,1
17203,6
17204,4
17205,1
17206,1
17211,8
17213,7
17214,6
17217,1
17218,10
17219,1
17220,14
17221,2
17222,1
17223,2
17226,1
17227,4
17228,8
17229,2
17230,5
17231,10
17232,2
17233,1
17234,1
17235,2
17236,6
17237,2
17238,15
17239,1
17242,2
17243,23
17244,1
17245,1
17247,1
17248,1
17250,2
17251,1
17252,1
17253,1
17254,2
17255,2
17256,1
17259,2
17262,1
17263,1
17265,2
17266,3
17267,2
17268,1
17272,3
17274,1
17277,2
17278,1
17279,1
17282,2
17284,6
17286,1
17287,6
17288,5
17289,3
17290,2
17293,8
17295,3
17297,1
17298,1
17299,4
17301,1
17302,5
17303,1
17306,2
17309,1
17311,2
17312,1
17314,7
17315,34
17320,3
17321,1
17323,7
17324,2
17325,1
17329,2
17333,1
17334,1
17337,3
17338,8
17339,2
17340,10
17341,3
17343,1
17344,1
17345,4
17346,15
17348,5
17349,1
17350,4
17351,1
17356,1
17357,2
17358,2
17359,1
17360,3
17361,3
17362,2
17364,11
17365,8
17367,1
17368,6
17370,4
17371,2
17372,8
17373,4
17374,2
17375,3
17376,2
17377,19
17379,1
17381,1
17383,1
17384,2
17385,1
17386,3
17387,2
17388,1
17389,22
17392,2
17394,1
17396,1
17397,2
17398,2
17400,5
17402,7
17403,1
17404,4
17405,3
17406,2
17409,2
17410,5
17411,3
17412,7
17415,1
17416,6
17418,2
17419,12
17420,3
17422,6
17423,2
17425,1
17426,6
17428,18
17429,3
17430,2
17431,1
17432,2
17433,1
17434,7
17436,2
17438,1
17442,6
17444,2
17446,1
17447,2
17449,7
17450,5
17451,6
17453,2
17454,4
17455,1
17456,1
17457,2
17458,1
17459,2
17460,4
17461,3
17462,2
17463,5
17464,1
17466,2
17469,5
17470,5
17472,3
17475,1
17480,1
17481,4
17483,3
17486,1
17489,2
17490,5
17491,9
17492,1
17495,2
17496,1
17498,1
17499,1
17501,2
17502,3
17503,2
17504,6
17505,2
17506,1
17507,2
17508,1
17509,8
17510,1
17511,23
17512,7
17514,1
17515,4
17516,5
17517,1
17519,6
17520,1
17521,3
17522,5
17523,2
17524,1
17525,1
17526,3
17527,4
17528,8
17530,10
17531,1
17534,1
17535,1
17537,2
17538,1
17540,2
17542,1
17545,3
17548,1
17550,2
17551,1
17552,4
17554,5
17555,2
17556,1
17557,3
17560,2
17561,1
17562,7
17564,3
17566,2
17567,8
17569,1
17571,3
17572,4
17573,3
17574,1
17576,19
17578,1
17579,3
17580,2
17581,22
17582,1
17584,2
17585,4
17588,1
17589,4
17590,3
17591,7
17593,5
17594,2
17595,2
17596,7
17597,1
17600,1
17601,1
17602,6
17603,1
17604,2
17608,2
17609,5
17611,15
17612,6
17613,13
17614,1
17615,3
17618,3
17619,1
17621,3
17623,1
17624,2
17625,4
17629,7
17630,2
17631,3
17633,4
17634,9
17636,1
17637,2
17642,2
17643,1
17644,11
17646,3
17647,1
17648,3
17649,1
17651,9
17652,12
17653,2
17654,1
17655,7
17656,5
17658,1
17659,11
17660,1
17663,7
17664,2
17666,2
17667,5
17668,2
17669,5
17670,1
17671,4
17672,2
17673,6
17674,1
17675,28
17676,6
17677,20
17678,1
17679,1
17680,1
17682,6
17684,1
17685,6
17686,6
17690,14
17691,2
17692,4
17693,1
17694,1
17695,2
17696,8
17697,1
17698,1
17700,4
17701,1
17702,4
17703,3
17704,2
17705,9
17706,17
17707,2
17708,2
17709,1
17711,2
17712,1
17714,1
17716,10
17718,1
17719,15
17720,3
17722,4
17723,1
17724,3
17725,11
17727,1
17728,3
17730,13
17731,4
17732,1
17733,2
17734,3
17735,19
17736,1
17737,2
17738,4
17739,6
17742,1
17744,6
17746,1
17749,2
17750,5
17754,5
17757,30
17758,7
17759,3
17760,2
17761,1
17763,1
17764,2
17765,3
17767,1
17768,3
17769,10
17770,2
17771,2
17772,1
17774,4
17777,3
17779,3
17781,1
17783,2
17785,1
17786,2
17787,4
17789,1
17790,12
17791,1
17793,1
17795,2
17796,4
17797,3
17799,9
17800,9
17802,3
17805,1
17806,1
17809,3
17811,39
17812,4
17813,4
17816,4
17817,2
17819,2
17824,1
17827,5
17828,3
17829,1
17830,3
17831,1
17832,1
17835,3
17836,1
17837,8
17838,5
17839,1
17841,119
17843,1
17844,1
17848,5
17849,2
17850,34
17852,2
17854,2
17855,1
17856,2
17858,8
17859,1
17860,1
17861,7
17862,1
17863,6
17864,3
17865,17
17866,1
17867,1
17869,5
17870,9
17871,1
17873,4
17874,5
17877,1
17878,1
17879,1
17880,1
17881,1
17883,4
17884,4
17885,1
17886,3
17887,1
17888,6
17889,2
17890,2
17891,1
17892,2
17893,1
17894,8
17895,1
17897,3
17898,2
17899,1
17900,2
17901,1
17904,1
17905,2
17906,1
17908,1
17911,1
17912,3
17913,2
17914,1
17917,3
17919,1
17920,17
17921,4
17924,2
17926,2
17928,2
17930,5
17931,2
17932,3
17934,1
17935,2
17936,1
17937,1
17939,1
17942,1
17946,2
17947,1
17950,3
17951,3
17954,11
17955,1
17957,1
17958,1
17960,1
17961,17
17962,1
17964,2
17965,13
17966,1
17967,1
17968,1
17969,1
17970,1
17972,1
17973,1
17974,3
17975,13
17976,1
17977,1
17978,1
17979,3
17980,3
17984,1
17985,1
17986,1
17987,1
17988,2
17990,2
17994,4
17995,1
17997,8
17999,2
18001,2
18004,1
18005,2
18006,1
18008,2
18009,1
18010,1
18011,1
18013,1
18014,1
18015,1
18016,5
18018,2
18022,1
18024,1
18027,1
18030,2
18032,1
18033,1
18034,2
18035,3
18036,3
18037,1
18040,2
18041,20
18042,1
18043,3
18044,8
18045,1
18048,2
18050,1
18053,1
18055,10
18056,1
18059,3
18061,6
18062,3
18064,1
18065,12
18066,1
18067,1
18069,5
18071,2
18072,1
18073,10
18074,1
18075,10
18077,11
18078,2
18079,2
18081,2
18082,1
18085,2
18086,1
18088,1
18092,3
18093,1
18094,6
18095,2
18096,3
18097,5
18099,1
18101,2
18102,7
18104,1
18105,1
18106,1
18108,1
18109,24
18110,1
18112,2
18114,1
18116,7
18117,1
18118,26
18119,1
18120,1
18121,2
18122,6
18123,2
18125,4
18126,1
18127,3
18129,1
18130,3
18135,3
18136,3
18138,1
18139,6
18142,1
18143,2
18144,7
18145,4
18146,2
18147,1
18149,2
18150,3
18151,2
18154,2
18155,3
18156,2
18158,2
18159,1
18160,2
18161,5
18164,1
18165,1
18167,3
18168,6
18169,1
18170,3
18171,3
18172,12
18173,4
18176,1
18177,6
18178,4
18179,5
18180,5
18181,1
18183,2
18185,1
18188,3
18189,2
18190,2
18192,1
18193,1
18196,2
18198,15
18200,1
18202,3
18203,1
18204,3
18205,2
18209,1
18210,6
18211,5
18212,1
18213,1
18215,1
18216,1
18217,2
18218,1
18219,10
18221,5
18222,1
18223,14
18224,1
18225,12
18226,11
18227,1
18228,2
18229,16
18230,7
18231,5
18232,4
18235,3
18236,6
18237,5
18239,4
18241,16
18242,4
18245,7
18246,1
18248,2
18249,1
18250,1
18252,2
18255,1
18257,7
18259,2
18260,6
18261,2
18262,1
18263,2
18265,2
18269,1
18270,2
18272,6
18274,1
18276,1
18277,1
18278,1
18280,1
18281,1
18282,2
18283,15
18287,2
