CustomerID,Money Spent Entropy
12347,4.518600555572191
12349,3.5355977262904874
12350,2.6645368767942714
12352,3.6223102129495914
12353,0.6730116670092565
12354,3.1701666639046704
12355,1.3852175202653494
12356,2.3122106641423685
12357,3.639677644062682
12358,1.6055598826592756
12359,4.510810232781183
12360,4.409353972425067
12361,2.185653511711868
12362,5.047576404881713
12363,1.763549035366354
12364,3.310551982926541
12365,2.7615128009662047
12367,1.7450853105527564
12370,4.3888928847961255
12371,3.436245043777474
12372,3.062398091266656
12373,1.877854982173357
12374,2.5760970241443193
12375,2.1205257997398066
12377,3.724232279642834
12378,4.765006443062098
12379,3.4081851322289296
12380,4.056954258213086
12381,3.8227831140499062
12383,3.662034857133438
12384,2.3694598510462237
12386,1.0974088280586503
12388,3.7437576641324792
12390,2.3591418399593445
12391,2.644026159845501
12393,3.672323820879874
12394,2.6386046626788553
12395,4.349781493182069
12397,4.1167393837316935
12398,3.4886266134271136
12399,3.081942029102782
12401,0.0
12402,2.252922592091371
12405,3.015763256269661
12406,3.7756919827846334
12407,3.190679141944453
12408,4.092389816925704
12409,0.6931471805599453
12410,2.2956484048338397
12412,2.7500694574441344
12413,3.0102032283680025
12414,1.607461403933538
12415,1.8170123728619028
12417,4.2289073752436686
12418,2.179527240134193
12420,2.2207990125323636
12421,3.0284053353524696
12422,3.4575459070096866
12423,4.248758424870806
12424,2.052241080446529
12425,2.9558973972026594
12426,2.959538555462249
12427,2.8714026381955184
12428,4.743787430692922
12429,3.6261873075368296
12430,1.5475180405293414
12431,4.669044630115925
12432,3.649673519064444
12433,4.643849582917158
12434,2.66740861873236
12436,1.3269043903838131
12437,4.335507840135169
12438,3.8085913946036944
12441,1.788225042680446
12442,1.3614861380874366
12444,4.343406243605329
12445,0.0
12446,3.458509339656962
12447,2.907722971851699
12448,2.4175118283011567
12449,4.695415791838461
12450,1.5553450587616837
12451,4.849823384197007
12452,2.4183568765844576
12453,3.194510837651138
12455,3.6013861909437734
12456,4.060861883741463
12457,3.2955430204027514
12458,2.8074466707396724
12461,3.030210864686059
12462,3.506310194156896
12463,3.9007613942915813
12464,1.3265772562252918
12465,3.4209968099943175
12468,3.028923968345118
12471,5.101921375244407
12472,5.277857728761117
12473,4.471898935480734
12474,5.487027831731608
12475,2.8407424919544386
12476,4.473835549877391
12477,4.7187520321932
12478,2.7592737413732484
12479,2.4205529478360743
12480,4.56237605480799
12481,4.364043029107113
12483,3.213782657070722
12484,5.104370045308867
12488,3.294814708805248
12489,1.8928034308848187
12490,4.9833314629463255
12491,2.579114289995383
12492,2.3576301327031253
12493,2.758690675366883
12494,3.7030707989722367
12498,2.597167981737994
12500,2.5530465225795833
12501,4.320033794298983
12502,4.048915581747645
12507,1.766541461841072
12508,3.5410788124971746
12509,1.0986122886681096
12510,2.9990330278578803
12512,1.2568032738161419
12513,2.9469576895217746
12514,3.5245096141698404
12515,1.6007330203894692
12516,0.6791932659915256
12517,4.995043099684542
12518,4.12268574501906
12519,2.5139716611281124
12520,4.333130326084753
12521,3.31346318862283
12522,1.3809707137822216
12523,3.871431471166398
12524,3.872678762827297
12526,3.8446703736856045
12527,1.981314919195934
12528,3.684143959380262
12530,3.4041923847313496
12531,2.4444160724691257
12532,2.4074871498517396
12534,3.6024577032120466
12535,2.518333145542751
12536,4.940572922819094
12538,2.0647482794190886
12539,5.019385203827658
12540,5.288018388550443
12541,3.0291929437134577
12544,2.689934058488833
12545,3.379004947342225
12546,3.9237198136702807
12547,0.0
12548,1.3848875668233926
12550,3.2341831990615355
12551,2.2801978730970673
12552,1.5922958571751387
12553,4.762442394222307
12556,3.6878271284102415
12558,0.6931471805599453
12559,2.226485622132072
12560,4.068409864106382
12561,2.031299446128997
12562,4.737528047399248
12564,2.2923931550651035
12565,1.9439863446623118
12566,1.3694725898579605
12567,5.539354600405058
12569,4.372760680614085
12571,2.7437293262733826
12572,3.121568969391694
12573,1.941269224250739
12574,1.9259966974580847
12576,4.093339764957369
12577,3.6904544177332057
12578,4.312158746358842
12579,2.8884691810871534
12580,2.944003418056212
12581,2.269807150029259
12582,2.310737848973376
12583,4.373084452889446
12584,2.7521247531835518
12585,3.5549703612065264
12586,1.3751191113518582
12587,0.0
12588,1.0608569471580214
12589,2.8139854290381736
12591,2.8620158269990243
12592,1.7409831242550116
12593,2.918378223788477
12594,4.153257045444163
12596,2.156853507871949
12597,4.533392159436308
12598,3.917669262092685
12599,3.234965539618127
12600,3.082678814652586
12601,2.777349035601834
12602,1.6034466378526682
12604,1.9430615814729784
12607,3.92551394080831
12609,3.3592576171341215
12610,3.925806154702716
12611,3.6330190435486043
12612,1.0100997593541636
12613,4.478337157662145
12614,1.7765987842926514
12615,3.9099915096032407
12616,3.137696060434459
12617,3.084153187212777
12618,1.0711234740981073
12619,3.165938558683264
12620,3.7610083915065107
12621,5.473782377856395
12622,1.9099761739874017
12623,2.5061128642708423
12624,2.6700301474520005
12625,2.9245333984588955
12626,5.094016043149943
12627,4.882053287032524
12628,2.874106720228242
12630,3.6437225127937864
12631,2.6995634303343534
12633,4.128895595678614
12635,3.9815144114671446
12637,5.329016778888733
12638,2.5845941325445714
12639,2.6076089329173233
12640,3.191140804805615
12641,1.5718723017669953
12642,2.956771119821646
12643,0.0
12644,2.3664771484149747
12645,3.681438415961468
12646,2.337934961235609
12647,3.771597755740911
12648,2.5183176711275057
12649,2.674506377311731
12650,1.76103978123356
12651,1.5829352243666528
12652,3.464498220610511
12653,2.3942907687880792
12654,3.284100680118746
12656,3.7511956303320275
12657,2.7632897866742114
12658,2.696335637474361
12659,0.6931471805599453
12660,2.185890354009442
12662,5.00072577069339
12664,1.3524284531084854
12665,0.0
12667,2.5789102640719004
12668,4.558067519985621
12669,4.17931470613323
12670,3.8095955191254456
12672,1.7633060798626183
12673,3.0104160855258297
12674,3.431670951807592
12676,2.7617639734085446
12678,2.4555412494277435
12679,3.325163973484015
12680,3.504957561624322
12681,5.798653064512256
12682,5.667978587546139
12683,5.1141477123301655
12684,3.688140440684418
12685,4.570234732088986
12686,1.0533566491407487
12688,3.8836887506194717
12689,3.9577552208838838
12690,2.0315362689669856
12691,2.7169455041748543
12693,2.7616412266124346
12694,2.3482765372282377
12695,1.7650572522256291
12697,2.924051747133404
12700,5.041220049121014
12701,2.913177754075323
12702,1.0756267988159172
12703,2.8617264532378246
12704,3.7039120731980932
12705,5.139629314679084
12707,3.0659730487144254
12708,4.549650342605165
12709,3.8371454347547815
12710,3.696124653318453
12712,3.5930432592045984
12713,2.9035582043699426
12714,4.864212726911482
12715,2.8167076128378343
12716,3.7027266345912615
12717,3.570127305739227
12718,2.0636929142031164
12719,2.9258235338009255
12720,5.156423141622121
12721,4.3157635224755255
12722,3.129060934431464
12723,2.9570687899675843
12724,3.417298523827
12725,2.3832969462575577
12726,3.6116777687099084
12727,3.951023773341334
12728,3.1544814485712
12729,2.58132364843543
12731,3.796512518818523
12732,1.8792489989177052
12733,2.439369832417026
12735,2.7835241141692015
12738,1.3389990892395254
12739,2.5852109312974307
12740,2.519488077883476
12743,2.6453777707725217
12744,3.9765874896836184
12747,3.640097939018914
12748,6.87000220357802
12749,4.407725599383597
12750,1.5095446763266123
12752,0.0
12753,1.0888999753452238
12757,4.945733052567317
12758,3.3630861081608363
12759,3.9781413074062577
12762,3.451091243273508
12763,1.8576906330420722
12764,2.9616979081722077
12766,5.039534813802099
12769,2.2855782880424127
12772,3.1802218923531638
12775,2.916778999157752
12778,2.7275290745737837
12779,4.00442828440791
12781,1.0414963982027325
12782,4.064272928853718
12783,3.699538384132253
12784,3.146262476002019
12785,2.387167520929003
12787,2.0443234505859085
12790,2.184006657189266
12792,3.024115511746059
12793,2.6540480077443953
12794,3.1833118143161867
12795,1.7455926894869822
12797,1.940124333335337
12802,2.141378011077513
12808,2.876743886829005
12809,2.4622732454290537
12811,3.2273384275564565
12812,2.161171554491131
12815,3.066605736798954
12816,2.354503847937151
12818,1.4591338688718525
12820,3.561240449831532
12821,1.3296613488547582
12822,3.2595879432596564
12824,2.511857010850218
12826,4.135556634011133
12827,2.542258144514323
12828,3.3305169773091476
12829,0.0
12831,1.5999064448541573
12832,2.791793835204435
12833,2.051157111433651
12834,1.9236940707396823
12836,3.9125417704002055
12837,1.3275994808672176
12838,3.8126640390707536
12839,5.33177847559733
12840,4.127017496122182
12841,4.996841496075098
12842,2.3222865350366995
12843,3.5485475412283245
12844,2.775647289681133
12847,2.878355907883182
12849,2.6873822724926026
12851,2.2233162197158536
12852,2.3016333542784557
12853,3.682986311708343
12854,4.062976538525725
12855,1.0565758044102838
12856,5.131999325885313
12857,3.237282461627383
12863,0.0
12864,0.0
12865,3.8757702240075367
12866,2.5997337295183165
12867,5.4686736108006615
12868,4.144591442977625
12871,1.7852620436663769
12872,3.5588536961268034
12876,3.3680073308644003
12877,4.009947024305115
12878,3.4884892392691658
12879,0.6172417697303416
12881,0.0
12883,2.3835454391114372
12884,1.0986122886681096
12885,3.664047451904626
12886,3.690903150976079
12888,0.0
12890,2.93968807666466
12893,2.3923726222313504
12895,2.631228007792781
12901,2.6763770539153158
12902,1.606584420173392
12904,3.0701363605769627
12906,2.758170679289228
12909,3.6317076891902733
12910,3.09823399321742
12912,1.0986122886681096
12913,2.247336303765277
12915,1.769836673509496
12916,3.6370881290765102
12919,3.332840743723755
12920,1.3261774909381994
12921,5.944590565377769
12922,2.820666036555153
12923,1.9808511631530696
12924,1.8462452848418467
12925,3.3308924244261795
12928,3.973073551216852
12929,0.6931471805599453
12930,2.373506964943694
12931,0.0
12933,3.601607284109671
12935,4.274779282512718
12936,3.037674538557986
12937,3.85489936648307
12938,1.5807103494727792
12940,3.8254042152816794
12942,2.8991207778161114
12944,2.9846818636834676
12945,2.4795275420880536
12947,3.8620717221344365
12948,4.315879362534488
12949,4.749584714663655
12951,3.7442673556285984
12952,3.6316744432861183
12953,2.0298750409273016
12955,4.290094874385945
12956,1.6189853173471542
12957,4.85449345149876
12962,2.3119709785824663
12963,3.9703195506083744
12965,3.652750012397874
12966,1.9149398899705639
12967,0.0
12968,0.6931471805599453
12970,3.117069932826479
12971,4.636417111337235
12974,0.6931471805599453
12976,1.7902457941527632
12981,2.752072588849369
12982,2.9639584577542357
12984,1.0733942812811266
12985,3.542846808176523
12987,2.4891243821225117
12988,2.544079308175876
12989,2.1472647492984054
12990,1.9456706603300986
12991,2.6808076563117478
12993,3.0614299263271243
12994,3.2366496962153892
12997,3.3874712288193276
12999,2.8800325337189276
13000,2.640211794843323
13001,5.192073761905076
13002,1.599221256587268
13003,1.0481336034822881
13004,5.414811737607082
13005,1.9413351720627177
13008,2.378435336320588
13011,0.6890092384766586
13012,3.924301382566724
13013,4.735854628073721
13014,3.9048658776521137
13015,4.441004890744109
13016,3.1826535969728464
13018,5.617116715003417
13021,4.11466505674335
13023,2.4662744663223792
13026,1.3778195080390327
13028,3.161616167629841
13029,1.9223164327252773
13030,3.5561266033461627
13032,3.536120761735142
13033,2.1666060056314556
13034,3.371131626141241
13035,2.588202688584804
13037,2.9224162332681636
13038,2.6916147931762002
13040,3.2884351263132894
13043,1.3384440544233056
13044,1.934467648441903
13045,2.5367547717605716
13046,2.806687416735228
13047,4.151456755629165
13048,4.536547587318655
13049,1.2722437922015997
13050,5.296169787347494
13052,1.367185175643378
13055,3.6872420133880355
13059,1.5447283704839543
13060,2.1395991304355375
13061,1.3357286542668096
13062,1.0802233741340157
13064,3.5633017467678294
13065,1.774287033266513
13066,2.633973346963325
13067,1.8187176613132137
13069,5.100587862020427
13070,1.945910149055313
13072,1.0270867226644362
13075,1.8586229200094087
13077,3.4806314610308187
13078,4.8756140492965745
13079,0.6931471805599453
13080,0.0
13081,5.881324825780593
13082,3.659323892849142
13083,1.7524236752648437
13085,2.231317667716328
13089,6.546563550983353
13090,4.146377655811411
13091,1.91539645436064
13092,1.787401837411844
13093,3.5410127266268567
13095,0.6911927820032008
13097,5.037462615136461
13098,4.722244369026372
13101,1.046033486851276
13102,5.01966442351814
13103,1.3429114669319426
13104,2.167217756375927
13107,2.648873458250568
13108,0.6615632381579821
13109,3.2271114381634476
13110,3.4924008470015986
13113,4.4646697453594175
13115,4.213660487968055
13116,2.0327304559554205
13117,3.6040455424803546
13118,3.5530809385501105
13120,0.0
13121,3.4622304823205416
13122,3.637343826398755
13124,4.58361317065553
13126,4.005009203781126
13127,2.0887488896254864
13130,0.0
13131,3.363010213636037
13132,0.5623351446188083
13133,0.6905939864775922
13134,3.8027782867034374
13136,4.317674512951908
13137,5.698666983522422
13138,3.869980016545823
13139,4.207630482524444
13140,3.000616482730108
13141,4.502065311386509
13142,2.2076062150083935
13144,0.6931471805599453
13145,0.5623351446188083
13146,2.012570187551993
13148,4.747645387350675
13149,3.6438627038547255
13151,3.2748016099430624
13153,1.2965687148860832
13155,3.727917342425733
13157,3.764069224033402
13158,4.0555248586008
13159,4.027132371456563
13160,0.0
13161,1.0795295733255186
13162,2.852742630433856
13165,1.9099612125754226
13166,3.3087433065850695
13167,3.067197886937756
13168,3.8140996436693366
13169,0.6818546087307834
13170,1.8536156091829548
13171,2.7629879755220896
13173,2.4217372234835675
13174,4.786059631013991
13176,2.722322664076705
13177,2.557005997904851
13178,5.04626679743901
13182,1.0986122886681096
13183,3.5767731255065724
13184,3.866173099758517
13186,3.755325818004328
13187,2.1941494078325614
13189,0.6931471805599453
13192,3.452389407633712
13193,2.0305486651705276
13194,0.0
13196,4.02289123345798
13198,4.906641746168546
13199,2.408928486125658
13200,2.9171309680440665
13203,2.9574821420123203
13207,1.0986122886681096
13208,4.244814360906546
13209,5.2789854691650575
13210,2.803247904247411
13211,2.7962646914644558
13212,3.51634902285989
13213,3.770183209429619
13216,0.0
13218,1.0888999753452238
13220,0.9921406599065365
13221,2.960727034041073
13223,1.3847652576490412
13224,4.044652637296164
13226,2.155604204829225
13227,1.7351264569629226
13229,1.7787040754585461
13230,5.195392352107995
13232,4.2221414817368315
13233,2.0651650824601915
13235,3.5694640372734026
13236,2.0619629963954926
13238,3.1719122825859385
13239,2.455458696902831
13240,3.5042725207603356
13242,2.5649493574615376
13243,3.4144571811495092
13244,2.122536973236635
13245,0.6591525038229908
13246,4.039698888102685
13247,2.526029035823917
13248,2.687022158714984
13249,1.5723427772247462
13253,2.060028032560024
13255,1.5667549376678385
13258,2.5077104509465995
13259,2.9281045298215918
13260,0.6846162778013047
13262,1.5907769701466463
13263,6.389874692070205
13265,3.4422500669208462
13266,4.267145743967745
13267,4.714605622280815
13268,5.345664883112177
13269,4.948957896106838
13271,2.6293042833206823
13272,1.3821564190366038
13273,2.14829506293367
13276,2.2714557011361918
13278,3.0284350720599638
13279,1.5897577262299158
13280,3.858336356508487
13282,2.925699572673392
13283,1.5254465403233506
13284,1.774909036092021
13285,4.79777742319433
13291,2.6094630347027423
13292,2.7554830754254342
13294,3.2651366130166095
13295,2.0688037283333243
13296,0.6911927820032008
13297,3.112815262831454
13299,1.0986122886681096
13300,2.6113097524510174
13301,3.7288098553525515
13304,2.2789117451828766
13305,3.474036495435987
13307,0.0
13308,3.4727527392595445
13309,3.932020673780828
13310,3.784229383368475
13311,1.0381829405082639
13313,4.005903385424616
13314,2.644945579427157
13316,0.9809896824453154
13317,4.136087736606742
13318,1.7023356304971649
13319,5.547624141838239
13320,4.4078671481398635
13321,1.085869291944345
13322,1.9500728737116175
13324,1.0763951189873606
13325,1.0907115534410028
13327,3.8159514971245416
13328,0.6931471805599453
13329,1.0545791006369025
13330,3.5357722181540248
13332,2.687934666873417
13334,5.066760265887192
13336,3.3846334107927003
13338,2.183364119458335
13339,3.012904401650394
13340,2.308089493355575
13341,3.1594884443845954
13343,2.0464162704398894
13344,4.189959566516881
13345,2.6971275005324764
13348,2.268855860522895
13349,1.9328907466415817
13350,2.6601653697620344
13351,2.188631380935482
13352,2.6153096809134944
13354,3.3845647800079717
13355,3.200858597688591
13356,2.967245914667342
13357,3.630943194371691
13358,2.269796808414471
13359,2.1107453804713545
13362,4.485621186814215
13363,3.4264666663287
13364,2.1477772610006873
13365,4.289865884218952
13368,2.6538057164892614
13369,1.9964308002122153
13370,3.1424019955239864
13372,2.441447293717018
13373,4.33027284140747
13375,2.8653325219924644
13376,3.4803206709448453
13379,3.3739060589855883
13381,4.379951979108755
13382,2.482186573155708
13384,3.9887025724177128
13385,2.4676259239985403
13388,3.0209464538272606
13389,3.1099468596998783
13390,2.025822779881029
13394,4.344393928240735
13395,2.030754885896803
13396,2.973920655660853
13397,2.8245120269071613
13398,2.258449900185097
13402,2.78666585362396
13403,0.6931471805599453
13404,1.93067822941339
13405,2.361571585343732
13408,4.597061646161361
13410,2.1591238281080884
13411,2.188255639533623
13414,2.074114713498175
13417,2.0601168675852386
13418,4.751082995664532
13419,1.7871322052399599
13420,1.3848875668233926
13421,3.961247239241775
13422,4.305339383987923
13425,3.460925233359875
13426,3.779892196984282
13427,2.4574050194736423
13428,2.638738505717404
13429,3.1633558507543884
13430,2.9648257751604805
13431,2.811421137767132
13434,1.3816533374690994
13435,2.761775958629592
13436,1.7730626559930964
13437,4.293971089580567
13439,3.3288437534439774
13441,1.904153041592064
13447,3.3127982534705174
13448,4.606186650216916
13449,2.062965713944946
13450,3.309170453392651
13451,5.477751467684256
13453,2.1700483464601645
13455,3.1334772296273745
13456,2.8833809555449044
13458,5.180195139624682
13460,1.3819786564827
13461,1.3860748361380986
13462,1.7738137568655221
13464,3.1443535074760076
13466,2.3447698592935025
13467,3.578965190574165
13468,4.9481624517152145
13470,2.3025850929940455
13471,4.673849473538639
13473,1.3639670249467628
13474,3.090269644213901
13475,3.95674308103682
13476,3.2044412287493476
13477,3.5500582267047727
13479,1.0397207708399179
13481,4.228659672231526
13482,1.938899649803162
13483,1.750762050213171
13485,2.7330172533136134
13486,3.8220869369532573
13487,2.7368104555225603
13488,5.383228287166444
13489,2.0614871781581603
13491,3.4763380707577047
13492,2.896030089871704
13494,1.9037776177902144
13495,2.8454672138651196
13496,3.1431497030953106
13497,2.5047193227437323
13499,2.5445539906716266
13500,3.398860081862554
13501,3.0900643425893333
13502,2.0549101983251
13503,1.7823028328125963
13504,2.069976118464835
13505,4.724302629715431
13506,2.692935373985356
13507,4.331640830921741
13508,1.3406176764364497
13509,1.6447793048304358
13510,4.094170739037449
13512,1.3739070173490822
13513,1.7500457448414766
13514,0.6931471805599453
13515,3.673578136713797
13516,3.106132337845491
13517,4.3116729956199435
13518,3.2436373233175257
13519,0.0
13520,3.293141586191053
13521,4.351708504437073
13522,1.083140768859532
13523,4.137996942773449
13524,2.68777186049072
13525,0.6931471805599453
13527,4.427444913024951
13529,1.0940584729109202
13531,2.3688744731932165
13532,2.223024154103263
13533,3.4141250994040626
13534,5.238279881625248
13536,4.202225384484097
13539,2.862079239688539
13544,1.6812520440267191
13546,3.8812974905322117
13548,3.420808576320735
13549,3.4957494141000454
13552,3.5134313582187673
13555,3.5207730609094963
13557,2.734394349593657
13558,3.9089773030252557
13560,2.650911441456758
13562,3.7216710040057177
13563,1.9600960002959356
13564,3.3964311716593585
13565,3.1426058719001
13566,4.311256049430269
13568,2.5081456979938577
13569,2.8797171594547186
13570,2.020128498872996
13571,5.267065368163794
13572,2.403879451579382
13573,2.162927433587975
13575,3.587779632957345
13576,3.4560913663170867
13577,3.9560381727269993
13579,2.0564936395340268
13581,1.3460233340185128
13583,3.2171834358627547
13584,1.256637906749007
13587,1.094464939600294
13588,4.211630989289712
13589,1.7867149405135523
13590,3.936395185474451
13591,3.410616566227322
13592,1.9235499944324466
13593,3.9199178368321714
13594,2.18210992748492
13596,3.267126972574337
13598,1.5641315026219944
13599,4.588263297702455
13600,1.5156281089029933
13601,3.693900005395887
13602,2.7292727919513546
13603,1.2704417386050006
13606,2.2101478817676417
13607,3.522404493587479
13610,4.1734675138849004
13611,3.382786953991484
13614,3.9798388600417227
13615,2.5384895907254332
13617,3.205530489902127
13618,1.3823778744781472
13621,2.372997185591652
13623,2.652337888350004
13626,2.535483884126938
13627,3.608956343329625
13629,1.5863805628067738
13630,3.21463362476572
13632,4.15021570832161
13634,4.2840388909114
13635,3.5658588179144526
13636,3.4323194433494613
13637,4.009902645812646
13638,1.6046482611007278
13639,2.945356209543082
13642,2.1206803553255575
13643,3.08205799733546
13644,4.114209023746747
13645,0.0
13647,3.8449459424727186
13649,2.5597505671264282
13650,4.056355876765482
13651,1.0969222018974736
13652,3.520795449523812
13654,4.5063221273451335
13655,3.1629464343025
13656,3.1125152697201
13657,2.259612626440709
13658,4.214372141924864
13659,3.84266827130796
13662,3.1921306049556537
13663,1.5613452706135893
13666,0.5982695885852573
13667,2.60928502356044
13668,5.478789070607039
13669,0.6931471805599453
13670,2.071730420557582
13672,0.0
13673,2.834085739139599
13675,2.6030076886549285
13680,4.599747899149752
13681,3.588380867417557
13684,1.5378777271487536
13686,2.074435707227386
13689,0.0
13690,0.6517565611726531
13692,1.2336841378337724
13694,2.2581929845864064
13695,3.824557246231691
13697,1.754105330999288
13699,1.085869291944345
13700,4.201521736391712
13704,3.959522788926779
13705,2.753115931285539
13706,2.4443227161068233
13707,3.1657545127462683
13708,2.955749359848183
13709,5.013937304321512
13710,1.376055285260417
13711,0.6798376211857489
13712,1.7780691481349788
13715,4.212694894064941
13716,2.375551644431655
13717,3.3669031622381427
13718,1.3862943611198906
13719,3.615058477314933
13720,3.152181744099604
13721,2.548028988425963
13722,3.6245545711143343
13725,3.9906315061279662
13726,2.8144005168020962
13727,2.516075766784795
13728,2.6017418294854013
13730,2.800460981502736
13731,3.113045149839544
13732,2.6897286480290528
13735,4.365190101752538
13736,3.8151716972861855
13737,2.248633443800854
13740,2.056229905913432
13741,2.6805894497792693
13742,4.307590096877697
13743,2.059406022852244
13744,2.459361626679598
13745,1.3571260384004589
13748,2.3454792556160893
13750,1.6073953335341107
13751,0.9481493958859665
13752,3.28985485252433
13753,3.139584307355612
13754,1.9157911568081614
13755,4.100328314938422
13756,3.792062495841947
13758,4.06365734537385
13759,2.631074289283961
13760,3.0684212594601994
13761,3.5827815460381878
13762,0.0
13764,4.636523726576889
13767,5.0246933935380085
13769,4.3425477344841035
13771,4.1883452413725415
13772,4.302074525992674
13774,2.546325357986488
13777,3.155019694206724
13778,1.2888217708633622
13780,3.2346739551297894
13781,2.281571344695787
13782,3.900715653869311
13784,0.6407848608302267
13786,0.6700089798274271
13787,2.6178727587574904
13790,1.9376946761714937
13792,2.1503964353425986
13798,1.1778210141494903
13799,3.5057752485748446
13800,3.1209146935758616
13801,2.5443909152778192
13802,2.273875890492779
13803,2.4618474980137686
13804,4.16945569355641
13806,1.0008064454076917
13807,1.0900596587107838
13808,3.748511570734275
13809,1.2805340475238804
13810,2.9228966421003735
13812,3.0481520815204584
13813,3.2322538481396177
13814,3.1517145989754143
13815,4.548267860446172
13816,2.7490511949632577
13817,2.8091217210237707
13819,2.188760440312516
13821,3.2811250920142823
13822,3.661733221961273
13823,2.646006392726576
13824,2.9080755124519357
13826,1.0981562798333317
13827,2.2563135914754775
13828,2.1630225743798146
13831,2.9235313181531675
13832,1.091627846724338
13833,2.1332360227590357
13835,3.5378620293541223
13837,1.899267136179203
13838,3.1644854550747934
13842,4.55589534800785
13844,2.78489773900519
13845,1.315783511711388
13846,3.4925426592709217
13849,4.127692473348571
13850,4.181312158242645
13851,3.5089274424353487
13853,2.2623823638487153
13854,2.6578568158462743
13856,2.129226524139753
13858,1.716808297572197
13859,2.5969815614603737
13860,3.8189082547274875
13862,4.565330331359615
13863,2.4578516875262224
13865,2.8824967666329186
13866,1.0270867226644362
13867,3.220150180909297
13868,2.5545495723542793
13869,4.998738337848255
13870,3.9007071519256744
13871,5.080076477195732
13873,1.941461941700433
13874,2.037719373338045
13875,4.205675435346163
13876,1.0962687420571586
13877,0.0
13878,2.1499639987516423
13880,4.576258508635739
13881,3.318938690931884
13882,2.3870288580320773
13883,4.255745435977302
13884,3.411936386552682
13885,2.601920574060577
13886,2.0498270911954175
13887,1.9244364039211481
13888,2.9253278994838774
13889,1.0986122886681096
13890,4.028728162457901
13892,2.0138290846424205
13893,0.5982695885852573
13894,2.6928102940499596
13895,4.144877910859272
13897,2.1775686356077943
13898,1.9236742692116056
13899,2.761075727820444
13900,3.018969307289167
13901,4.173964204850407
13904,2.7517017367509067
13908,4.269877284498735
13911,4.317652206827704
13914,2.9508876694661335
13917,2.2527148154493215
13918,2.8143876118064393
13919,2.1775667882376006
13922,0.0
13923,2.1372874331757714
13924,3.902241901126979
13925,2.6111721938166372
13926,1.6012916655827278
13927,2.185004823776129
13928,2.124873360265714
13929,0.6407848608302267
13930,2.067403378650312
13931,3.6254626671163686
13932,2.1388769880364844
13933,2.545256296606745
13934,2.706381776936077
13936,2.6833544385089563
13937,1.5719876307424527
13938,1.291164716929294
13939,2.7837228468342468
13940,3.165024488982785
13941,2.3389673929014436
13946,0.0
13947,1.385290518287407
13948,0.0
13949,4.184330072154691
13950,2.8606973144676635
13951,3.1120693110817785
13952,4.130804684395917
13953,1.3355692016361995
13954,2.462040246076252
13955,2.498990947240579
13956,3.832266654985382
13959,3.2467267389141776
13960,2.177364120938197
13962,1.3845837188050785
13963,2.5914638546732336
13969,5.715078529985452
13971,4.490582157891012
13972,1.7741591305723665
13973,1.7562456723998838
13974,2.923197228069244
13975,5.0291371800901645
13976,1.0986122886681096
13978,1.2062487216161106
13979,3.5206565560055183
13980,0.6210863745552451
13982,4.13899206849651
13983,3.8035087880298786
13984,1.9580909667540523
13985,5.462145090855187
13986,1.7695852744740264
13988,4.618639085731359
13989,2.687179789605069
13990,2.0556096894119165
13991,3.3009627430401336
13992,0.9950269901795212
13993,3.7550685253931624
13994,4.126330978218743
13995,4.03480398613581
13999,4.895087208763476
14000,1.5361745435185123
14001,2.5222815571282546
14002,1.9326888853979425
14004,4.4505057294891275
14005,2.999671666336985
14006,2.8283193970660827
14009,3.231978091654416
14012,0.666278442414676
14013,3.165530485803677
14014,1.2888217708633622
14015,2.2083655625126224
14016,4.249915428562116
14019,3.6984585548832962
14020,3.0123071566098663
14021,2.2887455984169067
14022,2.6318815837335205
14023,2.7918273392358195
14024,2.1815965377067
14027,1.5613916347033885
14029,1.2882523050229002
14030,4.3618235387969095
14031,4.023291572579819
14032,4.311498928895723
14034,2.9628159385424984
14035,3.3030786212338343
14036,2.7100965848412817
14037,1.8419715232997507
14038,4.302581387429319
14039,1.3862943611198906
14040,4.228034152411523
14041,1.7313408175711875
14044,3.537324172622863
14046,0.0
14047,2.2602878969701488
14048,3.627058414860459
14049,5.416175887854177
14050,3.395232683947295
14051,3.91468558341303
14052,1.4019454593787286
14053,0.0
14054,1.6094379124341005
14055,1.2627569485441843
14056,6.044631489237923
14057,4.748987625011351
14059,1.576834393050564
14060,3.947630020249829
14062,2.448154657424405
14064,3.4951339596344773
14066,1.606584420173392
14067,2.136760714848171
14068,2.112191193621215
14071,3.9931423903079755
14073,2.064854747492382
14075,2.68946481508254
14076,2.0254737095392823
14077,2.6387691309054304
14078,2.6727868437063744
14079,0.6931471805599453
14080,1.3689223607402194
14081,4.013705882632409
14082,2.3991877689758456
14083,3.773660954707204
14085,5.336664700921481
14087,2.7735585872422517
14088,3.8758608212049506
14089,0.6539296366200833
14092,4.848867920511314
14093,3.5413397350197786
14096,7.075739672870484
14098,1.6830119516404334
14099,4.647706595331037
14100,2.376657104482787
14102,3.210389247282252
14104,1.5437891850588954
14105,3.5018594578016082
14107,3.8622336887233413
14108,2.6659294764055645
14109,1.5319007436394807
14110,4.584020730631746
14111,0.6730116670092565
14112,4.724814058303489
14113,2.6909422634239677
14114,2.2737705937488704
14116,3.6908501694145066
14121,4.445720326127687
14125,4.469876783258366
14126,1.8607676097328376
14127,3.0024917425789273
14128,3.3078906191273743
14129,3.2946990385526167
14130,3.5574412097391033
14132,4.73432141501532
14133,2.7589203119623864
14135,3.7667051083182552
14138,3.0018800329710316
14139,2.5107655633833263
14140,3.8003309644988033
14141,2.9611807142275217
14142,2.5254887616984076
14143,1.3778195080390327
14146,4.803429530594355
14147,0.0
14149,3.0296788266214056
14150,1.7753695270298022
14152,3.164243294160378
14154,3.3612031006617404
14155,0.0
14156,6.061157984534672
14157,2.906840903315925
14158,2.2809112359759247
14159,6.1014328261091455
14161,3.981727218237295
14162,2.2345802458302173
14163,2.387811389760469
14164,2.4502822829312065
14165,2.226329136069002
14167,1.6305811388049891
14171,2.8998665952874187
14173,2.451272514844656
14174,2.9034951485834286
14175,4.262747058747484
14176,3.1522128584114237
14177,2.1001845024555674
14178,4.3210368492347575
14179,3.8415291416348882
14180,3.6307448009243743
14184,2.289381682370226
14188,2.774033455445845
14189,4.849447691853206
14191,4.902967047139454
14193,3.3736296752823454
14194,5.692179136745428
14196,0.6710806543560228
14198,2.739230558193394
14199,0.0
14201,3.0049840520598083
14204,1.970694535312282
14205,2.2824223229743654
14206,2.584331096594131
14208,1.3679587977183412
14209,3.3462064850260416
14210,3.9101013477934283
14211,4.293108995212151
14214,3.7075372681459755
14215,4.191776880433659
14216,3.159372330560334
14217,3.311670763024402
14218,2.172846471126521
14219,0.6615632381579821
14220,1.929121721025714
14221,4.513736756335881
14222,3.1088328217773435
14223,3.1042281563804837
14224,3.45924985734437
14226,2.978357175935889
14227,4.683554907188346
14229,2.9813545680326015
14231,3.5735044284115993
14232,4.112692191249718
14233,2.4747201630711335
14234,3.2876634177894046
14235,3.289956130328615
14236,1.0736253820943074
14237,1.0660493483542606
14238,1.3557763079306742
14239,4.125437350287766
14240,3.0021050895741923
14241,1.586872651825531
14242,2.3804505721062617
14243,4.132331581603206
14245,4.084538310236537
14246,3.816879448263199
14247,1.91704448855015
14248,1.5867847075280475
14250,4.146269606451277
14251,3.3091046711870336
14256,3.24085820866016
14257,4.013451354138633
14258,0.0
14259,0.6926267989248349
14261,3.117418270670199
14262,4.561625936177892
14264,1.0606018056124555
14265,1.0986122886681096
14267,3.092032689988778
14270,2.5430589058167694
14271,1.365718034595769
14272,1.7076557777254888
14273,3.117593150591959
14276,3.716992392367421
14277,4.571584674887923
14280,1.0900596587107838
14282,4.494998951305337
14284,2.382974768326308
14285,1.9864283048036229
14286,4.842908763652439
14287,0.6869615765973234
14288,2.5011997383255693
14289,2.7436806493723194
14290,3.992907446634232
14291,4.662841270217211
14292,3.8215372170631863
14293,3.3896274762474445
14295,1.0733942812811266
14297,3.542357228054037
14298,5.790055939960138
14299,4.255269463342435
14300,1.0769865220544765
14301,0.6911927820032008
14304,1.8869890410603019
14305,4.158930149478772
14306,1.371441933473878
14307,4.639522651418142
14309,4.205594058112932
14311,2.361931944407402
14312,3.816760337928914
14314,0.0
14315,4.086504097696329
14317,2.7206814949061853
14320,3.06221638541662
14321,3.3680369391405245
14323,3.0053614513759843
14326,1.361693500908736
14327,1.7866189226549727
14329,5.0490076206642325
14331,2.8760203213595608
14332,2.0637140848153375
14333,0.0
14334,4.34102698573428
14335,3.005121787514436
14336,3.7111289719646305
14338,2.758728514358189
14339,2.2720750326060735
14340,1.5392282924234713
14341,4.324340533232141
14342,2.0668795871295393
14344,2.948919078980737
14345,0.0
14346,3.0159174568027813
14348,2.4787370912822726
14349,2.3191386077024454
14350,2.562415863033896
14352,3.1548770248629285
14353,1.6011331321697377
14354,1.5677463062035455
14355,1.9317197895806049
14356,2.978668454466262
14357,2.6739462460838066
14359,3.4582596214851433
14360,4.078019820508191
14362,2.8691484190530985
14364,2.927242456004429
14367,5.591100999301345
14368,0.6920129648318738
14371,0.0
14373,0.0
14375,2.318395255613209
14377,0.0
14379,2.718197348608403
14381,3.3259078893437595
14382,3.374885501288159
14383,3.0469974549290653
14385,2.2466869944439587
14386,1.5465132460764126
14387,4.186318407830797
14388,4.770343553811897
14389,3.2116386064235387
14390,4.725988762574386
14395,5.139030698267194
14396,3.446965950690995
14397,3.247460899531484
14400,2.7358224091479797
14401,3.3884670546302265
14404,3.628633228167436
14406,1.377256286295672
14407,3.2873261932511197
14408,3.450419537829333
14409,3.290347204275257
14410,4.213144576014827
14411,0.0
14412,2.5050370339602166
14413,2.046530624158337
14414,2.6083070994567423
14415,5.733179447792907
14416,2.049212236597729
14418,3.876774901616604
14419,4.521862226155656
14420,2.7579488783214754
14421,1.7455941864865632
14422,4.6019311895645
14426,4.641348020019941
14427,2.185058030264195
14428,3.6617715489292624
14431,2.3716724113472814
14432,4.784154112200901
14436,0.6829081047004717
14437,1.580958051894927
14438,2.1179467008042274
14439,0.0
14440,3.091836182581267
14441,2.7764538662399354
14442,2.622845910696544
14443,4.134572227980914
14446,4.169409304046566
14447,3.8858432515541135
14448,1.948420712041058
14449,4.283046889389231
14450,2.6728700325150467
14451,4.18441796008057
14452,2.757013322390862
14453,0.8905397204999552
14456,5.349297523978005
14459,2.123501372731039
14461,4.2369914692129
14462,4.633238131478914
14465,2.6773935119403633
14466,3.255691657844214
14467,3.907164397603706
14470,2.5609084183427946
14472,4.7432971813222125
14473,0.990835386443849
14474,2.1837833654341474
14475,3.212971652419705
14476,1.9467874164542265
14479,2.368934680547025
14480,1.9227907692890285
14481,2.546349015447812
14482,3.5069213298093542
14483,1.832132394343198
14484,1.5794865577979107
14485,2.3679118131331864
14487,4.1818523192500585
14488,3.1498677698725577
14489,3.281114557898766
14491,2.2845462494694826
14493,4.2272567838713755
14494,1.5759221366458123
14495,1.791597725845987
14496,2.0062366156498057
14497,2.464444024565979
14498,4.5480845962825835
14499,4.260724477714212
14500,0.0
14501,1.0523975334040039
14502,5.0519130231704725
14503,4.534215714685276
14504,3.3066686996410573
14505,5.874809850639294
14506,4.418401456518929
14507,3.7272891873308716
14508,2.2740599275678512
14511,3.63038701471168
14512,2.5007102145299958
14514,3.1808002285550243
14515,3.8260719226404842
14517,1.76224140639652
14518,1.0986122886681096
14520,0.0
14522,0.0
14523,1.2641824889612507
14524,3.9894121598845778
14525,4.4757002812320215
14527,5.329344904541964
14528,1.9735032119127651
14529,3.319509423351387
14530,4.451543779213395
14532,2.0056604878132753
14533,2.818592952617476
14534,5.103068713398584
14535,4.982519410804728
14536,1.2550811374014192
14537,2.006674788077019
14538,2.6112834474812776
14539,2.7412159601211634
14540,2.989264665919409
14541,3.1877206417357864
14543,2.6294267606470245
14544,3.8645156471360824
14546,5.048735702913312
14547,5.065652893165692
14549,2.8863297389333615
14550,2.8779222597817427
14551,0.0
14552,2.8003351086001653
14553,3.5600959590438066
14554,4.399942741667721
14555,2.1305771776030897
14557,0.0
14560,2.7985055202518914
14561,3.640833112514034
14562,5.1305561985422665
14565,4.283979523279997
14567,3.0737120831320133
14569,1.2554823251787535
14570,2.353756216219801
14572,4.781710491907818
14573,3.9320673756152837
14576,0.0
14577,4.379736806094666
14578,1.607024092716758
14581,1.7895673803590835
14582,0.0
14583,4.093672885622069
14584,4.075090629453221
14585,2.197773535817089
14586,1.0962687420571589
14587,4.870674495374284
14591,3.8125197675687437
14592,3.4041970093851703
14593,3.813661116416967
14594,3.1381080097879575
14595,3.9145613145086293
14597,1.8509470122036045
14598,3.4767004235109225
14600,2.3726427223059914
14601,1.2926417289145575
14606,6.027284929609013
14607,0.6931471805599453
14618,0.9840865030829146
14619,2.2676648581404417
14620,2.370467692575362
14621,4.025531332493083
14622,2.353628690110437
14623,3.553973478951315
14624,2.06838370546235
14625,3.003162003589701
14626,4.187585991308979
14628,1.7372626119834367
14629,3.5533427551387176
14631,3.024557847124915
14632,1.5295377271889392
14633,1.9083316167980107
14636,2.9987691692887437
14638,1.6670990801830905
14639,4.307959116769315
14640,3.9344588508928444
14641,1.3533268849003288
14643,1.3227047029122039
14644,2.4975796740856597
14645,2.654286175933399
14646,4.1634876268955745
14647,2.5870248953126582
14649,3.689955525019789
14651,3.4894460476627693
14652,0.3669249912727096
14653,4.527186305529007
14655,2.242995245275149
14656,2.647107828274812
14657,4.06801877025047
14658,2.054362212075872
14659,4.896795407586826
14660,2.243977598466256
14661,0.0
14662,3.1748001318482317
14664,3.786927914759892
14665,3.983046678144596
14666,1.7317656972841382
14667,5.298528041099287
14669,4.454190328280033
14670,3.6895351586748983
14672,3.3082703076849427
14673,3.646907030999837
14675,3.4267660345956066
14676,0.6931471805599453
14680,3.76024114633259
14681,0.5623351446188083
14684,4.66563509465718
14687,2.0328591102910787
14688,4.820984387827864
14689,2.225325718565417
14690,3.0155063645416567
14691,3.2356383393453036
14692,3.78939983052127
14693,1.6554061366367072
14696,4.144433139486465
14697,1.7489707507713133
14698,4.443684470046303
14699,1.0820397581034547
14700,4.165817083859134
14701,4.7372542272756135
14702,4.896603866207024
14703,2.857242592834986
14704,4.5972216499772065
14708,2.278415805444416
14709,4.558541634534092
14710,3.665594410703943
14711,4.728451904569199
14712,1.806629589418549
14713,5.278768648478254
14714,1.5744502570209777
14715,3.3608717675553783
14716,2.686579025968409
14719,4.528984470072518
14720,2.2733088327120385
14722,2.1346270220649197
14723,4.058593423805558
14725,2.531214464842893
14727,1.6030736359231816
14729,3.174473172652737
14730,4.6062851077296285
14731,3.1187384773135967
14732,4.12092800166663
14733,3.4289477976464893
14735,4.565827264842684
14737,1.3480742606463656
14738,3.3660986890013582
14739,2.2615716013756293
14740,4.2738392857224925
14741,3.368334547761119
14744,2.010435311430152
14745,3.7147765245245687
14747,2.065532066230311
14748,3.9758696072064805
14752,0.0
14753,2.8617924879341787
14754,2.97540569629613
14755,4.6136840117506335
14756,2.6420320747737605
14757,2.160140894080491
14758,3.182370235045319
14759,3.617845158136118
14760,1.356414140734271
14761,2.1058262120780245
14762,1.9453972388497558
14764,0.0
14765,1.636091051729981
14766,4.244703542637179
14768,0.6108643020548935
14769,6.034218893528438
14770,3.066429562832232
14772,1.58928069161211
14775,3.3839435430528972
14776,3.59081781236544
14778,3.0006860808272653
14779,2.311914125007643
14780,2.7154463310378967
14782,1.5575608268701044
14784,2.125086801864385
14788,2.4101482664327203
14789,0.0
14790,3.2659026134775364
14793,1.9236742692116056
14794,3.7579939883302753
14796,6.005714340341646
14798,1.92482918266299
14799,0.6931471805599453
14800,5.052596493735083
14801,1.7351264569629228
14803,2.3869845366977036
14804,1.722217339793601
14805,0.0
14806,1.0670895187820832
14808,4.479129347194483
14810,5.1893570974842795
14813,2.4773247090040402
14815,3.2429746958399064
14817,3.823869073481806
14818,2.9119480274607867
14819,1.9191568012301938
14820,2.773324135961157
14821,0.6929389195380611
14823,1.3721361080536074
14824,2.3798686280598877
14825,4.254607115861357
14829,3.1084249182017785
14830,2.332074178725072
14834,3.460817399968895
14836,1.4776743073390497
14837,4.2135211756944555
14840,1.0986122886681096
14841,3.906617711856259
14842,4.522361269522745
14844,4.085284689137035
14847,2.1892517183433187
14849,4.958512494587892
14850,1.49793353120647
14851,2.7331281100442135
14852,4.326205051331956
14853,1.6028144016797774
14854,3.9912835791822463
14855,1.541058823899666
14856,3.6322820059236136
14857,3.2649228332164086
14859,3.501866894068723
14860,1.0842435291786918
14862,3.1681665214530415
14863,2.240518578554853
14865,0.0
14867,2.950605563805559
14868,4.691573009469798
14869,3.2623794237303994
14870,2.1700571435632923
14871,3.3253226938469647
14873,2.6893032502892584
14875,3.2360446322700818
14878,3.935053505932342
14880,3.069846985469503
14881,1.7859577753494345
14882,1.0357635608846085
14883,3.364516729727087
14886,2.3927642377239478
14888,2.9174182477581483
14889,1.9253646759613388
14890,1.5843919608228665
14891,3.1946697243545996
14893,3.741678752534148
14894,2.4468715624684796
14895,5.441947268008416
14896,2.7874345361813284
14897,3.1401276910053486
14898,3.712996787635435
14901,3.770028962766704
14902,2.1466816802573296
14903,5.2552296290666485
14904,2.429847671108889
14905,1.9094890720548996
14907,4.539549113961955
14908,0.9075352941050093
14910,3.0916115334601573
14911,7.803138968772293
14912,2.1331976377164636
14913,3.359242102067259
14915,2.0544506103743316
14916,3.7822941068332545
14918,2.212531336271035
14920,3.5210330916555206
14921,3.9534809349027458
14923,3.023140362867739
14924,1.5850401510395897
14929,1.9295147209580195
14930,4.097763733138896
14931,3.06972957234331
14932,1.0534577446529028
14934,3.8468926299039152
14936,5.0812989460692055
14937,3.0740580650048854
14944,4.127455108157023
14947,1.9169634238380702
14948,3.3698084250236793
14950,2.020729407893014
14951,1.9414908157887911
14952,3.6541503827193074
14953,2.573678903995266
14954,1.7698680282904733
14957,1.7781228830018896
14958,2.876580189515561
14959,3.5143885246714217
14960,1.8715314495586963
14961,5.189834988676767
14963,4.190376587919872
14964,1.522630897608852
14965,3.2808482623081763
14966,2.297640959474932
14967,0.6931471805599453
14968,2.408825895615961
14970,0.5375444124735402
14971,3.9991371211560907
14972,1.194453006323357
14973,2.720367482949675
14974,1.7430076464864155
14975,0.0
14976,3.2293923559660564
14978,4.138693974854228
14981,1.7783693738237054
14984,2.1303794000186453
14985,3.054831030694853
14988,2.6211620770298727
14995,2.905404423764606
14997,0.0
14998,2.614753204138227
15000,3.731676590836689
15002,4.161011381460041
15004,4.03048648285328
15005,6.399250822308209
15006,3.3089100031202
15007,1.9131396579669888
15009,4.312670081926507
15010,2.4168697533154675
15012,2.924444444783109
15014,2.7198648120467324
15016,1.7012809680214591
15017,2.081458655184249
15018,2.798620068745413
15019,2.977800314346308
15021,4.522210779093076
15022,3.6731664639106385
15023,5.5820847966400065
15024,4.333880666224109
15025,3.327662928686878
15026,3.5711623992836414
15027,2.617943653372001
15028,2.573677452953727
15031,3.5699576088465697
15032,2.931596224732835
15033,5.332076748391785
15034,5.1839288629746765
15035,2.5105883394480175
15036,3.427966901860282
15038,2.644836571973407
15039,6.317613579362719
15041,2.2569294250378498
15042,1.0011611153544564
15044,5.116349077034784
15045,0.0
15046,4.073510257658085
15047,2.859723352977503
15048,2.522251719455644
15049,0.0
15050,2.713501721524327
15051,4.077394949835974
15052,2.539179656795972
15053,3.0623037402540785
15054,3.0030950606611206
15057,0.0
15058,4.209503018956972
15059,4.528585758719409
15060,2.779349800223419
15061,2.1329119682479902
15062,3.634757025412335
15063,0.0
15065,4.368540221080584
15066,2.601630911033655
15067,3.9392043230977056
15068,3.9003554376819762
15069,3.245787420205577
15071,2.1197717127168665
15073,3.569582185214541
15074,3.4389405468865313
15075,2.2427008882799906
15076,3.0122577836344413
15078,5.735431431194826
15079,2.9276490484179334
15081,2.765467082918115
15083,0.0
15087,2.1821024243928777
15088,2.5755058718850874
15089,4.1587854913325835
15090,2.4637319407272487
15091,3.0539521689571107
15092,2.382749407380004
15093,3.299881726156456
15095,3.092736844807798
15096,1.7569624118147051
15097,2.6065348375594697
15099,2.7199725837226643
15101,1.0014390929280137
15103,2.9537724108834413
15104,2.8101429251329884
15105,4.1067954256444805
15106,3.872039428154206
15107,1.5896709686117432
15108,3.2642574359493315
15109,2.27986330190956
15110,2.7868564942629543
15111,3.639679401249267
15113,2.909216549171862
15114,4.448714769262212
15115,2.270334387870517
15116,2.7900104475787253
15117,3.9409079079348173
15119,1.606705622979787
15120,2.0679029132962987
15121,2.6836706284780476
15122,3.595130694395274
15123,4.019824426456336
15124,0.6931471805599453
15125,1.678179714922056
15127,2.3592631134433626
15128,3.9681300340603434
15129,3.473318290039084
15130,2.7807246329386484
15132,3.4252838450759326
15133,2.5455962541345327
15134,3.8523794134863145
15135,2.070758394178054
15136,3.906828936068858
15139,1.9029811250304791
15140,3.433442001669302
15142,2.3625802346643456
15143,2.2994726477292895
15144,4.458223907026633
15145,3.412432162546446
15146,3.7114382166431406
15147,2.522993185136113
15148,2.6800139995528065
15149,1.788225042680446
15150,5.0790514694973
15152,4.802145868005305
15153,2.164794910319298
15154,1.9512595041439562
15156,3.4012214122908375
15157,3.5847997478037295
15159,5.4701117091104985
15160,0.6869615765973234
15163,2.235548443279088
15164,3.9527740628299703
15165,2.5374578748812215
15167,2.656630914058747
15168,1.091627846724338
15172,4.008487542146004
15174,1.7797343228802345
15175,2.0560714882503284
15178,1.0296530140645737
15179,3.578707877516578
15180,1.0851928546349756
15181,0.0
15182,2.9046807840716204
15184,2.485459562264186
15186,2.135450721689221
15187,3.5345923116179043
15189,3.721237354352188
15192,2.5062492412073856
15193,1.0900596587107838
15194,4.846586719479504
15197,2.6427251144438393
15198,1.721924072421927
15201,2.8730896145449476
15203,4.4992848650989865
15204,1.0907115534410028
15205,2.8018493619529137
15206,1.0986122886681096
15208,2.641713160745999
15210,2.046759282985374
15211,3.145233861881714
15212,1.3694725898579605
15213,2.9089628829778804
15214,4.007502738723291
15215,2.6848040138603393
15218,3.702313668117346
15219,0.0
15220,4.020817418659584
15223,2.110277449739517
15224,1.7825253551401208
15225,2.4441194870118994
15226,1.5441422388761255
15227,2.896736107442724
15228,4.02134501911112
15230,2.4412882150009216
15232,1.8329679783425799
15234,2.28665716969357
15235,4.347314761328016
15236,1.3804513469572774
15237,4.006860729104277
15238,2.936341042664294
15239,3.4214560083690944
15240,3.574432298465026
15241,3.8555636636259094
15243,2.6525658625263904
15244,2.845066013492169
15245,3.9711643306328277
15246,3.3518300626786934
15249,5.235140987195795
15252,3.2566766736997743
15253,3.265199258602634
15254,2.3790245776116175
15255,3.1453095868585663
15256,1.7015676236796806
15257,0.0
15258,2.2935353706725583
15260,3.420809983996365
15261,2.067964759841601
15262,1.9185695889309782
15263,1.5953592462704247
15264,2.250472470562115
15265,3.537953688513921
15266,0.0
15270,2.6226344796497236
15271,4.699328284803989
15272,2.9708786563551803
15274,3.3597059675367333
15275,2.687311433364544
15276,1.0986122886681096
15277,1.5028582056221826
15279,2.04135668257708
15280,1.828648205594913
15281,4.138292626950091
15287,2.0523656776374373
15288,3.4512354624149397
15289,3.3662475167403376
15290,4.125474277582094
15291,2.9150902762437343
15292,2.0175469929514285
15296,4.7390748204434
15297,3.2156309089814274
15298,4.466106268553302
15300,2.824620618844547
15301,4.598602947659886
15303,3.113569646921765
15304,2.0745373637643842
15306,3.39983318133459
15307,0.6881388137135884
15308,2.383036825078695
15311,6.686507322832845
15312,3.2904007106396627
15314,2.5268476600310468
15315,2.472765735507204
15318,0.6931471805599453
15319,0.6798376211857489
15320,2.6371012110378924
15321,3.936040149599435
15322,3.106043026885948
15325,1.5700736225640786
15326,2.0665564184019853
15327,1.5915247455900643
15329,3.144078912363806
15332,2.3241721342724846
15333,2.023336181023588
15334,3.5862492031124953
15335,2.2423138114000953
15339,3.7208379902394797
15342,2.7345947943978577
15343,1.8966003094289976
15344,1.5988060978337968
15345,1.7672918925829437
15346,2.2903519000464234
15347,1.3767161972867064
15348,1.8737576239229923
15349,3.106232962173018
15350,1.3862943611198906
15351,4.3551288533259305
15353,3.226061719186023
15355,0.0
15356,5.617200973241879
15358,5.707245870349735
15360,1.0935344530326354
15361,0.0
15363,2.4223873700876033
15364,2.4958757910457803
15365,4.105132228924089
15366,2.9175469230421216
15367,3.948121285143264
15370,3.9380143082987757
15373,3.546487254472315
15374,0.0
15376,4.26028634054032
15379,4.668360309191522
15380,2.3018318103347375
15381,1.347928181791567
15382,5.037094631617972
15384,2.7945423173278416
15385,2.0941580661058468
15386,2.6936321224447815
15388,1.9004025840527805
15392,3.550292499141848
15393,2.1265546061896035
15394,4.057282467292061
15396,1.5808185358593017
15397,0.0
15398,3.698067302065082
15399,3.4916947683443587
15400,0.6730116670092565
15402,2.0257129172097232
15406,3.0967855764792653
15407,2.978293914341774
15408,2.4756419630984423
15410,3.769701655629066
15411,3.7697619397150777
15412,1.3403858193018587
15414,2.931950127656795
15415,3.359204796795331
15416,4.515743329128569
15417,3.286935882106657
15419,0.6911927820032008
15421,3.5744985399693117
15422,1.5783143524361232
15424,1.948315379389025
15426,4.148959366616013
15427,4.712682119217995
15428,1.3506522906454401
15429,2.708734039344135
15432,2.132889315093853
15433,3.4470887841378106
15434,2.805965497784904
15435,2.3991284188432402
15436,4.333639997822753
15437,2.542817376203689
15438,2.28643010014238
15440,3.1669423090356466
15443,5.106617274387658
15444,4.645278428873763
15445,0.0
15447,1.765954389375776
15448,2.877318398458085
15449,3.5919429889258576
15450,2.7165099955517373
15452,3.361607682896694
15453,4.3159435936693225
15454,2.568195622961143
15456,3.508486833365577
15457,3.573310912700609
15458,1.0767471399778437
15460,2.429195547763255
15462,2.1893229696075283
15463,1.3023502428306009
15464,3.740928819778903
15465,2.212183296515335
15466,3.169269363697168
15467,3.4270847027099474
15468,2.5501030027279463
15469,2.14365116035895
15471,3.3583723012211237
15472,3.467539032495139
15475,2.967484264757651
15478,2.702341897577619
15480,2.742535826371534
15482,1.6813003014459253
15483,2.39522411522765
15484,4.243485240968704
15485,2.6781812983261255
15489,3.361096438194196
15491,4.086711296446044
15492,2.6942860131495587
15493,4.389751745784862
15494,3.3347461203565323
15498,5.4002332491854155
15500,3.2307419003050994
15502,4.376051437467408
15503,1.0986122886681096
15504,1.7040703402696962
15505,3.237187345681765
15506,4.000331345513447
15507,2.016758227908489
15508,3.617677262409407
15511,3.556519297507329
15512,1.9131412728581032
15513,4.633077843764381
15514,4.163645892875886
15516,1.5884271151653058
15517,2.1779896906761236
15518,4.5103379529361
15520,2.643656945776401
15521,4.293762256704076
15522,2.7871870040924356
15523,0.6931471805599453
15525,3.7977223744952573
15526,0.0
15527,3.8601700805489765
15528,1.7629898938741906
15529,5.589710396889814
15530,3.8652955357680177
15531,4.368741451376515
15532,3.818059407718194
15533,3.3738698089367762
15535,2.55985027352361
15537,0.0
15539,3.2094112221884497
15540,2.0106184899232766
15541,1.0412597335159743
15543,2.400300119992386
15544,5.01248316305266
15545,1.797445298308367
15547,5.429442087266743
15549,3.9963908766594853
15550,3.4503381543879144
15551,2.2882741523749948
15552,2.1866147822767035
15553,2.543324735310899
15554,2.062058981679795
15555,5.8215547553330635
15556,2.753856989912217
15557,1.5697941100381227
15561,2.235456140614757
15563,3.7543590357719774
15565,1.5953139700704762
15567,1.0809077944206962
15568,2.824053023107991
15569,1.564957250242801
15570,4.963787014473423
15571,2.8901389809037554
15572,4.28219204254068
15573,2.648988281861555
15574,3.127010396673152
15576,3.1576488948511017
15577,2.657871464222589
15578,0.6730116670092565
15579,2.7533045655987505
15581,3.2551955251224305
15582,3.4215200778241392
15584,3.7180534996751042
15585,2.622235869506393
15587,0.6931471805599453
15589,2.928830838807994
15592,2.2725903893758916
15593,1.0608569471580214
15594,3.7589157300633516
15596,3.518267868466219
15597,2.732901790794065
15598,2.185453355078456
15599,2.942612344448368
15601,5.118554226986011
15602,2.238978260417485
15604,2.336763431654622
15605,3.3069801552619498
15606,3.5652129058455335
15607,1.5890269151739727
15608,3.322275644354297
15609,1.7847190176568641
15610,1.5954944864726812
15611,2.4976410218159883
15615,5.395549569056826
15618,3.2341125464995786
15620,3.872363314323872
15621,0.0
15622,4.593167229062488
15623,1.9239202881732933
15624,2.7890783976604787
15625,3.471097193758242
15626,3.228020163734423
15628,4.583003375600033
15630,3.201866265206508
15632,4.446278934596055
15634,2.0682397660913896
15636,2.7105830364658927
15637,1.5535837215031303
15639,1.3862943611198906
15640,5.434273449504169
15641,4.3110880262482425
15643,2.465083480730626
15644,4.4509846627928304
15645,2.447187133554335
15646,2.731202872501761
15648,2.2478143961659156
15651,2.2385157113158693
15652,1.4828276821691229
15653,1.3556331413105471
15654,1.5602883934913425
15655,3.142008629568127
15656,3.147598401076482
15658,2.814293698324127
15659,0.6931471805599453
15660,3.9422731229493793
15663,1.7765987842926514
15664,1.9260221937552915
15665,4.058064887711722
15667,1.7243678013990826
15669,2.6646623995670473
15670,2.0464740654602744
15671,3.682502968597548
15673,4.403594351572689
15674,4.145502014563056
15675,2.1860631336306455
15676,4.693142659323045
15677,2.7802756167542833
15678,1.8897546081636574
15679,3.618085420856264
15680,3.6473010608743537
15681,2.7266766871816017
15683,2.0593782400784555
15687,4.34727972985896
15689,1.7228535310484738
15690,1.366158847569202
15692,2.1753850989856893
15694,2.996294787983532
15695,2.8711256171535635
15696,4.479306944299519
15699,2.076260227007076
15700,3.9510733724535565
15701,4.332391078354524
15703,1.3402764234291362
15704,3.760150521839733
15705,0.0
15706,3.3135968972630816
15707,4.22152109881747
15708,4.530993007687208
15709,0.0
15712,3.4618598076551654
15713,1.8757159835544825
15714,2.184923394840083
15716,3.87718237497515
15717,1.6922108221038323
15719,6.038503755286153
15720,3.6612483671170675
15721,3.099739566313009
15722,3.4061940807178352
15723,2.127391425222151
15724,1.9061158207909055
15725,2.9855682084679867
15727,4.913916864258983
15729,1.0986122886681096
15730,3.738607405745742
15732,2.0729467485027273
15733,1.7851176672873859
15734,2.029044631955749
15737,3.6039925716040613
15738,4.151194526539377
15739,0.0
15740,1.09824476973446
15743,3.1162839857100706
15745,3.1454265761645295
15746,2.7656770699597524
15747,4.06567435852256
15748,2.047331760657952
15750,4.868504429128932
15752,5.447193828559586
15754,3.2420960606623943
15755,4.242889898525455
15756,2.9999836899337438
15757,3.1911032574691447
15758,0.6931471805599453
15759,0.6554817739013927
15762,2.915574278199669
15763,2.9216934696125247
15764,4.556573220309355
15766,1.3686095110425747
15768,2.671286342242206
15769,0.0
15773,1.0828367030254842
15774,2.023481604272737
15775,1.7780691481349788
15776,1.761677203581868
15777,2.2760070339840826
15780,2.5300670305335835
15781,2.5173925255668754
15782,2.171680320905947
15783,2.063758099509154
15785,3.5556122246192277
15786,4.730647535361342
15787,4.342767179355881
15789,2.467209130476949
15790,2.068038706438906
15791,3.8430075325845965
15795,2.611201977795234
15796,4.300816905833016
15799,3.235660548215055
15800,3.489327981466943
15801,3.5313557271471985
15804,4.891413515479477
15805,5.140749329771036
15806,2.144149909905296
15807,3.6030793883961243
15808,4.449125387031452
15809,2.7579027315380706
15810,4.0807221579143045
15811,4.328721722138038
15812,1.998285731029151
15813,2.269409614382472
15814,2.984283619335613
15815,2.21186809144425
15819,4.399563892481403
15820,2.090102138697739
15821,3.4119080158844937
15822,2.579068670161856
15825,1.3778195080390327
15826,2.9575548009147195
15827,3.8770548852817237
15829,2.6040976590494314
15830,2.7932123787548297
15831,2.8149848013080847
15832,3.8467647278225794
15834,4.539691819145381
15835,3.6410975702434363
15836,0.6901856760188042
15837,2.462473122983544
15839,3.699064820509186
15840,2.050619568080726
15841,3.126364680799262
15843,1.0877850954318122
15844,2.1639556568820564
15845,4.217660632260406
15847,2.728280273053836
15850,2.55461976246126
15852,1.8937882323911377
15853,2.0027916779035473
15854,2.9294507533372083
15855,3.9194536421887323
15856,5.246744330498047
15857,0.6931471805599453
15858,3.703961700819347
15860,3.61244408030899
15861,5.784956393042936
15862,3.68253588991431
15863,0.0
15864,1.7436017133161177
15865,2.521284401737476
15866,0.45056120886630463
15867,5.019569375343783
15869,2.0484431162174777
15870,3.2630023218346493
15872,2.883129468710126
15874,3.3147884044660216
15877,3.17424104877612
15880,3.0256326970555945
15881,1.5999617756449502
15882,2.1118022580949187
15883,2.7890538919671526
15885,2.276025517795161
15886,1.2588569979939224
15888,1.215834725750497
15889,2.9811629251620424
15891,2.764503479597569
15894,1.6663637029314955
15897,1.486392343015687
15898,3.4136033841039417
15899,0.0
15900,3.041436202871321
15901,2.6181233850033454
15903,0.0
15904,2.4818842850367027
15906,4.18324613348265
15907,3.494518696382279
15909,1.2852930241200995
15910,4.606370164709132
15912,1.82906963749585
15916,3.8436347501770483
15917,1.5863995236519473
15918,3.0908084625575745
15919,3.1876574163496745
15920,2.2785875796124286
15921,1.7990341808174657
15922,1.749348059247061
15923,2.0628125871396716
15925,2.1413035313094673
15930,2.3477645229977835
15932,3.5491546472701248
15933,3.5821275205297867
15935,1.0986122886681096
15937,1.608587136563937
15938,2.2908529962054245
15939,2.3835240147746704
15942,1.5642051851081122
15944,1.0986122886681096
15947,0.6931471805599453
15948,3.7833841651335667
15949,2.1502879284998007
15950,3.8045231693870742
15951,3.278398678524723
15952,3.4334627852532296
15953,3.7108118826650203
15955,4.536889453708639
15957,3.086280946566146
15958,0.8003733838584931
15963,2.7516707329902235
15965,3.7582865450512846
15967,3.2856923610212405
15969,2.028562570341487
15970,1.939192377143648
15971,1.8905287778120818
15973,0.0
15974,4.473333975489125
15975,2.8049150066856523
15976,3.5933332080926665
15977,2.869195601686628
15978,2.790253290593682
15980,0.6931471805599453
15981,3.0662672693827377
15983,3.881344462509316
15984,4.481243569153812
15985,2.037731838035457
15986,2.051769403421951
15987,3.52473687951628
15988,1.6053707428481356
15990,3.359392122470056
15992,0.6931471805599453
15993,5.1337119286874815
15994,2.7420770741317178
15996,4.158004475863945
15998,5.53985703282413
16003,4.063086091660286
16005,3.299135108730818
16006,1.3664254949488692
16007,4.695276762751821
16008,2.818075258488185
16009,3.6184387154960334
16010,3.4134063187203294
16011,4.886900958086251
16012,3.5389261997097052
16013,2.5649493574615376
16014,3.6989274271208883
16015,3.996123871394823
16016,4.420260604361238
16017,3.2337499916527537
16018,2.1869986515008195
16019,4.232099637425737
16020,3.4097685873127985
16022,3.443164060142174
16023,3.843733071487446
16024,2.6249480970785384
16025,2.9750638903411013
16026,2.932591488021128
16027,1.096825625496825
16029,1.0986122886681096
16030,2.6511602860481327
16031,3.0631476434147054
16033,6.038587071787359
16034,2.2254392262440184
16036,2.7368649703965096
16037,3.3013433174804514
16038,2.4601700717682924
16040,3.414313084423018
16042,3.73391787145743
16043,2.535976295174354
16045,3.7851281701753567
16048,1.0969222018974736
16049,4.063690451674595
16050,0.0
16052,1.9081724281018406
16053,3.8617196824352056
16054,2.9715295186150716
16055,0.0
16056,3.07343067697794
16057,4.219876124704967
16059,4.433591476227182
16062,2.5138925645424854
16063,2.291646925960938
16065,3.431072293612017
16066,3.3517193160071557
16070,2.6964798366778195
16071,2.687970306464243
16072,1.3653290906041107
16076,4.13328924481096
16079,1.0986122886681096
16080,1.8519873203557304
16081,4.519174659158071
16083,2.0318110867359267
16084,2.954828583489635
16085,4.534928990075295
16086,2.711962760056857
16091,2.276849262550561
16092,3.4537918401099934
16094,3.4415639148450765
16096,1.0986122886681096
16097,1.6020559154587264
16098,3.6384522244144275
16099,3.4490083190497636
16101,3.8530360298944073
16102,2.9707145984014325
16103,2.559425614001589
16104,2.691768066909394
16105,1.7661812036732227
16106,1.5988133360845524
16107,2.195963465915013
16108,3.4519944580169697
16109,1.0986122886681096
16110,4.677660228098921
16112,1.38128852666744
16113,0.796311640173813
16114,1.7854299604854142
16115,4.989683416085679
16116,2.6395037092372275
16117,2.7003090149720608
16119,2.216019053037993
16120,1.6769841336032871
16121,4.223765099729923
16122,2.748889963324915
16123,2.0233517742082827
16124,1.0957210284269405
16125,2.130060075597855
16126,2.9342531234149556
16127,3.0248872565949214
16128,4.001230680012535
16131,2.0078813672874243
16133,4.78247232925412
16134,3.35892878988481
16135,2.6057367872845054
16136,2.5639268477821116
16139,2.6524471792131656
16140,2.9431081144909257
16141,2.5231787397593917
16142,2.6748475757717127
16143,4.326368091375287
16145,4.705091376414361
16146,2.861484672258706
16147,2.2871206947673053
16149,2.514416581699387
16150,4.240087728720252
16153,3.7390938097110444
16156,4.2526876955259665
16157,1.323861329484171
16159,1.506926832581595
16161,5.586497570791213
16163,0.0
16164,3.0647346742261377
16168,3.6910236410476074
16169,3.8281933886403774
16170,4.36905539572177
16171,0.0
16172,3.6980264269052876
16173,3.7877681180636733
16174,2.300983799309183
16175,3.4194257401878136
16177,1.5921860021253686
16178,1.5866117793412489
16179,1.3775022936459338
16180,3.721670037234465
16181,1.5636851150603812
16182,1.0549201679861442
16183,2.0277562470358887
16184,2.2243004189812168
16185,3.019554073606669
16186,4.743593107181407
16187,4.661526569799619
16188,3.638953388943011
16189,2.0558637682105396
16190,0.6407848608302267
16191,4.032881255725023
16193,2.593640284202992
16198,2.170048908240579
16200,4.177229890720446
16201,4.357835898500592
16202,1.9311877658895233
16203,3.389145837108032
16204,3.224691617549849
16205,3.8352746039827927
16206,3.2572890290443333
16207,1.9618531930682868
16208,3.1435422858542115
16209,3.061057540111978
16210,3.5366849765826815
16211,2.4701073526937263
16212,3.165672743729987
16213,1.5645944053028906
16214,3.278389104701752
16215,2.288007614147488
16216,2.378942046590427
16217,1.7488925060617753
16218,3.607138464322261
16221,3.781141173743675
16222,3.65297712310858
16224,3.728319944286011
16225,4.32428033975097
16226,1.0950778621205006
16227,1.079092073476302
16229,3.374134315301167
16230,3.2907206838867715
16232,2.835699622767124
16233,2.8674280790348936
16235,3.054402003451804
16236,2.515431607470752
16239,2.5196371246049925
16240,4.2142824293346335
16241,4.906543344526119
16242,4.935684108378413
16243,2.6046958520106918
16244,4.095723947043016
16245,4.004746631989925
16247,1.3546053317232447
16248,1.7853189676679069
16249,3.0857559846017164
16250,2.5257501377520764
16253,2.9234876230842413
16255,4.631997288901119
16256,0.0
16258,4.182267639790645
16260,1.581034703508177
16261,3.388949503018871
16265,4.958010758743698
16266,3.2331678885103865
16268,1.9050301098728457
16270,3.3694436450234706
16271,4.076632857590593
16272,2.772588722239781
16274,2.5903810548150794
16275,2.2769965972757364
16276,0.0
16278,1.9417854046004122
16279,4.021819340118155
16281,0.6029636624162399
16282,1.5740546370907773
16283,4.241511409311057
16284,3.9625987808948078
16287,1.0933747175566468
16292,2.1726427780320887
16293,4.107284386128012
16295,3.4621873003593904
16297,2.276149508744602
16298,3.075390232962984
16302,1.5576262302670296
16303,4.3192422381140645
16305,2.9249278132039023
16306,3.375867555741126
16309,3.016562315225596
16311,3.0542905330158243
16313,2.383709559258503
16315,1.7794646013554172
16316,4.065105046790522
16317,3.502376466375786
16318,2.4675760259370048
16320,3.2294506128147296
16321,1.333932041390172
16322,2.881510003877402
16324,3.1858310013445337
16325,2.118741529117177
16326,4.185850574552934
16327,5.216415470469631
16330,2.0888704238652562
16332,4.218041787051725
16337,1.5824503590720158
16338,1.7625112151353415
16339,1.0608569471580214
16340,3.7206205465467375
16341,3.556906692051873
16342,1.9204656003144933
16343,2.7143134866394703
16345,2.630305002865075
16347,3.2363940795286785
16348,4.112923339724489
16350,3.549824188525742
16351,1.785573865265433
16352,2.7936521524029336
16353,3.4382287973296433
16354,2.9442968961062213
16356,3.1270087281261114
16357,2.9226909160526935
16358,4.193124735688681
16359,2.4480450758287824
16360,5.477456211537679
16361,3.9546823245785663
16362,3.0649087216181283
16363,1.0100997593541636
16364,3.100660129927206
16365,1.86870192594637
16366,1.90166586275843
16367,3.909768182902234
16368,2.9301933142230463
16369,3.7572812306232874
16370,4.556726199609311
16372,3.386944726799901
16374,3.4135862942317585
16376,3.679603086271835
16378,2.7428167237877097
16379,4.22745096326101
16380,0.5623351446188083
16383,4.017351217102859
16384,3.076413380835203
16385,2.8212982586413866
16386,2.871548627124483
16387,0.6931471805599453
16389,2.468579014230745
16392,2.6850162716846144
16393,5.309628219441161
16394,3.2229528381744745
16395,4.482545499064413
16398,3.619826910855738
16399,3.34549852762683
16400,2.33034688878638
16401,4.599569850832474
16402,2.6558827349629963
16403,2.188154484106267
16404,1.784719017656864
16406,2.542767233622422
16407,4.509312225554376
16409,4.510258829442124
16411,2.9883822389067607
16412,2.4244286834406434
16413,2.724370301893096
16414,0.0
16415,2.649853461598159
16416,3.0674169538926597
16418,3.445670299678359
16419,3.0014238777964897
16422,3.7776951538464423
16423,2.456289465554088
16425,1.6013030333343634
16426,4.905334946255264
16427,1.0900596587107838
16431,3.5391269212570955
16432,1.3519485455458882
16433,2.3236596233679183
16434,3.980786347049457
16438,4.085479217772542
16440,5.096384597724394
16441,2.877037019521846
16442,3.266284727243356
16444,3.4032183232648032
16445,2.5798009743056087
16447,1.8460113259427704
16448,2.232237552220779
16449,3.048722186369642
16450,1.3296613488547582
16451,1.9904621009809618
16454,0.0
16455,4.399173306379104
16456,3.3241543578473163
16457,1.3762016829080175
16458,5.021766129937409
16460,3.4373261614602426
16461,1.3195454632493369
16463,3.7315301452404834
16464,4.4882797280011495
16466,4.264683343846358
16469,3.130482975851494
16470,4.072478457168117
16471,2.022014472571062
16473,2.461636908506599
16474,4.749642236781636
16475,2.909678688305249
16477,4.687338712665156
16478,1.8726348733128177
16479,2.827817333079364
16480,2.6283588885698435
16482,1.5897391220123058
16483,2.4103321167998684
16484,2.870036655095218
16485,1.9534883403161225
16488,2.128894111795326
16491,2.9736837452592817
16493,3.025271085895144
16494,3.2446838753512077
16495,3.0071413409292673
16496,3.8746023002656704
16497,4.035151643885134
16498,2.19311717650224
16499,2.4859869959676013
16500,1.9929822339160084
16503,3.8703763692189512
16504,3.0140516357634266
16506,0.6554817739013927
16509,0.6931471805599453
16510,1.562218656983855
16511,4.329374145536009
16513,2.6491436670569453
16515,3.7771098305160358
16516,1.6083646383006178
16517,2.192796016532912
16518,3.1325935659595623
16519,1.0503801824396453
16520,4.28816126603791
16523,4.308957113122457
16525,3.0387623742804593
16526,1.8548782776255572
16527,1.995342598428595
16528,2.060544301126458
16529,2.2021403199198035
16531,3.839900797924837
16533,4.104816207830376
16535,2.429383499432454
16536,3.2552751483786126
16539,2.6197347418484314
16542,1.0900596587107838
16545,0.0
16546,1.2463850961975298
16549,5.591606016424628
16550,4.963066557365762
16551,1.0437570363314086
16552,2.0655129206752476
16553,2.6638689008977403
16554,3.2921921310279534
16555,2.2835951109836716
16556,4.370152103904774
16557,0.0
16558,5.259911210173465
16560,3.140719005023489
16561,3.07446447051293
16563,2.0384036536958448
16566,1.9176872598539936
16567,2.5562526160787704
16569,0.0
16570,3.8565088075264002
16571,3.9096240281837367
16572,3.4214278588479017
16573,2.902023898596806
16574,2.7766596578356664
16581,1.567315832191296
16582,0.6782093939033127
16583,2.4784366950406325
16584,2.4596886424010176
16586,0.6931471805599453
16587,1.7519520127918715
16589,3.148865399078089
16591,0.5859526183035508
16592,4.796386484236778
16593,1.4702011144960523
16594,1.2253397900924436
16595,3.341308865069635
16596,1.5903453863076935
16597,0.0
16598,1.921548151351129
16600,3.1593283380459285
16601,2.325867776925004
16602,3.0177547408383534
16603,3.011188887400618
16607,4.2733991189277605
16609,4.845371368028226
16610,1.5832027838930411
16611,1.3219477794573535
16612,3.8337996633540747
16613,2.8858786634992626
16614,2.183434521379267
16616,2.373058329789165
16617,0.0
16618,3.845049550191444
16619,2.0556402109858545
16620,1.791497890516914
16621,2.8106120273154973
16623,1.347571116797672
16624,2.2824559269139617
16625,2.8509327092761843
16626,4.349986482647709
16627,1.9374546056349842
16628,4.375894045039053
16629,2.021084901350986
16633,4.19968970729227
16634,1.5805986932596694
16637,3.8056318484251612
16638,3.254714209785442
16639,3.4326046575324867
16641,1.7777808038879392
16642,2.372273762935627
16643,2.2737661487790692
16644,3.5241448836020544
16647,1.377819508039033
16648,2.2723803151712847
16650,2.5553313976128704
16652,3.432913526212992
16653,3.5768894494807797
16654,2.661498473446341
16655,4.520856892419172
16656,1.9993229935754713
16657,3.591633453979518
16658,0.0
16660,0.689856498589211
16665,1.3051366620405995
16666,2.2502602786175907
16667,3.0903107050611154
16668,2.0909481197771025
16669,4.009287227868144
16670,4.955214563084043
16672,3.4774491150609443
16674,3.050165446440554
16676,3.46661125385962
16678,4.311015099438357
16679,0.0
16680,2.0606715963046742
16681,1.8961741276212651
16682,1.5941666991180168
16684,0.0
16685,2.298177422603412
16686,5.156739703232602
16688,3.2775390213839297
16689,1.5128614218280783
16690,1.3862943611198906
16693,2.856801883092408
16696,1.6094379124341005
16697,1.549129075454959
16700,5.099260116703056
16701,3.0793879536444666
16705,3.931858877405848
16706,3.2875874279510784
16708,2.814124351824864
16709,3.3533773393645143
16710,5.061443226483237
16711,1.3840725877310216
16712,5.179334907650039
16713,5.414263946253329
16714,3.91069840469161
16717,4.605212485131005
16718,2.852798648729635
16719,4.046296935724625
16720,0.6365141682948128
16721,2.9546902453947506
16722,4.4422123947284655
16723,2.3991594946900605
16725,2.8419330362868314
16726,4.357332023993435
16727,3.2491356231758592
16728,3.6986698757145433
16729,5.637210205519318
16730,2.9095234514384587
16732,2.523994456530023
16734,2.5583638050683053
16735,3.565101021821425
16738,0.0
16739,2.070903843014804
16743,4.457190407160943
16744,4.2652334459196375
16745,5.134343611409093
16746,5.399199905819533
16747,2.9421357299813002
16748,3.8736370540472684
16750,3.523904763833516
16751,1.5991654107425068
16752,1.5813734864446316
16753,1.894303001663674
16755,4.100029560219217
16756,2.0741818850549447
16757,1.0811846470712372
16758,2.1322360878317395
16759,2.8204842091943183
16761,1.366158847569202
16762,3.484767580819905
16763,1.7037068091575942
16764,5.234986611540533
16766,2.5587983072472866
16767,4.657218156795777
16768,3.00535130485235
16769,2.2359385060492514
16770,3.755183624396692
16771,4.6997184235138105
16773,2.447769381776551
16774,3.1927371913787077
16775,4.069205171679783
16776,2.9119729610310987
16777,1.7492559925869688
16778,2.0207063034563317
16779,5.201212055925952
16780,3.2392064265359695
16781,2.0592381455852573
16782,4.240766162559951
16784,0.6931471805599453
16788,3.4698183674790752
16789,1.0768186672148103
16790,4.12763006832674
16791,4.692822375934541
16792,1.7440606550690037
16793,2.351429304842089
16794,4.757368491960141
16795,3.6074439481703022
16796,2.620086109915677
16800,4.078502254714587
16801,2.73702372734274
16803,2.539074286180936
16804,2.9754241423373893
16805,3.774352092039287
16806,3.8112095664426158
16807,3.6441259494623437
16808,1.9277578503108839
16809,4.363815070915239
16810,1.8839153367119656
16811,2.716476975176486
16812,1.7778437021455666
16813,5.253735789939719
16814,4.901710015094432
16816,2.9111088068341626
16817,3.6120230516317595
16818,4.693511484343887
16820,2.716993908729971
16823,2.9082715997530584
16824,2.691185842936466
16825,2.7111057280715567
16826,2.252150917910034
16828,1.9146100969308897
16829,1.721506789332468
16830,2.535853106351379
16833,3.416212842328589
16834,2.6182981221892394
16835,1.7783910528623659
16836,2.070343249494139
16837,4.303308373857347
16838,2.6100208154714664
16839,4.440468313671674
16841,3.7993335690103143
16842,3.5700638172388492
16843,4.594512354761165
16846,1.9182703135570298
16847,2.0669174792609217
16848,2.3391795823095047
16849,1.3787014135508056
16850,2.3798669847062826
16851,2.4226276249789502
16852,0.0
16855,2.4638361437191616
16856,0.6931471805599453
16858,0.6901856760188042
16859,2.8173975479977265
16861,1.3547104187179273
16863,2.6177416933317037
16866,0.9989556782492179
16869,3.947895141590291
16871,4.118442711201749
16873,4.889834176973496
16875,3.955676001648318
16877,3.6670734163206267
16878,0.0
16880,3.9757933669602097
16882,2.8411514657788692
16883,2.925516075762006
16884,2.7305285794060308
16885,2.588757129346246
16887,1.323895397775751
16889,4.351431742123004
16891,3.24447221610081
16892,3.2327928179449117
16893,1.9364611431241765
16895,2.498403588521055
16897,2.5844791965239247
16898,3.1169750497341546
16899,3.826821942647554
16900,3.687544398856564
16902,1.6965284673620844
16903,2.5067148867213533
16904,5.126380799607211
16905,3.9761364127397765
16906,2.5375851619164527
16907,3.459070770924014
16909,1.3547104187179273
16910,4.4902502989630255
16912,3.6465277080043976
16914,1.970713824924271
16915,2.3049731085268337
16916,3.575111691585954
16918,4.219088929651418
16919,4.906778606354541
16921,2.1409236200024178
16923,5.60778150649593
16924,3.3613471914435276
16926,0.0
16927,0.6931471805599453
16928,4.7473627410250785
16929,3.8058970792130817
16930,2.8658056533492853
16931,6.054219334394002
16932,2.420935150427045
16933,2.974991446921239
16934,3.1711030009722045
16936,2.930169273006788
16938,4.665144972175401
16940,5.216486307208532
16942,4.965093307291373
16943,1.7408590006336213
16945,5.158063841823353
16947,2.0697917707923317
16948,1.6006843088771008
16949,3.011335887201998
16950,2.4665296772023133
16951,3.947427855770387
16952,0.9949236325717752
16953,0.0
16954,2.2573532109145766
16955,1.7791612975508926
16956,2.032135785281712
16957,2.0241473622673536
16959,1.2190403631643294
16960,4.049816932198926
16961,2.2787426511685047
16963,1.7843406423543189
16965,0.9403626894308734
16967,2.7289547896096225
16968,2.47528817248058
16969,2.7323017076017004
16971,1.9827965902389009
16978,3.0340351061904225
16979,3.4986533907118265
16980,3.4910335767817178
16982,2.751136391874539
16983,3.877418711214692
16984,4.797836436079766
16985,3.3357612511420203
16986,0.0
16987,3.6082495951310536
16988,1.3418956995301676
16992,3.726035089888835
16996,2.499310611906734
16997,1.3862943611198906
16998,0.0
16999,2.6776360035205014
17001,4.407857676768831
17002,3.1988188520599845
17004,2.3725577488941223
17006,2.7093316210974407
17007,3.245108938605861
17010,2.050238800339292
17011,2.437505542114416
17014,2.809363357246864
17015,4.1555102700548
17017,4.524254893188666
17018,0.6931471805599453
17019,4.411046133731103
17022,1.045393094307787
17025,0.0
17026,0.6931471805599453
17027,3.999103830935647
17030,1.0368263468339387
17031,2.997119681284331
17033,2.3764101642109012
17034,2.2478707907000466
17035,2.8382346513140013
17037,3.8711211543686894
17038,0.9799711820833055
17040,2.0574045276116157
17041,3.440726950393019
17042,3.7186826427304065
17043,3.685156203534553
17045,1.7300874549689522
17046,1.8867796520188447
17047,3.766695238563627
17048,3.0868864694284768
17049,5.069379016258346
17050,4.938957383762185
17051,3.315959125556667
17052,3.20928096399769
17053,1.8863408605544856
17054,3.1102094112308523
17058,3.0763344946298323
17059,5.2592761196627285
17060,1.0950778621205006
17061,3.144522982654831
17062,3.363308244045394
17063,3.9751985292757404
17064,3.392534479892336
17068,5.29530588010118
17069,4.417067744147263
17070,2.9408515194189966
17071,4.1854370203251845
17073,4.296208393231093
17075,3.5025384637902417
17076,2.2758026240477793
17078,0.6730116670092565
17080,0.6365141682948128
17081,1.9257884885233738
17082,3.5389156318493327
17083,3.0361249517798328
17084,4.247029536577164
17085,4.732382632912366
17086,3.710376250639053
17088,4.031410981196621
17090,2.7819877565384323
17091,4.840020825470661
17092,4.198107582281041
17094,2.337924980031482
17095,3.259955409074107
17096,3.0255616673980055
17097,4.245527645588656
17100,3.618753173547548
17101,2.7445744421908684
17105,3.713932736824469
17107,5.032007434168966
17109,3.6713997777640532
17110,1.8034322060976336
17111,2.6882487857479482
17114,2.8385632833466254
17115,2.7921335611429616
17117,1.0606768942637619
17118,1.750298233256792
17119,2.874107869537469
17120,2.2982751784256594
17122,1.7846247084095528
17123,1.093246752419975
17124,1.7548847052081757
17125,1.9918371502473482
17126,4.256651903721216
17128,1.9136482872465768
17131,4.012770244191811
17133,1.0030652881647577
17134,2.01934457607573
17135,2.8652450685526456
17138,2.280123004135413
17139,5.547660465777958
17140,1.6946249124960273
17142,1.7855962900302658
17144,2.692735707476052
17146,2.702081830276343
17147,3.6577581442935028
17148,2.1503898461391593
17152,0.0
17153,2.3343321690121948
17154,2.1523634765670283
17155,1.0900596587107838
17157,1.4820018531127306
17158,3.2439589470021772
17159,3.8925451966750693
17160,5.047181339816711
17162,3.5522562788582293
17164,4.5349014109492565
17165,1.9424230204880024
17166,2.1529401336186846
17169,3.3778354122819843
17171,1.7484834641873772
17172,0.0
17173,3.8729852838708165
17174,1.0549201679861442
17175,3.508392040973436
17176,2.1729021574033487
17179,3.6020044405645777
17180,3.7632101862259475
17181,1.077556327066801
17183,2.8550126106495433
17187,1.2875419132372157
17188,3.5439758210011836
17189,2.641993043708065
17190,1.710925484137732
17191,4.6377545420266015
17193,1.90467283273524
17194,0.5004024235381879
17197,2.2695800894791582
17198,3.004199776530452
17201,2.2351405946942258
17203,3.6136556692877178
17204,2.843073712598375
17205,0.0
17206,1.8975923390136689
17211,4.5426211984633635
17213,4.273676589289815
17214,3.3938968501380886
17217,0.6730116670092565
17218,4.781217275505708
17219,2.468755144342713
17220,5.39663816295022
17221,2.1360279013557104
17222,2.4195717944170934
17223,2.7945972496250313
17226,1.8837277252530042
17227,2.5357991489960154
17228,4.711208906860097
17229,2.9333354505409392
17230,2.8822550474175683
17231,5.255077127691606
17232,2.8905067523596584
17233,2.473535372642247
17234,1.6055598826592758
17235,1.9854309920174322
17236,3.424211994453886
17237,2.0485245601065136
17238,5.676951161158389
17239,1.5922798321924991
17242,2.877890916265967
17243,4.779676049690388
17244,2.195979117022399
17245,1.9184103886816661
17247,2.3508061169476377
17248,3.0667728646990393
17250,2.4372962850741873
17251,2.7676103911008605
17252,2.711191034471401
17253,1.4608006893540315
17254,3.1019570900463687
17255,3.140282251744943
17256,1.9025520031029364
17259,3.462535167086894
17262,0.0
17263,1.842045617087796
17265,3.409009958969431
17266,2.909410792970126
17267,2.20613280791432
17268,0.0
17272,3.8291713309216644
17274,1.9609361734724224
17277,3.568384057392792
17278,1.3809707137822218
17279,0.9556998911125343
17282,3.2977007124013715
17284,4.98622424370896
17286,2.2454139843521994
17287,3.6862386728219207
17288,3.0239777754617334
17289,3.2657101818281147
17290,2.9840262115574436
17293,4.080168555942158
17295,3.552432314694028
17297,1.828841156174199
17298,2.3615455063478623
17299,2.5872609456610833
17301,2.3451171492228706
17302,3.571229611367084
17303,2.5833742704702503
17306,0.6730116670092565
17309,1.6975110186414257
17311,3.019584121556085
17312,1.3833698677432589
17314,4.132574594545058
17315,5.042046693672551
17320,3.1550905752625393
17321,3.4808618959558313
17323,4.78357826927215
17324,2.477639751302457
17325,1.770703507626746
17329,2.4593333066662013
17333,2.466957817184703
17334,1.374545192908375
17337,4.627595345209481
17338,5.9022652150886525
17339,1.6901400202654822
17340,5.072985807166253
17341,3.1111332479466536
17343,1.4822879117939967
17344,1.7284138511508202
17345,3.2088996990290566
17346,5.02255275726369
17348,3.9225128480477607
17349,0.6581099875431143
17350,3.380489544737545
17351,0.0
17356,2.4093319532093704
17357,2.156021817473004
17358,3.047812306911868
17359,0.39267446722755217
17360,3.0972165575994794
17361,2.11841901334917
17362,2.9429296030020287
17364,5.00449564571101
17365,5.3103126281555495
17367,2.623748090665778
17368,3.168812937534071
17370,2.9027150227711034
17371,1.9665250770314207
17372,4.595818578906668
17373,3.560620394380917
17374,1.3858584326478707
17375,2.5565515433560293
17376,2.630698235131522
17377,4.836458227783905
17379,3.263579489457804
17381,1.3862943611198906
17383,2.4683150390896675
17384,2.350139062980099
17385,3.153101207428829
17386,1.7220620681262657
17387,3.5269130718920536
17388,1.4629361325125627
17389,3.696448547899244
17392,2.599044195019537
17394,0.0
17396,0.0
17397,3.6116794689528295
17398,2.187911775709568
17400,4.524508046978354
17402,2.342778420838811
17403,2.162914093512166
17404,2.8158328066693374
17405,2.9405701879242176
17406,4.01065862374764
17409,1.0554320528467058
17410,3.737237619206446
17411,2.722609498187086
17412,3.6250840165701845
17415,1.7765191529192903
17416,4.977649259148633
17418,2.6597295241100865
17419,4.567972521832509
17420,3.1211402364263092
17422,3.7951272397500126
17423,2.4345963735204603
17425,3.3003187742161084
17426,4.9329259488067825
17428,4.561456120087673
17429,2.320338470059573
17430,2.228486844727981
17431,3.0865809549664007
17432,2.9841264421783853
17433,3.4541951975562846
17434,4.026912759065131
17436,2.0181016786255155
17438,1.8644702653811647
17442,4.39227528698138
17444,4.048459245345842
17446,0.0
17447,2.88308319779067
17449,4.647422822662063
17450,3.1490459630531205
17451,3.9863076986488934
17453,1.916455355929446
17454,3.3144673438509833
17455,1.940001554712694
17456,2.542079729407105
17457,0.6931471805599453
17458,3.1712217218291325
17459,3.7652068947924824
17460,2.7789517962717145
17461,3.313387801070205
17462,2.5725101841898574
17463,4.635182138271563
17464,1.4978497436072304
17466,2.9057796347083324
17469,4.127381913577912
17470,3.146444183134908
17472,3.808629613135128
17475,1.9055484342999203
17480,2.978995711561653
17481,3.6818016615587696
17483,2.440728978579947
17486,2.8690907994487325
17489,2.7921347075228273
17490,3.617938075603825
17491,3.299600529179643
17492,1.7026456646675154
17495,2.7123549496731534
17496,1.3583192746628294
17498,1.3503168793713658
17499,2.4493464217479666
17501,2.2758180171023437
17502,2.6298280224252073
17503,2.4404130105239004
17504,3.881112028887824
17505,3.325051267810239
17506,1.3382884572685108
17507,3.770892524375154
17508,2.662701527236283
17509,5.700255030503802
17510,2.6687720351680233
17511,3.9344144789695306
17512,3.945571047095969
17514,3.054882073493676
17515,4.044435568138918
17516,4.001978540461259
17517,1.9118225471693269
17519,3.229272607042834
17520,2.523501218134586
17521,3.4594028586195695
17522,3.1785871037641154
17523,2.878135856764911
17524,0.0
17525,0.0
17526,1.8728881077114254
17527,2.9920092673879295
17528,4.631800850348838
17530,5.192853491381408
17531,1.5813202158430513
17534,1.7793306432770601
17535,2.4628494816826065
17537,3.002795036756046
17538,1.366158847569202
17540,2.540664319435904
17542,0.99013315068082
17545,3.6087251169658137
17548,1.0986122886681096
17550,2.5000369321716023
17551,3.1643813852331393
17552,3.1094783417106657
17554,3.583282093911098
17555,3.956504198012483
17556,0.0
17557,2.4986400048855484
17560,1.0446907179409761
17561,2.5739710449542104
17562,3.7522130609528785
17564,3.160775186118497
17566,3.868385013440959
17567,4.549962409752369
17569,2.7930312907374093
17571,3.7564941897914874
17572,2.1928198513097876
17573,2.8112219787693564
17574,1.7705053262465944
17576,5.196863177745551
17578,0.0
17579,2.9320735177286728
17580,2.5058122214941982
17581,5.439694671262158
17582,2.2345122431169404
17584,2.2940886128361124
17585,3.7446833392876977
17588,0.6931471805599453
17589,4.987354002576609
17590,4.342110673479819
17591,3.423229889328929
17593,4.297083900969855
17594,3.563265470014956
17595,2.874846325168817
17596,3.7804980116758493
17597,2.8971437529320703
17600,0.6800829048357611
17601,1.6670741551040997
17602,5.415659223343779
17603,2.275253707660621
17604,2.8930018706348593
17608,3.111991072765644
17609,4.629721245867942
17611,5.326381999814066
17612,4.041146589422415
17613,5.100970960596012
17614,3.5118025765087215
17615,2.0520981819080895
17618,3.453316917049745
17619,3.088508882417559
17621,2.1670659295296413
17623,3.0636412091341523
17624,3.2307081123687458
17625,4.840807260452569
17629,3.802504160490526
17630,2.276364246051224
17631,2.8392616624184215
17633,3.8863394450094275
17634,4.609771439535552
17636,2.4659270715579127
17637,2.7431208467675825
17642,2.9878442647687184
17643,1.3792955939070195
17644,4.3136694561696896
17646,2.7927392867715115
17647,0.6911086741443572
17648,3.441128727121512
17649,3.4423876911319153
17651,5.105895996596116
17652,4.973552271432951
17653,2.4619244966141336
17654,2.2117424929828373
17655,3.4611473248462477
17656,3.1710174957974626
17658,0.6931471805599453
17659,4.499636080357138
17660,2.4274268927968063
17663,3.8994594024530196
17664,2.8669732558062253
17666,1.729345965379229
17667,4.05719571063846
17668,0.6829081047004717
17669,3.354263678667586
17670,2.1737237350305767
17671,3.1895279244546
17672,3.4870667019120996
17673,4.7427333717243165
17674,1.3829926519196214
17675,5.740249865093243
17676,3.938417778922036
17677,4.6984233339366535
17678,2.1831918440239844
17679,1.7693924361141682
17680,2.03459022181122
17682,4.393152555975547
17684,2.2636453995861534
17685,4.1372721953337726
17686,5.105731233168652
17690,4.700477681203396
17691,2.551523292601542
17692,3.183978669783799
17693,1.9358135695434684
17694,1.9746924915442094
17695,2.5846885383548077
17696,3.7834050222527735
17697,2.180391957637793
17698,1.770493156223823
17700,4.370715077919663
17701,2.395659899677241
17702,3.8160799671238603
17703,3.657133233391914
17704,2.3671231873643968
17705,4.229265373869945
17706,5.10720192625521
17707,1.0950778621205006
17708,2.165155699967771
17709,0.0
17711,2.5196349870737857
17712,2.5471751710324564
17714,2.300938125373289
17716,4.998870565116621
17718,0.0
17719,4.630150061416386
17720,2.960982144579203
17722,3.8725486427320908
17723,0.6901856760188042
17724,3.0633198192334885
17725,4.835129667967768
17727,3.5343862311882113
17728,4.632626432582632
17730,4.5573079500001334
17731,3.198007951400148
17732,2.1802292082748727
17733,2.9116986851365843
17734,3.0929236633480386
17735,6.108148827257205
17736,1.3688059378001216
17737,1.931148633487576
17738,3.8442316798790865
17739,2.4693862932975525
17742,1.3508949701385877
17744,3.4048638607564783
17746,1.0949506743871331
17749,2.5105126297695572
17750,3.1567771341943347
17754,3.048840889662938
17757,5.596152325675731
17758,5.329552254013021
17759,3.3784440714918214
17760,2.4453167096427015
17761,1.2652438558044172
17763,0.0
17764,2.9362393142138115
17765,3.0021805309951257
17767,2.562494711408066
17768,3.262220614810933
17769,4.870740468257294
17770,2.4077147687450955
17771,2.565078751907808
17772,1.3421131789144003
17774,4.247595236097178
17777,4.260510235967737
17779,3.288178977506843
17781,0.0
17783,2.004581928251702
17785,2.065141650836243
17786,3.0472291273264833
17787,4.319361606064683
17789,2.3163747108655235
17790,4.569656766568263
17791,1.777656781131165
17793,1.5180350357313426
17795,2.98722791424631
17796,3.183398993917272
17797,3.8291855551694276
17799,5.39831439027524
17800,3.9729645784600303
17802,4.234529837009584
17805,0.4450450518184774
17806,2.004244613426625
17809,1.3917249225939148
17811,5.678514232223585
17812,3.427151197151054
17813,4.178276897513552
17816,1.736195323329677
17817,2.4574209843892976
17819,1.8817620747753767
17824,0.5623351446188083
17827,4.649287630341432
17828,3.4737641572873703
17829,2.74452197751432
17830,2.0752829624715146
17831,0.6931471805599453
17832,1.6141825567111203
17835,3.1670057745964426
17836,1.629105689370825
17837,4.280981260604866
17838,3.842470988999865
17839,3.0652185525380604
17841,7.504646859760077
17843,2.5740615994552067
17844,0.6730116670092565
17848,2.131867739493052
17849,0.5004024235381879
17850,5.251568326653491
17852,2.7759514919587174
17854,1.9680380295718263
17855,2.252191521886784
17856,0.362210557135449
17858,3.7314116812416023
17859,1.1262403218820638
17860,1.8615152569083544
17861,4.344018167392161
17862,0.6890092384766586
17863,4.016986861136295
17864,2.91334222224375
17865,5.096166141909793
17866,0.6890092384766586
17867,2.122052111476292
17869,1.8117880951628753
17870,3.7326779881549164
17871,0.0
17873,2.0991198686435344
17874,2.579523004653212
17877,0.8761994574635853
17878,2.3464788428228167
17879,0.0
17880,2.792964089828954
17881,0.6365141682948128
17883,3.487123325140817
17884,3.470309324019255
17885,2.049510577895689
17886,2.684253826463926
17887,1.2202821662722374
17888,2.8173000208270698
17889,1.4957310120895284
17890,3.7236171871077084
17891,0.0
17892,1.9353797183332477
17893,0.6829081047004717
17894,4.085396476659229
17895,1.6583248404880058
17897,3.0960990180663286
17898,2.475464913602132
17899,1.9520134639769795
17900,1.3847652576490412
17901,1.4828233757680687
17904,1.583258459420477
17905,1.9788803943197975
17906,1.8548090139203692
17908,2.2140502276253184
17911,2.990275829267664
17912,2.5063374805867658
17913,3.1475683818360447
17914,1.9799376391709926
17917,3.6528573120366685
17919,0.6931471805599453
17920,5.213998968843064
17921,4.309182543224649
17924,1.5795440234777371
17926,2.0360139062972973
17928,2.0029351074018007
17930,2.148410866543692
17931,2.8406355188363754
17932,4.0493358730075455
17934,1.375119111351858
17935,2.245637271394711
17936,2.46914646122301
17937,0.0
17939,1.354938491808231
17942,0.0
17946,2.5275411771019693
17947,0.0
17950,2.987711611639807
17951,1.7712250264426452
17954,5.234570338269471
17955,0.45056120886630463
17957,0.0
17958,0.9738110105706947
17960,1.2549129010060147
17961,3.9443091958996703
17962,1.6050986596239585
17964,3.006417156945928
17965,4.803053067077193
17966,2.5195062662474
17967,1.8462202193216335
17968,3.0014579663074468
17969,0.5146531654289292
17970,2.300967578209673
17972,0.0
17973,1.0928305535284886
17974,3.945902733045838
17975,4.5183655625457115
17976,2.130780472326025
17977,0.9594899935903025
17978,1.7913056974620303
17979,3.634303562028422
17980,2.1863392088126004
17984,1.803719377768875
17985,1.3453693766305168
17986,0.0
17987,1.582315077323743
17988,0.6730116670092565
17990,2.4120781144779757
17994,3.7668666004012397
17995,0.0
17997,3.3291712004323646
17999,2.580478319254891
18001,2.4806302478379414
18004,2.6138310976942285
18005,1.7494938253936616
18006,2.001956206654964
18008,1.1550407893321004
18009,2.197027307435913
18010,1.64622455382987
18011,1.908542844999061
18013,2.698405851939866
18014,2.0069049308038647
18015,2.101587657586728
18016,4.191456502159972
18018,1.072043343575071
18022,3.6944937224158947
18024,1.844717986906126
18027,0.45056120886630463
18030,1.261800407076543
18032,1.5952096549199564
18033,0.6890092384766586
18034,3.4009363661414227
18035,1.767239679741771
18036,3.4989069187790482
18037,0.0
18040,2.7323063016024824
18041,4.898093628234936
18042,0.0
18043,3.4077181698770462
18044,3.8158759119452457
18045,2.10387087540097
18048,1.0463821393854045
18050,1.553304850321933
18053,2.2321179702145098
18055,5.008793924378337
18056,2.545748106057768
18059,2.179968124785275
18061,2.0128115690560744
18062,2.059201259104098
18064,1.0981562798333317
18065,4.124856190299166
18066,1.8669472965798521
18067,2.767934881474902
18069,4.902218683935086
18071,2.7968083335698672
18072,1.7753427105987127
18073,3.1139700619111164
18074,1.3415714745666167
18075,4.21442707465774
18077,4.85142197357497
18078,1.8181025225911216
18079,0.9932682101499607
18081,1.3833698677432589
18082,3.1729881953049994
18085,2.9199280279713076
18086,1.3780113768366777
18088,2.131043862222557
18092,2.0384373104670104
18093,1.6741340252821677
18094,3.406433126257225
18095,2.299645197331384
18096,3.4848568287992823
18097,3.8156335277522757
18099,1.4780949872223526
18101,2.5629291134149312
18102,2.6122023599570157
18104,2.455208883800612
18105,1.2504731972000607
18106,2.345687795680552
18108,1.7381238419496332
18109,4.805461417052091
18110,2.657498885975968
18112,2.2503343876261903
18114,1.633477168086467
18116,4.386168467526493
18117,2.888554789566061
18118,5.76484772341889
18119,0.649248354870898
18120,1.4824785210127223
18121,2.3823476047039547
18122,4.93585723441316
18123,2.8719728804363234
18125,4.5481987821188605
18126,2.626175402135055
18127,2.849791515433216
18129,1.6332037606078356
18130,3.6321707823175866
18135,1.4538045370219916
18136,3.118606747062258
18138,0.9277970191308794
18139,2.7691967811180658
18142,1.0670895187820832
18143,3.6985319035505726
18144,2.1215914926475956
18145,4.755410491117756
18146,1.3802152674022121
18147,0.0
18149,1.5983686278197438
18150,3.5087937222328183
18151,3.136199227494492
18154,2.566931406466983
18155,2.606086443406023
18156,3.485127120740296
18158,3.4295172931188973
18159,2.705073297181915
18160,3.00968068229848
18161,3.438541470041643
18164,2.0359131436995153
18165,0.0
18167,3.0905363487063298
18168,4.025283342848682
18169,1.3886947360869255
18170,2.79002719245298
18171,2.2702869934242607
18172,4.567193035849422
18173,2.035987839488926
18176,3.0237064956522652
18177,3.933368206418547
18178,4.2566162632805336
18179,3.9378443309688964
18180,3.644452224774165
18181,2.6964438166815685
18183,3.017306697752184
18185,2.0547654687028674
18188,3.5800281310528193
18189,3.6324016675314725
18190,2.176929445685581
18192,3.2089839853042075
18193,2.0738803769452856
18196,3.7736410509692844
18198,4.0094117045289455
18200,2.2150327072409346
18202,3.5152558596129038
18203,1.601383707013825
18204,4.252834705743643
18205,2.5215433878693227
18209,1.5844495449589988
18210,4.198179449177355
18211,3.1145011016097137
18212,2.5239621888198704
18213,1.9155858776898078
18215,2.267630228289896
18216,2.4389374218315365
18217,2.1789468521841995
18218,2.180325582407762
18219,4.1066548631402515
18221,3.3955407389911216
18222,1.9095385345098044
18223,5.151923712787104
18224,2.0640649119420127
18225,4.979446739810465
18226,4.823065957193041
18227,0.6931471805599453
18228,2.608584157728643
18229,3.970462843463454
18230,3.8195498793908063
18231,4.083248914557748
18232,2.7878364631182446
18235,3.696806225384349
18236,3.218194159136632
18237,3.6375173299330594
18239,4.048221444295281
18241,4.0613619797126566
18242,3.542419495068869
18245,4.408683831338971
18246,0.0
18248,2.7452849883908526
18249,1.3819786564827001
18250,2.1587305411102657
18252,2.711144492165175
18255,1.0711234740981073
18257,4.250176636024112
18259,2.4601787349022293
18260,4.056849490525067
18261,2.8170208848696126
18262,1.936074066537472
18263,2.1535406126553314
18265,2.46572279868077
18269,1.0986122886681096
18270,1.9091222167301647
18272,4.573728159548911
18274,1.7718984404402387
18276,1.9027007613613947
18277,1.337490965848251
18278,1.5848024923791106
18280,1.7759705000412178
18281,0.6926267989248349
18282,1.3667481759933837
18283,5.461299299383977
18287,3.218639783801661
