CustomerID,Max Products In Basket,Min Products In Basket,Mean Products In Basket
12347,26,4,14.142857142857142
12349,35,35,35.0
12350,15,15,15.0
12352,8,1,5.428571428571429
12353,2,2,2.0
12354,25,25,25.0
12355,4,4,4.0
12356,10,2,6.0
12357,41,41,41.0
12358,5,5,5.0
12359,39,7,23.5
12360,34,23,29.333333333333332
12361,9,9,9.0
12362,25,9,16.4
12363,3,3,3.0
12364,12,8,9.666666666666666
12365,16,16,16.0
12367,6,6,6.0
12370,35,5,22.75
12371,33,33,33.0
12372,12,3,7.333333333333333
12373,7,7,7.0
12374,14,14,14.0
12375,7,2,4.5
12377,23,22,22.5
12378,123,123,123.0
12379,19,13,16.0
12380,30,6,15.0
12381,36,1,15.666666666666666
12383,20,1,8.4
12384,6,5,5.5
12386,3,3,3.0
12388,17,1,7.666666666666667
12390,11,11,11.0
12391,22,22,22.0
12393,15,2,10.25
12394,15,15,15.0
12395,12,2,6.833333333333333
12397,38,26,32.0
12398,34,34,34.0
12399,11,1,5.5
12401,1,1,1.0
12402,10,10,10.0
12405,22,22,22.0
12406,27,19,23.0
12407,9,4,6.25
12408,26,3,13.0
12409,2,2,2.0
12410,10,10,10.0
12412,12,2,5.666666666666667
12413,12,2,7.333333333333333
12414,3,2,2.5
12415,3,1,1.6
12417,14,4,7.888888888888889
12418,9,9,9.0
12420,10,10,10.0
12421,8,2,5.25
12422,14,8,11.0
12423,14,2,9.25
12424,8,8,8.0
12425,20,20,20.0
12426,20,20,20.0
12427,9,2,6.0
12428,56,3,17.428571428571427
12429,14,7,10.5
12430,5,5,5.0
12431,24,2,8.692307692307692
12432,22,6,14.0
12433,27,1,16.0
12434,11,5,8.0
12436,4,4,4.0
12437,21,1,4.882352941176471
12438,26,22,24.0
12441,6,6,6.0
12442,4,4,4.0
12444,44,1,16.0
12445,1,1,1.0
12446,33,33,33.0
12447,19,19,19.0
12448,12,12,12.0
12449,36,20,28.5
12450,5,5,5.0
12451,41,5,27.2
12452,12,12,12.0
12453,25,25,25.0
12455,11,4,7.8
12456,21,19,20.0
12457,16,12,14.0
12458,14,4,9.0
12461,21,21,21.0
12462,24,10,17.0
12463,15,11,13.0
12464,1,1,1.0
12465,17,15,16.0
12468,16,6,11.0
12471,17,1,7.0
12472,50,6,30.0
12473,53,19,30.333333333333332
12474,30,1,16.1875
12475,18,18,18.0
12476,22,2,10.222222222222221
12477,37,6,20.0
12478,16,16,16.0
12479,12,12,12.0
12480,34,20,25.5
12481,18,4,9.333333333333334
12483,9,1,4.5
12484,65,24,47.25
12488,16,3,9.666666666666666
12489,7,7,7.0
12490,32,5,15.6
12491,14,14,14.0
12492,6,5,5.5
12493,8,8,8.0
12494,15,1,6.142857142857143
12498,7,1,4.666666666666667
12500,5,2,2.6
12501,78,78,78.0
12502,15,6,11.8
12507,6,6,6.0
12508,27,12,19.5
12509,3,3,3.0
12510,21,21,21.0
12512,3,1,2.0
12513,20,20,20.0
12514,36,36,36.0
12515,5,5,5.0
12516,2,2,2.0
12517,83,17,45.25
12518,19,8,13.0
12519,13,13,13.0
12520,32,7,16.0
12521,29,29,29.0
12522,3,1,2.0
12523,7,3,4.454545454545454
12524,15,1,6.375
12526,23,6,16.0
12527,6,1,2.6666666666666665
12528,15,3,6.833333333333333
12530,10,3,7.75
12531,13,13,13.0
12532,12,12,12.0
12534,38,38,38.0
12535,7,6,6.5
12536,145,145,145.0
12538,8,8,8.0
12539,50,25,39.0
12540,28,4,12.352941176470589
12541,12,4,7.333333333333333
12544,15,15,15.0
12545,25,5,15.0
12546,33,19,26.0
12547,1,1,1.0
12548,4,4,4.0
12550,26,26,26.0
12551,10,10,10.0
12552,5,5,5.0
12553,28,3,13.444444444444445
12556,25,25,25.0
12558,2,2,2.0
12559,10,10,10.0
12560,48,15,31.5
12561,8,8,8.0
12562,23,12,17.0
12564,10,10,10.0
12565,7,7,7.0
12566,4,4,4.0
12567,51,7,26.6
12569,7,1,3.608695652173913
12571,9,7,8.0
12572,13,10,11.5
12573,11,11,11.0
12574,7,7,7.0
12576,18,8,12.4
12577,30,6,16.666666666666668
12578,50,30,40.0
12579,19,19,19.0
12580,20,20,20.0
12581,10,10,10.0
12582,6,5,5.5
12583,12,1,6.133333333333334
12584,4,1,2.4285714285714284
12585,32,4,18.0
12586,4,4,4.0
12587,1,1,1.0
12588,3,3,3.0
12589,13,4,8.5
12591,18,18,18.0
12592,4,2,3.0
12593,9,5,6.333333333333333
12594,15,3,9.428571428571429
12596,8,1,4.5
12597,63,7,24.5
12598,17,4,7.714285714285714
12599,6,1,4.0
12600,4,1,2.5555555555555554
12601,7,1,3.4
12602,5,5,5.0
12604,4,3,3.5
12607,52,52,52.0
12609,14,6,10.0
12610,26,2,13.25
12611,39,39,39.0
12612,3,3,3.0
12613,45,2,23.25
12614,6,6,6.0
12615,19,8,13.0
12616,16,8,12.0
12617,27,27,27.0
12618,3,3,3.0
12619,6,2,3.4285714285714284
12620,18,14,15.333333333333334
12621,31,4,14.222222222222221
12622,7,7,7.0
12623,13,13,13.0
12624,11,4,7.5
12625,15,5,10.0
12626,37,4,19.11111111111111
12627,32,17,23.0
12628,8,3,6.0
12630,24,16,20.0
12631,16,16,16.0
12633,23,9,16.0
12635,29,27,28.0
12637,51,20,35.0
12638,14,14,14.0
12639,14,14,14.0
12640,24,1,12.5
12641,5,5,5.0
12642,12,2,6.666666666666667
12643,1,1,1.0
12644,11,11,11.0
12645,15,5,10.5
12646,7,4,5.5
12647,11,1,5.111111111111111
12648,13,13,13.0
12649,11,1,5.0
12650,6,6,6.0
12651,5,5,5.0
12652,33,33,33.0
12653,8,4,6.0
12654,10,3,5.6
12656,17,6,11.0
12657,11,3,5.666666666666667
12658,15,15,15.0
12659,2,2,2.0
12660,9,9,9.0
12662,22,5,14.454545454545455
12664,2,1,1.3333333333333333
12665,1,1,1.0
12667,14,14,14.0
12668,34,11,24.75
12669,46,22,34.0
12670,16,3,9.6
12672,6,6,6.0
12673,12,11,11.5
12674,10,5,8.25
12676,6,1,2.8333333333333335
12678,5,1,2.6
12679,29,29,29.0
12680,11,5,8.5
12681,28,5,16.714285714285715
12682,27,2,10.0
12683,29,2,13.538461538461538
12684,16,2,7.166666666666667
12685,42,5,17.0
12686,3,3,3.0
12688,52,52,52.0
12689,28,27,27.5
12690,8,8,8.0
12691,6,2,4.25
12693,6,5,5.333333333333333
12694,6,5,5.5
12695,3,1,2.0
12697,13,1,6.333333333333333
12700,52,33,40.5
12701,11,8,9.5
12702,3,3,3.0
12703,19,19,19.0
12704,11,1,6.285714285714286
12705,35,8,23.125
12707,22,22,22.0
12708,15,1,10.0
12709,13,1,4.7272727272727275
12710,31,2,14.0
12712,6,1,3.25
12713,19,19,19.0
12714,34,18,27.2
12715,18,18,18.0
12716,27,15,21.0
12717,24,13,18.5
12718,8,8,8.0
12719,10,9,9.5
12720,21,1,7.956521739130435
12721,19,7,13.0
12722,15,9,12.0
12723,15,2,8.333333333333334
12724,12,5,8.0
12725,11,11,11.0
12726,15,1,5.428571428571429
12727,22,4,11.2
12728,8,3,6.0
12729,14,14,14.0
12731,11,1,5.111111111111111
12732,7,7,7.0
12733,13,13,13.0
12735,9,8,8.5
12738,4,4,4.0
12739,14,14,14.0
12740,13,13,13.0
12743,11,5,8.0
12744,22,8,14.25
12747,7,1,3.6363636363636362
12748,61,1,8.80281690140845
12749,34,8,21.0
12750,5,5,5.0
12752,1,1,1.0
12753,1,1,1.0
12757,82,1,26.428571428571427
12758,24,6,15.0
12759,21,17,18.666666666666668
12762,22,11,16.5
12763,7,7,7.0
12764,21,21,21.0
12766,37,7,23.428571428571427
12769,10,10,10.0
12772,26,26,26.0
12775,6,1,4.0
12778,4,1,2.6666666666666665
12779,25,1,8.285714285714286
12781,2,1,1.5
12782,19,9,12.8
12783,15,8,10.75
12784,27,27,27.0
12785,11,11,11.0
12787,6,2,4.0
12790,9,9,9.0
12792,21,21,21.0
12793,10,5,7.5
12794,14,11,12.5
12795,6,6,6.0
12797,7,7,7.0
12802,9,9,9.0
12808,8,4,6.0
12809,12,12,12.0
12811,13,13,13.0
12812,9,9,9.0
12815,18,4,11.0
12816,7,4,5.5
12818,5,5,5.0
12820,12,7,9.0
12821,4,4,4.0
12822,24,4,14.0
12824,13,13,13.0
12826,19,6,9.285714285714286
12827,8,2,4.333333333333333
12828,8,2,6.0
12829,1,1,1.0
12831,5,5,5.0
12832,10,7,8.5
12833,8,8,8.0
12834,7,7,7.0
12836,28,4,16.25
12837,4,4,4.0
12838,39,18,28.5
12839,20,8,16.0
12840,40,3,16.25
12841,16,1,7.32
12842,9,2,5.5
12843,13,3,8.2
12844,12,7,9.5
12847,21,21,21.0
12849,14,3,8.5
12851,10,10,10.0
12852,10,10,10.0
12853,19,2,8.2
12854,26,18,23.0
12855,3,3,3.0
12856,54,21,34.166666666666664
12857,22,4,13.0
12863,1,1,1.0
12864,1,1,1.0
12865,34,16,25.0
12866,14,14,14.0
12867,54,26,39.0
12868,16,5,10.666666666666666
12871,4,2,3.0
12872,25,20,22.5
12876,22,9,15.5
12877,13,1,6.090909090909091
12878,17,17,17.0
12879,2,2,2.0
12881,1,1,1.0
12883,6,1,2.75
12884,3,3,3.0
12885,23,18,20.5
12886,24,18,21.0
12888,1,1,1.0
12890,28,28,28.0
12893,12,12,12.0
12895,8,6,7.0
12901,5,1,2.4285714285714284
12902,5,5,5.0
12904,13,11,12.0
12906,10,7,8.5
12909,11,1,7.8
12910,10,1,4.8
12912,3,3,3.0
12913,7,1,2.5
12915,4,2,3.0
12916,18,8,10.5
12919,15,1,5.8
12920,4,4,4.0
12921,25,1,11.4
12922,18,18,18.0
12923,8,8,8.0
12924,5,1,2.6666666666666665
12925,15,14,14.5
12928,17,3,10.8
12929,2,2,2.0
12930,8,3,5.5
12931,1,1,1.0
12933,27,5,14.666666666666666
12935,16,1,10.571428571428571
12936,19,1,8.333333333333334
12937,25,6,13.25
12938,5,5,5.0
12940,48,7,27.5
12942,16,2,7.333333333333333
12944,12,9,10.5
12945,12,12,12.0
12947,18,6,9.8
12948,19,4,11.142857142857142
12949,46,2,15.125
12951,14,2,7.333333333333333
12952,21,2,9.75
12953,8,8,8.0
12955,15,5,8.666666666666666
12956,6,6,6.0
12957,41,2,16.625
12962,8,3,5.5
12963,12,2,6.875
12965,44,44,44.0
12966,7,7,7.0
12967,1,1,1.0
12968,2,2,2.0
12970,26,26,26.0
12971,6,1,2.017857142857143
12974,2,2,2.0
12976,6,6,6.0
12981,9,8,8.5
12982,20,20,20.0
12984,3,3,3.0
12985,26,10,18.0
12987,9,4,6.5
12988,16,16,16.0
12989,6,1,2.4
12990,5,2,3.5
12991,10,5,7.5
12993,10,2,5.5
12994,10,8,8.666666666666666
12997,10,6,7.75
12999,15,3,9.0
13000,10,5,7.5
13001,57,2,16.166666666666668
13002,5,5,5.0
13003,3,3,3.0
13004,20,10,14.75
13005,5,2,3.5
13008,11,11,11.0
13011,2,2,2.0
13012,12,1,7.571428571428571
13013,21,2,9.307692307692308
13014,11,2,5.777777777777778
13015,39,6,17.6
13016,15,1,8.333333333333334
13018,20,1,10.923076923076923
13021,11,1,7.222222222222222
13023,7,5,6.0
13026,2,1,1.3333333333333333
13028,14,11,12.5
13029,5,2,3.5
13030,27,14,20.5
13032,26,15,20.5
13033,9,9,9.0
13034,21,9,15.0
13035,8,6,7.0
13037,7,6,6.333333333333333
13038,10,2,5.0
13040,14,14,14.0
13043,4,4,4.0
13044,7,7,7.0
13045,13,13,13.0
13046,9,8,8.5
13047,18,4,9.571428571428571
13048,33,21,26.0
13049,4,4,4.0
13050,57,5,13.058823529411764
13052,5,5,5.0
13055,26,3,13.666666666666666
13059,5,5,5.0
13060,9,9,9.0
13061,4,4,4.0
13062,3,3,3.0
13064,16,4,10.0
13065,6,6,6.0
13066,9,7,8.0
13067,7,7,7.0
13069,32,1,8.869565217391305
13070,7,7,7.0
13072,3,3,3.0
13075,7,7,7.0
13077,20,4,11.5
13078,15,1,5.461538461538462
13079,1,1,1.0
13080,1,1,1.0
13081,77,1,39.0
13082,16,2,5.0
13083,6,6,6.0
13085,7,3,5.0
13089,37,1,10.375
13090,17,1,5.909090909090909
13091,7,7,7.0
13092,2,1,1.5
13093,11,3,6.333333333333333
13095,2,2,2.0
13097,38,6,19.0
13098,13,1,4.88
13101,3,3,3.0
13102,14,1,6.625
13103,4,4,4.0
13104,6,1,2.25
13107,6,4,5.0
13108,2,2,2.0
13109,14,12,13.0
13110,13,3,7.833333333333333
13113,15,1,4.166666666666667
13115,39,1,18.0
13116,8,8,8.0
13117,14,1,4.75
13118,19,1,8.2
13120,1,1,1.0
13121,37,37,37.0
13122,39,39,39.0
13124,42,31,36.333333333333336
13126,11,1,7.125
13127,9,9,9.0
13130,1,1,1.0
13131,12,7,10.0
13132,2,2,2.0
13133,2,2,2.0
13134,16,15,15.333333333333334
13136,25,2,15.6
13137,82,22,45.0
13138,11,7,8.166666666666666
13139,39,1,11.666666666666666
13140,8,7,7.333333333333333
13141,33,9,18.8
13142,10,10,10.0
13144,2,2,2.0
13145,2,2,2.0
13146,10,10,10.0
13148,25,7,13.1
13149,21,4,10.0
13151,33,33,33.0
13153,4,4,4.0
13155,23,4,11.75
13157,22,6,11.0
13158,18,10,15.0
13159,24,11,15.5
13160,1,1,1.0
13161,3,3,3.0
13162,9,4,6.333333333333333
13165,4,3,3.5
13166,33,33,33.0
13167,8,4,5.75
13168,33,5,13.5
13169,2,2,2.0
13170,7,7,7.0
13171,7,5,6.333333333333333
13173,9,3,6.0
13174,81,29,48.0
13176,19,19,19.0
13177,13,13,13.0
13178,28,5,14.909090909090908
13182,3,3,3.0
13183,15,2,5.428571428571429
13184,12,1,6.444444444444445
13186,27,8,15.0
13187,10,10,10.0
13189,2,2,2.0
13192,17,15,16.0
13193,9,9,9.0
13194,1,1,1.0
13196,33,2,14.5
13198,42,14,23.5
13199,4,1,1.5
13200,9,3,6.333333333333333
13203,10,2,5.0
13207,3,3,3.0
13208,25,6,16.2
13209,81,3,29.714285714285715
13210,17,17,17.0
13211,16,1,8.5
13212,23,2,12.666666666666666
13213,20,1,9.0
13216,1,1,1.0
13218,3,3,3.0
13220,2,1,1.5
13221,13,9,11.0
13223,4,4,4.0
13224,40,25,32.5
13226,10,10,10.0
13227,6,6,6.0
13229,6,6,6.0
13230,33,4,16.0
13232,29,4,12.0
13233,5,3,4.0
13235,40,40,40.0
13236,5,3,4.0
13238,11,3,8.0
13239,12,12,12.0
13240,15,4,9.75
13242,8,2,4.333333333333333
13243,34,34,34.0
13244,9,9,9.0
13245,2,2,2.0
13246,24,6,13.8
13247,6,3,4.333333333333333
13248,13,2,7.5
13249,5,5,5.0
13253,7,1,4.0
13255,3,2,2.5
13258,7,1,4.666666666666667
13259,21,21,21.0
13260,2,2,2.0
13262,5,5,5.0
13263,37,8,21.9375
13265,13,3,6.4
13266,12,1,6.416666666666667
13267,12,2,6.823529411764706
13268,43,13,25.88888888888889
13269,41,2,11.214285714285714
13271,15,15,15.0
13272,2,2,2.0
13273,10,10,10.0
13276,9,1,5.0
13278,23,23,23.0
13279,5,5,5.0
13280,28,7,18.0
13282,9,5,7.0
13283,4,1,2.5
13284,6,6,6.0
13285,45,22,31.5
13291,16,16,16.0
13292,9,7,8.0
13294,16,11,13.5
13295,8,8,8.0
13296,2,2,2.0
13297,16,2,8.0
13299,3,3,3.0
13300,14,14,14.0
13301,15,9,11.75
13304,10,10,10.0
13305,8,1,3.6666666666666665
13307,1,1,1.0
13308,18,6,11.0
13309,19,4,10.4
13310,16,13,15.0
13311,2,1,1.5
13313,14,8,11.4
13314,10,5,7.5
13316,1,1,1.0
13317,27,1,10.666666666666666
13318,5,1,3.0
13319,21,1,10.72
13320,30,11,21.5
13321,3,3,3.0
13322,11,11,11.0
13324,2,1,1.5
13325,3,3,3.0
13327,11,3,7.0
13328,2,2,2.0
13329,3,3,3.0
13330,17,9,11.666666666666666
13332,15,15,15.0
13334,81,39,59.666666666666664
13336,30,30,30.0
13338,9,9,9.0
13339,21,21,21.0
13340,5,3,3.6666666666666665
13341,24,24,24.0
13343,8,8,8.0
13344,43,6,22.333333333333332
13345,15,15,15.0
13348,10,10,10.0
13349,7,7,7.0
13350,14,1,7.5
13351,9,9,9.0
13352,14,14,14.0
13354,31,31,31.0
13355,25,25,25.0
13356,20,20,20.0
13357,45,45,45.0
13358,10,10,10.0
13359,9,9,9.0
13362,29,20,23.0
13363,24,8,16.0
13364,9,9,9.0
13365,53,23,38.0
13368,14,1,7.5
13369,8,8,8.0
13370,24,24,24.0
13372,12,12,12.0
13373,35,23,27.333333333333332
13375,18,18,18.0
13376,14,8,11.333333333333334
13379,15,8,11.666666666666666
13381,18,9,13.833333333333334
13382,12,12,12.0
13384,19,3,8.142857142857142
13385,12,12,12.0
13388,18,3,10.5
13389,8,7,7.666666666666667
13390,8,8,8.0
13394,16,6,10.5
13395,8,8,8.0
13396,12,9,10.5
13397,8,3,4.5
13398,10,10,10.0
13402,10,8,9.0
13403,2,2,2.0
13404,5,2,3.5
13405,9,2,5.5
13408,9,1,3.142857142857143
13410,4,2,3.0
13411,11,11,11.0
13414,8,8,8.0
13417,8,8,8.0
13418,26,1,7.647058823529412
13419,6,6,6.0
13420,2,2,2.0
13421,40,22,31.0
13422,78,78,78.0
13425,13,8,11.0
13426,11,3,5.222222222222222
13427,6,1,4.0
13428,15,15,15.0
13429,14,2,6.25
13430,13,7,10.0
13431,15,2,8.5
13434,2,2,2.0
13435,6,1,3.0
13436,6,6,6.0
13437,33,3,10.857142857142858
13439,33,33,33.0
13441,7,7,7.0
13447,13,5,9.666666666666666
13448,45,1,18.333333333333332
13449,8,8,8.0
13450,11,2,5.0
13451,65,30,52.8
13453,5,4,4.5
13455,16,8,12.0
13456,7,4,4.75
13458,26,6,13.5
13460,2,2,2.0
13461,3,1,2.0
13462,6,6,6.0
13464,24,24,24.0
13466,11,11,11.0
13467,33,9,21.0
13468,11,1,4.257142857142857
13470,7,3,5.0
13471,67,3,33.25
13473,3,1,2.0
13474,25,25,25.0
13475,19,6,13.75
13476,13,12,12.5
13477,14,2,6.0
13479,2,1,1.5
13481,25,1,14.0
13482,7,7,7.0
13483,6,6,6.0
13485,16,16,16.0
13486,22,12,15.666666666666666
13487,8,3,5.333333333333333
13488,41,5,17.692307692307693
13489,5,3,4.0
13491,7,1,3.7777777777777777
13492,11,3,6.333333333333333
13494,7,7,7.0
13495,7,1,3.8
13496,16,8,12.0
13497,8,5,6.5
13499,6,2,4.333333333333333
13500,12,8,10.333333333333334
13501,23,23,23.0
13502,3,2,2.6666666666666665
13503,6,6,6.0
13504,8,8,8.0
13505,46,13,29.25
13506,9,6,7.5
13507,44,5,19.5
13508,5,5,5.0
13509,3,1,1.5
13510,21,10,15.5
13512,4,4,4.0
13513,6,6,6.0
13514,2,2,2.0
13515,21,5,10.5
13516,19,4,11.5
13517,48,14,25.666666666666668
13518,27,27,27.0
13519,1,1,1.0
13520,13,4,7.25
13521,39,19,30.666666666666668
13522,3,3,3.0
13523,22,3,13.0
13524,7,1,3.4
13525,2,2,2.0
13527,31,1,15.833333333333334
13529,2,1,1.5
13531,8,3,5.5
13532,10,10,10.0
13533,20,1,11.333333333333334
13534,16,1,8.909090909090908
13536,21,4,10.142857142857142
13539,8,3,6.0
13544,6,1,3.5
13546,20,17,18.333333333333332
13548,24,18,21.0
13549,9,2,5.0
13552,7,1,4.375
13555,12,6,9.0
13557,11,5,8.0
13558,22,10,14.5
13560,15,15,15.0
13562,17,8,14.0
13563,8,1,4.5
13564,22,13,17.5
13565,20,8,14.0
13566,55,31,43.0
13568,14,14,14.0
13569,12,7,9.5
13570,9,9,9.0
13571,29,10,18.333333333333332
13572,12,12,12.0
13573,8,2,5.0
13575,12,4,7.4
13576,7,1,3.3
13577,18,10,14.0
13579,5,3,4.0
13581,4,4,4.0
13583,26,26,26.0
13584,4,4,4.0
13587,3,3,3.0
13588,16,4,8.75
13589,4,3,3.5
13590,13,6,8.666666666666666
13591,14,5,10.333333333333334
13592,4,1,2.3333333333333335
13593,16,11,14.0
13594,9,9,9.0
13596,22,13,17.5
13598,5,5,5.0
13599,26,1,6.055555555555555
13600,5,5,5.0
13601,29,24,26.5
13602,16,16,16.0
13603,4,4,4.0
13606,10,1,5.5
13607,40,40,40.0
13610,16,8,11.428571428571429
13611,16,6,11.333333333333334
13614,32,5,21.666666666666668
13615,13,13,13.0
13617,11,8,9.333333333333334
13618,4,4,4.0
13621,11,11,11.0
13623,7,1,3.75
13626,13,13,13.0
13627,10,1,7.8
13629,5,5,5.0
13630,16,1,5.8
13632,27,10,15.2
13634,19,10,16.2
13635,37,37,37.0
13636,11,3,6.4
13637,35,7,22.0
13638,5,5,5.0
13639,20,20,20.0
13642,10,10,10.0
13643,11,6,7.666666666666667
13644,27,7,16.25
13645,1,1,1.0
13647,19,6,12.0
13649,9,6,7.5
13650,18,9,12.0
13651,3,3,3.0
13652,14,9,11.666666666666666
13654,29,14,18.8
13655,17,7,12.0
13656,22,8,15.0
13657,7,3,5.0
13658,29,3,13.8
13659,34,22,28.0
13662,11,5,8.333333333333334
13663,5,5,5.0
13666,2,2,2.0
13667,15,15,15.0
13668,28,5,13.380952380952381
13669,2,2,2.0
13670,8,8,8.0
13672,1,1,1.0
13673,11,9,10.0
13675,8,6,7.0
13680,45,5,29.0
13681,12,8,10.25
13684,5,5,5.0
13686,8,8,8.0
13689,1,1,1.0
13690,2,2,2.0
13692,3,1,2.0
13694,4,1,1.8333333333333333
13695,10,1,3.769230769230769
13697,6,6,6.0
13699,3,3,3.0
13700,27,1,9.444444444444445
13704,12,2,6.75
13705,7,3,5.333333333333333
13706,12,12,12.0
13707,13,11,12.0
13708,21,21,21.0
13709,24,2,14.090909090909092
13710,4,4,4.0
13711,1,1,1.0
13712,6,6,6.0
13715,40,7,20.25
13716,13,13,13.0
13717,12,1,5.0
13718,2,2,2.0
13719,12,3,7.6
13720,10,4,8.0
13721,13,13,13.0
13722,22,1,13.666666666666666
13725,13,2,8.0
13726,12,5,8.5
13727,8,5,6.5
13728,6,1,2.8
13730,10,7,8.5
13731,12,11,11.5
13732,15,15,15.0
13735,29,9,23.5
13736,28,27,27.5
13737,12,12,12.0
13740,8,8,8.0
13741,6,4,5.0
13742,23,1,10.88888888888889
13743,2,1,1.3333333333333333
13744,12,2,7.0
13745,4,4,4.0
13748,6,2,3.6666666666666665
13750,3,2,2.5
13751,4,4,4.0
13752,11,2,6.2
13753,24,24,24.0
13754,6,1,3.5
13755,24,2,10.375
13756,7,1,3.6153846153846154
13758,24,3,8.857142857142858
13759,14,14,14.0
13760,13,12,12.5
13761,20,17,18.5
13762,1,1,1.0
13764,52,28,38.0
13767,9,1,4.909090909090909
13769,14,1,8.1
13771,35,5,17.5
13772,36,11,27.666666666666668
13774,13,13,13.0
13777,5,1,2.7777777777777777
13778,4,4,4.0
13780,23,5,14.0
13781,10,10,10.0
13782,19,3,10.166666666666666
13784,1,1,1.0
13786,2,2,2.0
13787,10,6,8.0
13790,7,7,7.0
13792,6,3,4.5
13798,2,1,1.3333333333333333
13799,22,12,17.0
13800,24,24,24.0
13801,13,13,13.0
13802,6,4,5.0
13803,12,12,12.0
13804,22,1,9.571428571428571
13806,3,3,3.0
13807,3,3,3.0
13808,17,5,8.8
13809,4,4,4.0
13810,13,6,9.5
13812,14,3,7.333333333333333
13813,10,5,6.75
13814,17,7,12.0
13815,43,16,33.333333333333336
13816,11,5,8.0
13817,9,8,8.5
13819,5,4,4.5
13821,22,7,14.5
13822,46,2,24.0
13823,8,7,7.5
13824,8,3,5.0
13826,3,3,3.0
13827,5,2,3.6666666666666665
13828,9,9,9.0
13831,23,1,8.666666666666666
13832,3,3,3.0
13833,9,9,9.0
13835,16,3,9.0
13837,5,3,4.0
13838,12,5,7.5
13842,23,6,10.88888888888889
13844,17,17,17.0
13845,4,4,4.0
13846,18,5,11.333333333333334
13849,37,27,32.0
13850,68,68,68.0
13851,21,2,12.333333333333334
13853,10,10,10.0
13854,3,1,1.25
13856,6,1,3.0
13858,6,6,6.0
13859,15,15,15.0
13860,17,1,9.4
13862,23,2,12.625
13863,12,12,12.0
13865,5,4,4.5
13866,3,3,3.0
13867,18,2,8.666666666666666
13868,13,13,13.0
13869,90,11,42.0
13870,14,1,6.375
13871,21,2,13.153846153846153
13873,4,1,2.3333333333333335
13874,8,8,8.0
13875,20,6,14.2
13876,3,3,3.0
13877,1,1,1.0
13878,9,9,9.0
13880,18,2,7.846153846153846
13881,13,1,7.25
13882,4,1,2.75
13883,24,2,14.8
13884,20,1,8.75
13885,13,1,7.0
13886,8,8,8.0
13887,7,7,7.0
13888,12,8,10.0
13889,3,3,3.0
13890,12,2,5.9
13892,8,8,8.0
13893,2,2,2.0
13894,9,6,7.5
13895,22,9,16.5
13897,9,9,9.0
13898,7,7,7.0
13899,13,3,8.0
13900,12,9,10.5
13901,46,3,13.8
13904,9,7,8.0
13908,32,9,18.75
13911,19,2,9.625
13914,12,8,10.0
13917,7,3,5.0
13918,13,5,9.0
13919,8,1,4.5
13922,1,1,1.0
13923,9,9,9.0
13924,22,1,8.666666666666666
13925,11,1,4.666666666666667
13926,6,6,6.0
13927,9,9,9.0
13928,6,1,3.0
13929,2,2,2.0
13930,6,2,4.0
13931,23,16,19.5
13932,9,9,9.0
13933,9,4,6.5
13934,16,16,16.0
13936,15,15,15.0
13937,5,5,5.0
13938,4,4,4.0
13939,6,5,5.666666666666667
13940,8,5,6.25
13941,3,1,2.2
13946,1,1,1.0
13947,4,4,4.0
13948,1,1,1.0
13949,16,6,11.333333333333334
13950,6,2,4.5
13951,13,2,7.666666666666667
13952,43,24,33.5
13953,2,2,2.0
13954,7,5,6.0
13955,8,5,6.5
13956,24,5,10.8
13959,13,8,10.0
13960,6,3,4.5
13962,3,1,2.0
13963,6,3,4.666666666666667
13969,59,2,21.470588235294116
13971,20,7,11.75
13972,6,6,6.0
13973,6,6,6.0
13974,19,19,19.0
13975,85,4,31.5
13976,3,3,3.0
13978,4,4,4.0
13979,35,35,35.0
13980,2,2,2.0
13982,20,13,17.5
13983,24,1,8.5
13984,3,1,2.0
13985,25,3,16.6
13986,7,7,7.0
13988,31,10,17.666666666666668
13989,8,7,7.5
13990,8,8,8.0
13991,11,1,5.333333333333333
13992,3,3,3.0
13993,11,3,6.571428571428571
13994,25,3,13.6
13995,16,8,11.6
13999,17,8,11.833333333333334
14000,5,5,5.0
14001,5,3,4.333333333333333
14002,5,2,3.5
14004,23,4,12.857142857142858
14005,9,3,5.5
14006,9,1,5.666666666666667
14009,19,7,13.0
14012,2,2,2.0
14013,9,8,8.333333333333334
14014,4,4,4.0
14015,10,10,10.0
14016,26,13,18.5
14019,21,10,14.0
14020,11,10,10.5
14021,8,2,5.0
14022,15,15,15.0
14023,9,8,8.5
14024,9,9,9.0
14027,5,5,5.0
14029,2,2,2.0
14030,26,4,13.571428571428571
14031,14,1,6.090909090909091
14032,13,1,7.8
14034,13,2,7.666666666666667
14035,15,4,8.25
14036,16,16,16.0
14037,6,2,4.0
14038,37,19,25.333333333333332
14039,4,4,4.0
14040,19,1,6.666666666666667
14041,7,7,7.0
14044,12,3,9.5
14046,1,1,1.0
14047,6,1,3.3333333333333335
14048,44,44,44.0
14049,101,15,64.0
14050,22,9,15.5
14051,7,1,3.1176470588235294
14052,5,5,5.0
14053,1,1,1.0
14054,5,5,5.0
14055,4,4,4.0
14056,59,1,22.08695652173913
14057,40,2,10.153846153846153
14059,5,5,5.0
14060,8,1,3.8
14062,4,2,2.8
14064,12,3,7.6
14066,5,5,5.0
14067,8,3,5.5
14068,10,10,10.0
14071,17,3,10.714285714285714
14073,8,8,8.0
14075,7,1,5.0
14076,8,8,8.0
14077,7,1,4.0
14078,6,1,3.1666666666666665
14079,2,2,2.0
14080,4,4,4.0
14081,38,25,31.5
14082,12,12,12.0
14083,28,1,9.0
14085,32,1,14.941176470588236
14087,19,19,19.0
14088,14,1,5.3
14089,3,3,3.0
14092,18,2,10.692307692307692
14093,41,41,41.0
14096,172,1,85.23529411764706
14098,6,6,6.0
14099,21,7,11.363636363636363
14100,12,12,12.0
14102,8,3,5.4
14104,5,5,5.0
14105,36,36,36.0
14107,14,3,7.285714285714286
14108,10,5,7.5
14109,5,5,5.0
14110,23,1,10.3
14111,1,1,1.0
14112,35,1,19.833333333333332
14113,8,2,5.0
14114,10,10,10.0
14116,12,3,8.2
14121,38,8,22.25
14125,40,13,30.0
14126,7,7,7.0
14127,9,3,7.0
14128,16,12,14.0
14129,12,1,5.8
14130,42,42,42.0
14132,17,2,11.090909090909092
14133,10,7,8.5
14135,14,1,3.75
14138,15,6,10.5
14139,13,13,13.0
14140,23,23,23.0
14141,10,3,5.0
14142,13,13,13.0
14143,4,4,4.0
14146,47,10,25.2
14147,1,1,1.0
14149,21,21,21.0
14150,4,2,3.0
14152,18,8,13.0
14154,19,11,15.0
14155,1,1,1.0
14156,84,1,18.0
14157,21,1,11.0
14158,10,10,10.0
14159,96,18,47.36363636363637
14161,28,15,20.333333333333332
14162,7,5,6.0
14163,5,2,3.25
14164,12,12,12.0
14165,10,10,10.0
14167,3,1,2.0
14171,22,22,22.0
14173,6,1,3.5
14174,20,20,20.0
14175,43,9,25.0
14176,13,2,6.5
14177,5,1,3.0
14178,20,8,13.285714285714286
14179,34,17,25.5
14180,4,1,1.9047619047619047
14184,10,10,10.0
14188,4,1,2.8333333333333335
14189,16,1,9.066666666666666
14191,19,5,11.916666666666666
14193,16,14,15.0
14194,34,1,15.35
14196,2,2,2.0
14198,5,3,4.0
14199,1,1,1.0
14201,6,2,3.5
14204,8,8,8.0
14205,5,5,5.0
14206,14,14,14.0
14208,4,4,4.0
14209,7,2,5.0
14210,10,5,8.666666666666666
14211,17,2,8.666666666666666
14214,28,3,8.4
14215,28,2,11.5
14216,16,2,6.25
14217,5,1,2.0
14218,9,9,9.0
14219,2,2,2.0
14220,5,2,3.5
14221,21,2,11.75
14222,23,23,23.0
14223,9,6,7.666666666666667
14224,21,3,10.75
14226,7,4,5.25
14227,37,1,14.0
14229,16,4,10.0
14231,17,10,12.333333333333334
14232,32,5,12.8
14233,5,2,3.25
14234,24,3,9.5
14235,14,1,7.0
14236,2,1,1.5
14237,3,3,3.0
14238,4,4,4.0
14239,13,1,5.818181818181818
14240,17,4,10.5
14241,5,5,5.0
14242,6,5,5.5
14243,11,2,6.5
14245,39,22,30.5
14246,17,14,15.666666666666666
14247,9,9,9.0
14248,5,5,5.0
14250,39,12,21.666666666666668
14251,13,4,7.25
14256,18,10,14.0
14257,30,1,11.6
14258,1,1,1.0
14259,2,2,2.0
14261,24,24,24.0
14262,23,3,12.5
14264,3,3,3.0
14265,3,3,3.0
14267,10,7,8.0
14270,13,13,13.0
14271,4,4,4.0
14272,3,3,3.0
14273,6,5,5.75
14276,19,9,14.0
14277,62,14,36.0
14280,3,3,3.0
14282,15,2,6.714285714285714
14284,6,5,5.5
14285,4,1,2.0
14286,75,15,43.666666666666664
14287,2,2,2.0
14288,13,13,13.0
14289,9,1,4.0
14290,20,6,11.4
14291,26,1,11.0
14292,13,1,5.444444444444445
14293,11,5,7.75
14295,3,3,3.0
14297,15,9,12.0
14298,46,1,11.833333333333334
14299,26,3,9.25
14300,3,3,3.0
14301,2,2,2.0
14304,7,7,7.0
14305,45,23,34.0
14306,4,4,4.0
14307,29,1,18.0
14309,15,1,7.888888888888889
14311,11,11,11.0
14312,11,6,8.0
14314,1,1,1.0
14315,22,1,10.333333333333334
14317,16,16,16.0
14320,16,6,11.0
14321,9,2,6.0
14323,11,10,10.5
14326,4,4,4.0
14327,6,6,6.0
14329,49,1,23.428571428571427
14331,15,3,9.0
14332,5,1,3.3333333333333335
14333,1,1,1.0
14334,17,5,9.875
14335,19,6,12.5
14336,22,5,11.0
14338,16,16,16.0
14339,10,10,10.0
14340,5,5,5.0
14341,30,1,9.75
14342,3,1,2.0
14344,6,1,3.2857142857142856
14345,1,1,1.0
14346,14,7,10.5
14348,12,12,12.0
14349,11,11,11.0
14350,14,14,14.0
14352,15,1,6.25
14353,5,5,5.0
14354,3,2,2.5
14355,7,7,7.0
14356,12,8,10.0
14357,19,19,19.0
14359,16,4,11.0
14360,44,6,15.75
14362,19,19,19.0
14364,5,1,3.3333333333333335
14367,44,3,18.8125
14368,2,2,2.0
14371,1,1,1.0
14373,1,1,1.0
14375,13,13,13.0
14377,1,1,1.0
14379,11,7,9.0
14381,32,32,32.0
14382,35,35,35.0
14383,14,3,7.333333333333333
14385,4,3,3.3333333333333335
14386,5,5,5.0
14387,37,15,26.0
14388,20,7,15.25
14389,16,10,13.0
14390,25,5,17.0
14395,41,14,21.444444444444443
14396,33,4,18.5
14397,4,1,1.8571428571428572
14400,16,16,16.0
14401,5,1,2.909090909090909
14404,16,2,6.833333333333333
14406,4,4,4.0
14407,13,1,7.0
14408,17,1,6.833333333333333
14409,8,6,7.0
14410,30,1,13.142857142857142
14411,1,1,1.0
14412,7,6,6.5
14413,8,8,8.0
14414,3,1,2.0
14415,58,5,27.76923076923077
14416,6,2,4.0
14418,24,10,18.0
14419,23,10,18.0
14420,17,17,17.0
14421,4,2,3.0
14422,32,3,17.666666666666668
14426,34,1,11.88888888888889
14427,9,9,9.0
14428,25,1,9.0
14431,11,11,11.0
14432,53,3,25.333333333333332
14436,2,2,2.0
14437,5,5,5.0
14438,9,9,9.0
14439,1,1,1.0
14440,12,3,6.0
14441,7,2,4.25
14442,9,5,7.0
14443,17,15,16.0
14446,34,5,19.25
14447,18,2,10.0
14448,9,1,5.0
14449,29,9,21.5
14450,7,3,5.333333333333333
14451,38,34,36.0
14452,9,8,8.5
14453,3,3,3.0
14456,54,2,27.444444444444443
14459,9,9,9.0
14461,53,3,26.666666666666668
14462,27,1,13.4
14465,13,4,8.5
14466,9,1,3.857142857142857
14467,23,8,15.0
14470,10,4,7.0
14472,40,5,18.125
14473,3,3,3.0
14474,9,9,9.0
14475,10,7,8.666666666666666
14476,8,8,8.0
14479,8,3,5.5
14480,7,7,7.0
14481,8,5,6.5
14482,11,3,6.333333333333333
14483,7,7,7.0
14484,5,5,5.0
14485,12,12,12.0
14487,25,7,16.0
14488,24,24,24.0
14489,28,28,28.0
14491,8,2,5.0
14493,17,12,14.6
14494,5,5,5.0
14495,4,2,3.0
14496,6,2,4.0
14497,12,12,12.0
14498,47,6,22.4
14499,54,12,28.666666666666668
14500,1,1,1.0
14501,2,1,1.5
14502,38,10,22.875
14503,27,2,17.0
14504,16,4,8.25
14505,80,17,52.125
14506,39,1,19.8
14507,21,1,9.6
14508,8,3,5.5
14511,11,2,8.0
14512,10,5,7.5
14514,13,8,9.666666666666666
14515,18,1,8.666666666666666
14517,4,2,3.0
14518,3,3,3.0
14520,1,1,1.0
14522,1,1,1.0
14523,4,4,4.0
14524,15,2,9.428571428571429
14525,28,3,13.0
14527,18,1,4.849056603773585
14528,8,8,8.0
14529,12,10,11.0
14530,21,9,16.5
14532,5,5,5.0
14533,9,1,3.6
14534,26,1,11.61111111111111
14535,83,45,61.0
14536,4,4,4.0
14537,8,8,8.0
14538,13,1,7.0
14539,13,3,8.0
14540,14,4,8.0
14541,14,1,5.166666666666667
14543,3,1,1.7777777777777777
14544,31,23,27.0
14546,62,24,40.6
14547,48,3,23.25
14549,19,19,19.0
14550,14,8,11.0
14551,1,1,1.0
14552,19,19,19.0
14553,15,2,8.2
14554,59,2,24.5
14555,7,3,5.0
14557,1,1,1.0
14560,4,1,1.7
14561,15,10,13.333333333333334
14562,26,2,12.0
14565,37,5,19.0
14567,17,6,11.5
14569,4,4,4.0
14570,10,1,5.5
14572,35,1,26.833333333333332
14573,21,1,7.5
14576,1,1,1.0
14577,27,19,23.25
14578,6,6,6.0
14581,7,7,7.0
14582,1,1,1.0
14583,22,7,13.6
14584,22,9,15.75
14585,13,13,13.0
14586,3,3,3.0
14587,24,5,17.0
14591,23,8,14.75
14592,21,4,11.0
14593,32,5,16.666666666666668
14594,19,6,12.5
14595,35,2,9.0
14597,9,9,9.0
14598,36,36,36.0
14600,11,11,11.0
14601,4,4,4.0
14606,15,1,5.795454545454546
14607,2,2,2.0
14618,2,1,1.5
14619,10,10,10.0
14620,6,5,5.5
14621,15,8,11.6
14622,11,11,11.0
14623,15,1,8.6
14624,8,8,8.0
14625,19,2,10.5
14626,30,5,17.0
14628,5,1,3.0
14629,22,18,20.0
14631,8,7,7.333333333333333
14632,5,5,5.0
14633,7,7,7.0
14636,12,9,10.5
14638,6,6,6.0
14639,26,1,12.666666666666666
14640,17,2,9.0
14641,4,4,4.0
14643,2,2,2.0
14644,8,5,6.5
14645,8,7,7.5
14646,15,1,5.923076923076923
14647,14,14,14.0
14649,21,2,11.5
14651,22,18,20.0
14652,2,2,2.0
14653,28,1,15.857142857142858
14655,5,1,2.5
14656,12,6,9.0
14657,41,5,17.5
14658,5,3,4.0
14659,30,6,16.88888888888889
14660,8,5,6.5
14661,1,1,1.0
14662,21,3,8.25
14664,34,17,25.5
14665,18,5,14.0
14666,6,6,6.0
14667,27,1,9.8
14669,43,24,33.666666666666664
14670,37,9,23.0
14672,18,15,16.5
14673,12,6,8.0
14675,38,38,38.0
14676,2,2,2.0
14680,8,1,3.769230769230769
14681,1,1,1.0
14684,39,14,25.6
14687,8,8,8.0
14688,23,2,7.4
14689,10,10,10.0
14690,12,11,11.5
14691,10,3,6.5
14692,21,5,12.0
14693,6,6,6.0
14696,13,7,9.428571428571429
14697,5,1,3.0
14698,30,8,19.6
14699,3,3,3.0
14700,28,21,24.333333333333332
14701,34,4,17.5
14702,25,1,9.058823529411764
14703,18,18,18.0
14704,40,5,16.428571428571427
14708,6,4,5.0
14709,15,2,7.461538461538462
14710,21,4,11.75
14711,21,1,12.181818181818182
14712,6,1,3.5
14713,39,6,20.818181818181817
14714,6,6,6.0
14715,18,4,8.75
14716,12,5,8.5
14719,29,15,21.6
14720,5,1,3.3333333333333335
14722,10,10,10.0
14723,22,7,12.5
14725,14,14,14.0
14727,5,5,5.0
14729,28,28,28.0
14730,36,2,15.5
14731,17,3,9.333333333333334
14732,18,3,8.0
14733,8,1,3.3
14735,11,1,4.375
14737,3,1,2.0
14738,7,1,4.285714285714286
14739,4,1,2.5
14740,26,23,24.666666666666668
14741,9,2,5.166666666666667
14744,4,1,2.6666666666666665
14745,18,1,10.75
14747,8,8,8.0
14748,21,2,11.2
14752,1,1,1.0
14753,18,18,18.0
14754,11,9,10.0
14755,17,5,9.545454545454545
14756,15,15,15.0
14757,9,9,9.0
14758,11,3,6.25
14759,19,9,13.0
14760,4,4,4.0
14761,7,2,4.5
14762,7,7,7.0
14764,1,1,1.0
14765,3,1,2.0
14766,21,2,12.666666666666666
14768,2,2,2.0
14769,196,5,65.25
14770,14,8,11.0
14772,5,5,5.0
14775,11,9,10.0
14776,7,1,4.222222222222222
14778,17,5,11.0
14779,9,2,4.666666666666667
14780,10,6,8.0
14782,5,5,5.0
14784,6,3,4.5
14788,7,5,6.0
14789,1,1,1.0
14790,12,8,9.333333333333334
14793,7,7,7.0
14794,11,3,7.333333333333333
14796,36,13,29.11764705882353
14798,5,1,2.3333333333333335
14799,2,2,2.0
14800,37,1,17.181818181818183
14801,6,6,6.0
14803,9,4,6.5
14804,6,6,6.0
14805,1,1,1.0
14806,3,3,3.0
14808,35,4,16.833333333333332
14810,31,12,18.90909090909091
14813,11,2,6.5
14815,19,7,13.0
14817,25,24,24.5
14818,10,6,7.666666666666667
14819,6,1,3.5
14820,5,3,4.25
14821,2,2,2.0
14823,4,1,2.5
14824,7,1,2.75
14825,23,3,6.666666666666667
14829,8,4,5.75
14830,13,13,13.0
14834,12,3,5.666666666666667
14836,3,1,1.6666666666666667
14837,21,14,17.5
14840,3,3,3.0
14841,18,4,8.666666666666666
14842,48,1,23.75
14844,19,11,15.5
14847,9,9,9.0
14849,17,1,6.608695652173913
14850,5,5,5.0
14851,9,8,8.5
14852,23,2,13.166666666666666
14853,3,2,2.5
14854,24,1,8.142857142857142
14855,5,5,5.0
14856,34,1,13.0
14857,20,7,13.5
14859,21,2,8.5
14860,3,3,3.0
14862,14,11,12.5
14863,10,10,10.0
14865,1,1,1.0
14867,10,3,6.666666666666667
14868,24,1,14.25
14869,22,8,15.0
14870,9,9,9.0
14871,11,4,8.0
14873,15,15,15.0
14875,24,3,13.5
14878,15,3,7.222222222222222
14880,11,5,7.333333333333333
14881,6,6,6.0
14882,3,3,3.0
14883,12,2,5.166666666666667
14886,11,11,11.0
14888,19,19,19.0
14889,7,7,7.0
14890,5,5,5.0
14891,20,5,12.5
14893,28,16,22.0
14894,12,12,12.0
14895,61,1,14.352941176470589
14896,14,8,11.0
14897,9,1,6.0
14898,19,1,8.5
14901,11,1,6.625
14902,9,9,9.0
14903,61,32,46.6
14904,8,4,6.0
14905,4,3,3.5
14907,22,1,13.857142857142858
14908,3,3,3.0
14910,11,1,5.75
14911,70,1,14.158469945355192
14912,5,4,4.5
14913,13,2,7.75
14915,7,1,4.0
14916,14,8,11.25
14918,6,4,5.0
14920,19,16,17.5
14921,36,18,27.0
14923,21,21,21.0
14924,5,5,5.0
14929,7,7,7.0
14930,31,2,20.666666666666668
14931,12,2,5.75
14932,3,3,3.0
14934,26,24,25.0
14936,41,2,24.142857142857142
14937,17,6,11.5
14944,17,1,7.333333333333333
14947,6,1,3.5
14948,8,1,5.166666666666667
14950,8,8,8.0
14951,7,7,7.0
14952,15,1,6.833333333333333
14953,16,16,16.0
14954,8,8,8.0
14957,7,7,7.0
14958,10,5,6.666666666666667
14959,14,6,9.5
14960,7,1,4.0
14961,31,5,21.555555555555557
14963,20,8,15.6
14964,5,5,5.0
14965,30,30,30.0
14966,12,12,12.0
14967,2,2,2.0
14968,13,13,13.0
14970,2,2,2.0
14971,37,1,21.666666666666668
14972,4,4,4.0
14973,11,2,5.333333333333333
14974,7,7,7.0
14975,1,1,1.0
14976,9,1,5.0
14978,21,11,15.4
14981,6,6,6.0
14984,7,3,5.0
14985,12,11,11.5
14988,20,20,20.0
14995,11,10,10.5
14997,1,1,1.0
14998,9,9,9.0
15000,48,48,48.0
15002,21,15,18.75
15004,70,70,70.0
15005,42,8,24.107142857142858
15006,38,38,38.0
15007,8,8,8.0
15009,49,21,32.333333333333336
15010,12,12,12.0
15012,14,8,11.0
15014,17,17,17.0
15016,6,6,6.0
15017,9,9,9.0
15018,7,3,5.666666666666667
15019,22,22,22.0
15021,25,2,12.88888888888889
15022,21,14,16.333333333333332
15023,72,1,28.727272727272727
15024,33,3,14.666666666666666
15025,31,31,31.0
15026,28,2,14.0
15027,11,1,4.666666666666667
15028,8,2,5.333333333333333
15031,16,3,10.25
15032,15,9,12.0
15033,59,6,24.9
15034,60,1,26.75
15035,18,18,18.0
15036,22,12,17.0
15038,8,1,3.4
15039,32,4,16.357142857142858
15041,11,11,11.0
15042,3,3,3.0
15044,26,2,11.875
15045,1,1,1.0
15046,14,1,5.461538461538462
15047,18,18,18.0
15048,6,2,3.75
15049,1,1,1.0
15050,11,7,9.0
15051,35,18,24.0
15052,14,14,14.0
15053,13,5,8.666666666666666
15054,15,7,11.0
15057,1,1,1.0
15058,11,3,7.9
15059,23,5,14.0
15060,13,1,6.333333333333333
15061,3,1,1.8
15062,15,7,9.75
15063,1,1,1.0
15065,36,11,20.5
15066,14,14,14.0
15067,25,6,17.666666666666668
15068,39,18,28.5
15069,26,26,26.0
15071,5,4,4.5
15073,16,4,12.0
15074,32,32,32.0
15075,10,10,10.0
15076,21,21,21.0
15078,25,1,10.193548387096774
15079,13,6,9.5
15081,6,2,3.4
15083,1,1,1.0
15087,9,9,9.0
15088,10,4,7.0
15089,41,2,11.0
15090,12,12,12.0
15091,22,22,22.0
15092,10,1,5.5
15093,12,1,5.8
15095,14,4,7.666666666666667
15096,6,6,6.0
15097,15,15,15.0
15099,16,16,16.0
15101,3,3,3.0
15103,14,6,10.0
15104,12,5,8.5
15105,23,1,10.333333333333334
15106,17,3,9.8
15107,2,1,1.6666666666666667
15108,15,3,9.0
15109,10,10,10.0
15110,6,2,4.5
15111,25,5,13.333333333333334
15113,23,4,13.5
15114,22,4,9.777777777777779
15115,10,10,10.0
15116,8,1,4.25
15117,26,7,13.5
15119,5,5,5.0
15120,8,8,8.0
15121,11,4,7.5
15122,14,11,12.666666666666666
15123,29,28,28.5
15124,1,1,1.0
15125,3,1,2.0
15127,11,11,11.0
15128,18,9,14.0
15129,7,1,3.888888888888889
15130,17,17,17.0
15132,13,1,6.6
15133,6,4,4.666666666666667
15134,9,2,6.25
15135,8,8,8.0
15136,24,10,17.333333333333332
15139,6,1,3.5
15140,13,1,4.714285714285714
15142,11,11,11.0
15143,10,10,10.0
15144,12,1,6.133333333333334
15145,11,5,8.0
15146,36,7,21.5
15147,13,13,13.0
15148,15,15,15.0
15149,6,6,6.0
15150,57,3,18.333333333333332
15152,19,4,9.692307692307692
15153,9,9,9.0
15154,8,8,8.0
15156,14,7,10.333333333333334
15157,24,1,12.666666666666666
15159,43,1,9.807692307692308
15160,2,2,2.0
15163,7,3,5.0
15164,31,4,19.333333333333332
15165,13,13,13.0
15167,16,16,16.0
15168,3,3,3.0
15172,16,1,11.4
15174,6,6,6.0
15175,8,8,8.0
15178,3,3,3.0
15179,20,4,12.666666666666666
15180,3,3,3.0
15181,1,1,1.0
15182,10,9,9.5
15184,7,7,7.0
15186,6,3,4.5
15187,9,1,4.0
15189,8,1,1.9130434782608696
15192,7,2,4.333333333333333
15193,3,3,3.0
15194,13,1,8.866666666666667
15197,8,7,7.5
15198,4,2,3.0
15201,6,1,3.8
15203,22,12,16.0
15204,3,3,3.0
15205,11,6,8.5
15206,2,1,1.5
15208,5,2,3.0
15210,8,8,8.0
15211,12,12,12.0
15212,4,4,4.0
15213,18,1,9.5
15214,18,2,7.125
15215,8,1,5.0
15218,10,1,5.222222222222222
15219,1,1,1.0
15220,18,2,9.666666666666666
15223,6,3,4.5
15224,6,6,6.0
15225,12,12,12.0
15226,5,5,5.0
15227,5,2,3.8
15228,23,5,14.75
15230,12,12,12.0
15232,5,2,3.5
15234,10,10,10.0
15235,24,1,6.75
15236,4,4,4.0
15237,36,3,14.0
15238,9,3,6.333333333333333
15239,17,15,16.0
15240,10,2,7.4
15241,13,1,6.125
15243,15,15,15.0
15244,11,7,9.0
15245,31,8,18.333333333333332
15246,18,11,14.5
15249,37,1,15.0
15252,19,8,13.5
15253,14,1,5.4
15254,11,11,11.0
15255,25,25,25.0
15256,6,6,6.0
15257,1,1,1.0
15258,5,5,5.0
15260,8,3,5.5
15261,8,8,8.0
15262,7,7,7.0
15263,5,5,5.0
15264,10,10,10.0
15265,18,17,17.5
15266,1,1,1.0
15270,6,1,3.75
15271,35,3,9.066666666666666
15272,20,2,11.0
15274,17,13,15.0
15275,15,15,15.0
15276,3,3,3.0
15277,5,5,5.0
15279,8,8,8.0
15280,7,7,7.0
15281,25,1,7.222222222222222
15287,8,8,8.0
15288,17,2,8.0
15289,14,6,10.0
15290,9,1,3.7222222222222223
15291,7,1,2.7142857142857144
15292,9,9,9.0
15296,36,7,23.6
15297,12,4,8.666666666666666
15298,16,1,8.363636363636363
15300,17,17,17.0
15301,27,3,11.88888888888889
15303,24,24,24.0
15304,3,1,2.0
15306,16,3,10.333333333333334
15307,2,2,2.0
15308,11,11,11.0
15311,46,1,10.966666666666667
15312,12,4,7.25
15314,13,13,13.0
15315,7,5,6.0
15318,2,2,2.0
15319,2,2,2.0
15320,16,16,16.0
15321,27,3,17.666666666666668
15322,24,24,24.0
15325,5,5,5.0
15326,8,8,8.0
15327,5,5,5.0
15329,13,5,8.0
15332,8,1,3.6666666666666665
15333,8,8,8.0
15334,17,14,15.333333333333334
15335,11,11,11.0
15339,27,21,24.0
15342,16,16,16.0
15343,7,7,7.0
15344,5,5,5.0
15345,6,6,6.0
15346,10,10,10.0
15347,4,4,4.0
15348,7,7,7.0
15349,21,5,13.0
15350,4,4,4.0
15351,31,2,14.142857142857142
15353,25,6,15.5
15355,1,1,1.0
15356,45,17,31.3
15358,31,3,14.136363636363637
15360,3,3,3.0
15361,1,1,1.0
15363,12,12,12.0
15364,12,1,6.5
15365,17,1,9.142857142857142
15366,13,6,9.5
15367,22,16,18.0
15370,18,6,11.0
15373,7,1,4.555555555555555
15374,1,1,1.0
15376,39,7,26.333333333333332
15379,33,2,16.142857142857142
15380,4,1,2.5
15381,4,4,4.0
15382,58,12,32.4
15384,9,8,8.5
15385,9,9,9.0
15386,15,15,15.0
15388,7,7,7.0
15392,14,6,9.25
15393,6,3,4.5
15394,18,11,14.75
15396,5,5,5.0
15397,1,1,1.0
15398,22,20,21.0
15399,14,10,11.333333333333334
15400,2,2,2.0
15402,8,2,5.0
15406,23,6,14.5
15407,10,1,5.75
15408,14,14,14.0
15410,8,2,5.625
15411,20,4,12.25
15412,4,4,4.0
15414,11,3,7.0
15415,32,32,32.0
15416,30,18,24.0
15417,27,27,27.0
15419,2,2,2.0
15421,13,2,9.25
15422,3,2,2.5
15424,6,2,4.0
15426,27,2,17.4
15427,67,24,46.333333333333336
15428,4,4,4.0
15429,18,5,11.5
15432,9,9,9.0
15433,22,10,16.0
15434,6,1,3.4
15435,12,12,12.0
15436,41,20,31.666666666666668
15437,17,17,17.0
15438,12,12,12.0
15440,13,8,10.0
15443,48,7,28.571428571428573
15444,78,40,59.0
15445,1,1,1.0
15447,6,6,6.0
15448,18,18,18.0
15449,16,10,12.666666666666666
15450,16,16,16.0
15452,21,6,12.0
15453,24,5,12.428571428571429
15454,16,16,16.0
15456,19,1,11.666666666666666
15457,40,40,40.0
15458,3,3,3.0
15460,13,13,13.0
15462,4,1,3.0
15463,4,4,4.0
15464,55,55,55.0
15465,2,1,1.1111111111111112
15466,27,27,27.0
15467,23,5,12.333333333333334
15468,13,13,13.0
15469,8,1,4.5
15471,35,35,35.0
15472,36,36,36.0
15475,20,20,20.0
15478,9,7,8.0
15480,16,16,16.0
15482,2,1,1.5
15483,8,1,3.5
15484,48,7,20.5
15485,7,4,5.0
15489,15,5,10.333333333333334
15491,16,1,10.666666666666666
15492,12,3,7.5
15493,29,12,17.4
15494,29,5,17.0
15498,47,1,9.875
15500,10,5,6.75
15502,32,2,10.25
15503,3,3,3.0
15504,6,6,6.0
15505,11,5,8.666666666666666
15506,25,15,20.333333333333332
15507,9,9,9.0
15508,11,1,7.666666666666667
15511,21,4,8.4
15512,6,1,3.5
15513,14,1,7.714285714285714
15514,24,1,8.777777777777779
15516,3,1,1.6666666666666667
15517,10,10,10.0
15518,28,12,19.666666666666668
15520,15,15,15.0
15521,22,1,11.714285714285714
15522,19,1,10.0
15523,2,2,2.0
15525,21,15,17.666666666666668
15526,1,1,1.0
15527,13,4,7.5
15528,7,7,7.0
15529,70,2,28.454545454545453
15530,31,5,14.25
15531,74,23,48.5
15532,26,10,15.5
15533,17,3,11.666666666666666
15535,11,1,5.333333333333333
15537,1,1,1.0
15539,27,27,27.0
15540,8,8,8.0
15541,3,3,3.0
15543,14,14,14.0
15544,27,10,17.444444444444443
15545,6,1,3.5
15547,34,10,20.692307692307693
15549,38,6,21.333333333333332
15550,11,7,8.75
15551,11,11,11.0
15552,11,11,11.0
15553,16,16,16.0
15554,8,8,8.0
15555,49,2,25.25
15556,19,19,19.0
15557,6,6,6.0
15561,4,1,2.5
15563,23,9,17.666666666666668
15565,3,2,2.5
15567,3,3,3.0
15568,9,6,7.333333333333333
15569,3,2,2.5
15570,38,2,14.25
15571,13,1,5.75
15572,27,2,12.857142857142858
15573,12,5,8.5
15574,19,3,9.666666666666666
15576,27,27,27.0
15577,9,3,5.333333333333333
15578,2,2,2.0
15579,12,5,8.5
15581,10,1,4.25
15582,13,7,10.666666666666666
15584,20,2,12.25
15585,14,14,14.0
15587,1,1,1.0
15589,10,9,9.5
15592,10,10,10.0
15593,3,3,3.0
15594,19,5,11.0
15596,11,6,8.75
15597,16,16,16.0
15598,9,9,9.0
15599,14,6,10.0
15601,21,5,12.5
15602,4,1,2.0
15604,11,11,11.0
15605,12,3,7.0
15606,8,1,4.333333333333333
15607,5,5,5.0
15608,16,1,9.666666666666666
15609,6,6,6.0
15610,5,5,5.0
15611,5,1,2.1666666666666665
15615,19,1,10.952380952380953
15618,15,2,6.5
15620,20,13,16.666666666666668
15621,1,1,1.0
15622,55,1,11.444444444444445
15623,7,7,7.0
15624,6,3,4.25
15625,24,3,8.5
15626,15,11,13.0
15628,16,5,11.555555555555555
15630,20,6,13.0
15632,21,2,11.25
15634,8,8,8.0
15636,12,4,8.0
15637,5,5,5.0
15639,4,4,4.0
15640,35,1,17.785714285714285
15641,26,10,19.75
15643,11,1,6.0
15644,47,6,24.75
15645,14,14,14.0
15646,9,3,5.333333333333333
15648,6,4,5.0
15651,5,1,3.3333333333333335
15652,5,5,5.0
15653,4,4,4.0
15654,4,1,2.5
15655,24,24,24.0
15656,9,1,6.0
15658,8,1,4.5
15659,2,2,2.0
15660,12,1,7.857142857142857
15663,6,6,6.0
15664,7,7,7.0
15665,43,23,33.0
15667,6,6,6.0
15669,7,1,3.75
15670,8,8,8.0
15671,19,1,8.4
15673,27,11,22.25
15674,32,9,16.75
15675,5,1,3.0
15676,71,3,38.0
15677,17,17,17.0
15678,7,7,7.0
15679,37,2,15.0
15680,21,3,13.666666666666666
15681,5,3,4.0
15683,8,8,8.0
15687,18,2,8.88888888888889
15689,5,1,3.0
15690,4,4,4.0
15692,9,9,9.0
15694,7,1,2.5555555555555554
15695,16,2,9.0
15696,26,7,13.428571428571429
15699,8,8,8.0
15700,60,1,30.5
15701,58,12,31.333333333333332
15703,4,4,4.0
15704,21,2,12.75
15705,1,1,1.0
15706,18,1,9.333333333333334
15707,30,15,21.5
15708,23,5,15.571428571428571
15709,1,1,1.0
15712,13,4,8.25
15713,4,3,3.5
15714,8,4,6.0
15716,20,9,15.5
15717,6,6,6.0
15719,50,19,38.30769230769231
15720,44,44,44.0
15721,29,29,29.0
15722,14,4,8.75
15723,10,10,10.0
15724,4,3,3.5
15725,21,21,21.0
15727,36,11,22.571428571428573
15729,3,3,3.0
15730,18,8,14.333333333333334
15732,8,8,8.0
15733,6,6,6.0
15734,6,2,4.0
15737,16,1,7.6
15738,8,2,4.785714285714286
15739,1,1,1.0
15740,3,3,3.0
15743,11,4,7.0
15745,9,4,6.0
15746,18,18,18.0
15747,37,16,23.666666666666668
15748,9,9,9.0
15750,36,2,19.875
15752,56,11,39.142857142857146
15754,13,6,8.666666666666666
15755,19,9,12.0
15756,9,4,5.5
15757,18,7,12.5
15758,2,2,2.0
15759,1,1,1.0
15762,12,7,9.5
15763,15,4,9.5
15764,47,1,19.8
15766,4,4,4.0
15768,6,4,5.0
15769,1,1,1.0
15773,3,3,3.0
15774,8,8,8.0
15775,6,6,6.0
15776,6,6,6.0
15777,9,1,5.0
15780,6,3,4.333333333333333
15781,8,2,4.333333333333333
15782,4,2,3.0
15783,8,8,8.0
15785,15,1,7.2
15786,71,3,39.333333333333336
15787,45,1,29.333333333333332
15789,12,12,12.0
15790,9,9,9.0
15791,33,16,24.5
15795,14,14,14.0
15796,15,7,10.125
15799,21,1,10.0
15800,36,4,20.0
15801,29,3,12.0
15804,23,1,10.615384615384615
15805,40,1,12.785714285714286
15806,6,1,3.0
15807,39,39,39.0
15808,30,23,25.5
15809,7,1,4.0
15810,24,19,21.0
15811,18,3,13.0
15812,8,1,3.3333333333333335
15813,9,1,5.0
15814,9,2,5.25
15815,4,2,3.3333333333333335
15819,29,15,21.0
15820,10,10,10.0
15821,18,17,17.5
15822,8,6,7.0
15825,4,4,4.0
15826,13,8,10.5
15827,7,1,4.166666666666667
15829,10,4,7.0
15830,17,17,17.0
15831,15,1,6.666666666666667
15832,48,48,48.0
15834,62,14,38.333333333333336
15835,11,9,9.75
15836,2,2,2.0
15837,12,12,12.0
15839,19,8,13.666666666666666
15840,6,2,4.0
15841,10,2,5.75
15843,3,3,3.0
15844,9,9,9.0
15845,16,5,9.125
15847,9,7,8.0
15850,7,7,7.0
15852,7,7,7.0
15853,8,8,8.0
15854,6,1,4.0
15855,18,6,11.6
15856,40,1,9.0
15857,2,2,2.0
15858,24,3,10.8
15860,10,1,6.142857142857143
15861,73,29,52.714285714285715
15862,23,7,13.25
15863,1,1,1.0
15864,4,1,2.0
15865,6,3,4.333333333333333
15866,2,2,2.0
15867,31,2,13.333333333333334
15869,6,2,4.0
15870,32,32,32.0
15872,23,23,23.0
15874,19,2,5.833333333333333
15877,18,9,13.5
15880,23,23,23.0
15881,4,1,2.0
15882,5,1,3.0
15883,12,10,11.0
15885,10,10,10.0
15886,4,4,4.0
15888,4,4,4.0
15889,17,7,12.0
15891,19,19,19.0
15894,7,7,7.0
15897,5,5,5.0
15898,26,1,7.4
15899,1,1,1.0
15900,24,24,24.0
15901,9,2,5.333333333333333
15903,1,1,1.0
15904,13,13,13.0
15906,39,1,11.857142857142858
15907,24,6,13.666666666666666
15909,4,4,4.0
15910,28,8,15.25
15912,7,7,7.0
15916,19,2,7.571428571428571
15917,5,5,5.0
15918,16,13,14.5
15919,18,9,13.5
15920,6,2,3.6666666666666665
15921,7,7,7.0
15922,6,6,6.0
15923,9,9,9.0
15925,10,10,10.0
15930,11,11,11.0
15932,11,1,4.5
15933,14,11,12.666666666666666
15935,3,3,3.0
15937,5,5,5.0
15938,4,1,2.5
15939,3,1,1.5714285714285714
15942,5,5,5.0
15944,3,3,3.0
15947,2,2,2.0
15948,30,15,22.5
15949,7,2,4.5
15950,23,5,13.0
15951,16,11,13.5
15952,16,1,9.75
15953,13,1,5.75
15955,20,1,7.615384615384615
15957,25,25,25.0
15958,3,3,3.0
15963,12,4,8.0
15965,33,1,13.25
15967,16,14,15.0
15969,4,2,2.6666666666666665
15970,7,7,7.0
15971,2,1,1.4
15973,1,1,1.0
15974,19,5,13.0
15975,17,17,17.0
15976,25,18,21.5
15977,11,11,11.0
15978,17,17,17.0
15980,2,2,2.0
15981,16,1,5.5
15983,21,10,15.75
15984,47,4,12.11111111111111
15985,6,2,4.0
15986,8,8,8.0
15987,21,1,10.0
15988,6,6,6.0
15990,23,10,16.5
15992,2,2,2.0
15993,62,11,33.833333333333336
15994,18,18,18.0
15996,21,5,12.666666666666666
15998,86,41,58.8
16003,23,1,12.4
16005,9,6,7.5
16006,4,4,4.0
16007,60,21,34.0
16008,8,3,6.0
16009,38,11,24.5
16010,18,6,12.666666666666666
16011,15,3,9.3125
16012,22,8,14.333333333333334
16013,6,1,2.6
16014,25,5,16.666666666666668
16015,29,12,21.333333333333332
16016,25,4,12.75
16017,27,27,27.0
16018,7,5,6.0
16019,23,2,9.0
16020,18,1,10.333333333333334
16022,38,38,38.0
16023,23,12,18.0
16024,15,15,15.0
16025,20,20,20.0
16026,20,20,20.0
16027,2,1,1.5
16029,1,1,1.0
16030,16,16,16.0
16031,15,14,14.5
16033,73,1,26.894736842105264
16034,5,2,3.3333333333333335
16036,19,19,19.0
16037,11,8,9.666666666666666
16038,10,3,6.5
16040,12,9,10.333333333333334
16042,20,9,14.333333333333334
16043,9,1,4.333333333333333
16045,32,4,11.75
16048,3,3,3.0
16049,33,5,22.666666666666668
16050,1,1,1.0
16052,8,8,8.0
16053,44,6,25.0
16054,22,22,22.0
16055,1,1,1.0
16056,25,25,25.0
16057,23,1,10.0
16059,26,6,17.166666666666668
16062,7,1,3.25
16063,10,10,10.0
16065,39,39,39.0
16066,15,2,7.0
16070,10,6,8.0
16071,15,15,15.0
16072,4,4,4.0
16076,19,2,7.777777777777778
16079,2,1,1.5
16080,4,3,3.5
16081,64,7,22.8
16083,5,3,4.0
16084,22,22,22.0
16085,30,9,21.6
16086,6,2,3.2
16091,6,4,5.0
16092,12,10,10.666666666666666
16094,17,4,8.25
16096,3,3,3.0
16097,5,5,5.0
16098,11,4,6.142857142857143
16099,16,7,11.0
16101,48,48,48.0
16102,15,6,10.5
16103,7,1,3.5
16104,18,18,18.0
16105,6,6,6.0
16106,5,5,5.0
16107,6,1,3.0
16108,33,33,33.0
16109,3,3,3.0
16110,70,20,42.333333333333336
16112,3,1,2.0
16113,3,3,3.0
16114,6,6,6.0
16115,29,13,20.875
16116,15,15,15.0
16117,18,18,18.0
16119,6,4,5.0
16120,5,1,3.0
16121,57,23,40.0
16122,7,3,5.333333333333333
16123,8,8,8.0
16124,3,3,3.0
16125,9,9,9.0
16126,10,3,5.0
16127,21,21,21.0
16128,23,2,11.6
16131,5,1,2.6666666666666665
16133,14,1,4.8076923076923075
16134,16,14,15.0
16135,14,14,14.0
16136,10,4,7.0
16139,11,4,7.5
16140,16,4,10.0
16141,13,13,13.0
16142,15,15,15.0
16143,17,4,13.166666666666666
16145,13,5,10.454545454545455
16146,13,5,9.0
16147,10,10,10.0
16149,9,4,6.5
16150,19,11,14.4
16153,14,5,8.6
16156,17,1,8.444444444444445
16157,2,2,2.0
16159,5,5,5.0
16161,34,3,16.842105263157894
16163,1,1,1.0
16164,11,5,7.666666666666667
16168,6,1,2.4705882352941178
16169,16,6,11.75
16170,20,8,14.0
16171,1,1,1.0
16172,14,6,10.75
16173,11,1,7.666666666666667
16174,9,1,5.0
16175,12,5,8.0
16177,5,5,5.0
16178,5,5,5.0
16179,4,4,4.0
16180,16,2,7.0
16181,5,5,5.0
16182,3,3,3.0
16183,8,8,8.0
16184,6,1,3.3333333333333335
16185,11,10,10.5
16186,25,3,10.083333333333334
16187,18,2,7.533333333333333
16188,18,5,9.75
16189,5,3,4.0
16190,2,2,2.0
16191,19,1,6.5
16193,14,14,14.0
16198,9,9,9.0
16200,42,33,37.5
16201,29,13,20.5
16202,7,7,7.0
16203,10,4,7.5
16204,28,28,28.0
16205,30,7,17.333333333333332
16206,11,6,8.75
16207,10,10,10.0
16208,20,9,14.5
16209,8,3,5.5
16210,8,1,3.272727272727273
16211,12,12,12.0
16212,17,7,12.0
16213,5,5,5.0
16214,18,3,9.333333333333334
16215,10,10,10.0
16216,11,11,11.0
16217,5,1,3.0
16218,20,4,7.6
16221,34,10,18.333333333333332
16222,49,49,49.0
16224,16,3,11.0
16225,42,2,18.4
16226,2,1,1.5
16227,3,3,3.0
16229,28,4,16.0
16230,15,14,14.5
16232,10,1,4.5
16233,12,7,9.5
16235,9,3,5.5
16236,13,13,13.0
16239,9,4,6.5
16240,37,33,35.0
16241,51,6,14.833333333333334
16242,42,13,23.285714285714285
16243,10,5,7.5
16244,38,24,31.0
16245,25,14,19.0
16247,4,4,4.0
16248,6,6,6.0
16249,10,3,5.75
16250,7,6,6.5
16253,12,9,10.5
16255,25,10,15.25
16256,1,1,1.0
16258,27,7,17.75
16260,5,5,5.0
16261,14,6,9.0
16265,36,1,16.555555555555557
16266,7,2,4.0
16268,5,2,3.5
16270,30,30,30.0
16271,32,4,17.5
16272,16,16,16.0
16274,16,16,16.0
16275,10,10,10.0
16276,1,1,1.0
16278,7,7,7.0
16279,33,10,21.666666666666668
16281,2,2,2.0
16282,6,6,6.0
16283,41,9,21.75
16284,34,28,31.0
16287,3,3,3.0
16292,9,9,9.0
16293,11,1,7.875
16295,9,7,8.25
16297,10,10,10.0
16298,10,5,7.333333333333333
16302,5,5,5.0
16303,43,10,27.0
16305,19,19,19.0
16306,13,1,5.166666666666667
16309,12,9,10.5
16311,15,7,11.0
16313,8,3,5.5
16315,6,6,6.0
16316,16,1,10.166666666666666
16317,15,8,11.666666666666666
16318,12,12,12.0
16320,27,27,27.0
16321,2,1,1.3333333333333333
16322,16,6,11.0
16324,17,11,14.0
16325,4,2,3.0
16326,15,1,5.923076923076923
16327,48,24,35.333333333333336
16330,5,1,3.0
16332,28,3,11.571428571428571
16337,5,5,5.0
16338,7,7,7.0
16339,3,3,3.0
16340,46,46,46.0
16341,20,1,9.0
16342,4,1,2.3333333333333335
16343,9,9,9.0
16345,15,15,15.0
16347,18,13,15.5
16348,19,4,11.571428571428571
16350,14,3,9.0
16351,6,6,6.0
16352,9,8,8.5
16353,8,1,4.25
16354,24,24,24.0
16356,14,12,13.0
16357,16,1,6.333333333333333
16358,21,12,17.25
16359,4,1,1.625
16360,71,19,48.166666666666664
16361,26,9,15.5
16362,13,2,6.25
16363,3,3,3.0
16364,16,9,12.5
16365,4,3,3.5
16366,7,7,7.0
16367,46,9,27.5
16368,13,11,12.0
16369,25,6,17.666666666666668
16370,40,15,27.5
16372,32,1,16.5
16374,28,9,18.5
16376,50,1,25.5
16378,10,1,5.333333333333333
16379,23,12,17.75
16380,2,2,2.0
16383,38,28,33.0
16384,16,6,11.0
16385,8,5,7.0
16386,20,2,11.0
16387,2,2,2.0
16389,6,1,3.25
16392,17,17,17.0
16393,35,7,18.53846153846154
16394,15,5,8.666666666666666
16395,26,13,21.0
16398,34,5,19.5
16399,19,13,16.0
16400,13,13,13.0
16401,27,1,9.727272727272727
16402,17,17,17.0
16403,9,9,9.0
16404,6,6,6.0
16406,14,14,14.0
16407,29,2,13.0
16409,43,7,23.2
16411,13,10,11.5
16412,13,13,13.0
16413,18,18,18.0
16414,1,1,1.0
16415,16,16,16.0
16416,15,4,9.0
16418,17,8,12.666666666666666
16419,11,2,4.6
16422,5,1,1.6785714285714286
16423,12,12,12.0
16425,5,5,5.0
16426,27,2,17.22222222222222
16427,2,1,1.5
16431,16,13,15.0
16432,4,4,4.0
16433,11,11,11.0
16434,18,1,8.285714285714286
16438,18,12,15.0
16440,55,24,38.2
16441,11,8,9.5
16442,12,7,10.0
16444,18,5,10.0
16445,15,15,15.0
16447,7,7,7.0
16448,12,12,12.0
16449,13,9,11.0
16450,4,4,4.0
16451,8,8,8.0
16454,1,1,1.0
16455,28,3,12.428571428571429
16456,16,2,7.0
16457,4,4,4.0
16458,15,3,8.944444444444445
16460,23,8,13.666666666666666
16461,4,4,4.0
16463,12,10,11.0
16464,49,24,34.333333333333336
16466,19,6,12.428571428571429
16469,12,3,6.75
16470,27,7,16.75
16471,8,8,8.0
16473,5,3,4.0
16474,41,2,24.166666666666668
16475,16,1,6.333333333333333
16477,21,9,16.142857142857142
16478,4,3,3.5
16479,11,7,9.0
16480,15,15,15.0
16482,5,5,5.0
16483,12,12,12.0
16484,13,5,9.0
16485,8,8,8.0
16488,4,2,3.0
16491,20,20,20.0
16493,8,4,5.5
16494,30,30,30.0
16495,16,9,12.5
16496,24,10,16.666666666666668
16497,20,3,9.833333333333334
16498,9,1,5.0
16499,7,6,6.5
16500,3,1,2.0
16503,22,6,12.5
16504,25,25,25.0
16506,2,2,2.0
16509,2,2,2.0
16510,5,5,5.0
16511,38,20,28.333333333333332
16513,15,15,15.0
16515,21,4,11.0
16516,5,5,5.0
16517,10,10,10.0
16518,19,7,13.0
16519,2,1,1.5
16520,37,20,29.333333333333332
16523,13,1,5.2
16525,4,1,1.5333333333333334
16526,7,7,7.0
16527,8,8,8.0
16528,8,8,8.0
16529,10,10,10.0
16531,12,2,6.857142857142857
16533,48,5,25.666666666666668
16535,12,12,12.0
16536,31,31,31.0
16539,8,2,3.5
16542,3,3,3.0
16545,1,1,1.0
16546,4,4,4.0
16549,95,8,33.3
16550,43,28,33.6
16551,2,1,1.5
16552,6,2,4.0
16553,5,3,3.75
16554,18,10,14.0
16555,8,2,5.0
16556,26,4,11.857142857142858
16557,1,1,1.0
16558,25,2,10.1
16560,14,10,12.0
16561,13,9,11.0
16563,8,8,8.0
16566,4,1,1.75
16567,9,5,7.0
16569,1,1,1.0
16570,10,2,6.0
16571,18,16,17.0
16572,12,9,10.666666666666666
16573,10,9,9.5
16574,17,17,17.0
16581,5,5,5.0
16582,2,2,2.0
16583,12,12,12.0
16584,7,5,6.0
16586,2,2,2.0
16587,6,6,6.0
16589,17,2,8.0
16591,2,2,2.0
16592,26,1,9.0
16593,3,2,2.5
16594,4,4,4.0
16595,31,31,31.0
16596,3,2,2.5
16597,1,1,1.0
16598,7,7,7.0
16600,9,1,4.0
16601,12,12,12.0
16602,21,21,21.0
16603,11,10,10.5
16607,12,1,6.909090909090909
16609,31,9,19.0
16610,5,5,5.0
16611,4,4,4.0
16612,20,6,11.75
16613,19,19,19.0
16614,9,9,9.0
16616,9,2,5.5
16617,1,1,1.0
16618,20,2,12.0
16619,8,8,8.0
16620,4,2,3.0
16621,8,2,4.25
16623,4,4,4.0
16624,7,5,6.0
16625,18,18,18.0
16626,27,1,5.4
16627,7,7,7.0
16628,22,10,16.8
16629,5,4,4.5
16633,17,5,11.5
16634,5,5,5.0
16637,13,10,11.5
16638,10,1,3.857142857142857
16639,21,3,10.666666666666666
16641,6,6,6.0
16642,6,5,5.5
16643,10,10,10.0
16644,27,8,17.5
16647,3,1,2.0
16648,10,10,10.0
16650,13,13,13.0
16652,11,2,6.8
16653,36,1,18.5
16654,8,1,3.75
16655,29,2,17.166666666666668
16656,2,1,1.1428571428571428
16657,14,7,11.0
16658,1,1,1.0
16660,1,1,1.0
16665,4,4,4.0
16666,10,10,10.0
16667,16,9,12.5
16668,3,1,1.5
16669,34,33,33.5
16670,30,1,14.5
16672,8,1,2.9166666666666665
16674,17,9,13.0
16676,11,4,8.5
16678,14,1,6.666666666666667
16679,1,1,1.0
16680,8,8,8.0
16681,5,1,2.3333333333333335
16682,3,1,1.6666666666666667
16684,1,1,1.0
16685,11,11,11.0
16686,57,5,29.714285714285715
16688,9,5,7.0
16689,5,5,5.0
16690,3,1,2.0
16693,11,9,10.0
16696,3,2,2.5
16697,5,5,5.0
16700,20,3,13.0
16701,5,1,2.6666666666666665
16705,14,1,4.666666666666667
16706,25,2,11.0
16708,18,18,18.0
16709,16,1,7.5
16710,32,10,20.77777777777778
16711,3,1,2.0
16712,35,3,20.9
16713,52,3,17.8
16714,58,58,58.0
16717,51,6,17.5
16718,18,18,18.0
16719,18,6,10.142857142857142
16720,2,2,2.0
16721,23,23,23.0
16722,21,1,7.333333333333333
16723,13,13,13.0
16725,4,3,3.3333333333333335
16726,46,1,18.4
16727,31,31,31.0
16728,23,5,13.0
16729,34,1,16.85
16730,12,1,7.333333333333333
16732,13,13,13.0
16734,10,7,8.5
16735,16,1,8.0
16738,1,1,1.0
16739,8,8,8.0
16743,20,2,14.0
16744,25,3,11.285714285714286
16745,31,2,12.4375
16746,36,2,13.444444444444445
16747,16,4,10.0
16748,19,1,10.2
16750,17,1,7.6
16751,5,5,5.0
16752,5,5,5.0
16753,8,8,8.0
16755,37,9,25.666666666666668
16756,8,8,8.0
16757,3,3,3.0
16758,9,9,9.0
16759,11,6,8.5
16761,4,4,4.0
16762,17,7,12.333333333333334
16763,6,6,6.0
16764,34,8,18.076923076923077
16766,7,7,7.0
16767,24,2,11.4
16768,11,5,7.333333333333333
16769,11,11,11.0
16770,26,5,12.8
16771,40,9,25.4
16773,13,13,13.0
16774,12,3,7.75
16775,12,1,5.7272727272727275
16776,25,25,25.0
16777,6,1,3.5
16778,4,4,4.0
16779,16,2,8.772727272727273
16780,24,7,15.5
16781,8,8,8.0
16782,18,2,6.416666666666667
16784,2,2,2.0
16788,24,20,22.0
16789,3,3,3.0
16790,28,4,10.666666666666666
16791,35,1,18.428571428571427
16792,6,6,6.0
16793,11,11,11.0
16794,30,5,16.625
16795,43,43,43.0
16796,14,14,14.0
16800,68,68,68.0
16801,11,1,4.25
16803,13,13,13.0
16804,15,8,11.5
16805,36,13,24.5
16806,22,8,13.75
16807,25,5,13.666666666666666
16808,6,1,3.5
16809,30,10,19.6
16810,7,7,7.0
16811,9,7,8.0
16812,6,6,6.0
16813,31,11,21.1
16814,16,1,7.095238095238095
16816,11,3,6.333333333333333
16817,7,1,5.0
16818,22,2,10.363636363636363
16820,16,16,16.0
16823,20,20,20.0
16824,9,7,8.0
16825,8,8,8.0
16826,10,10,10.0
16828,7,7,7.0
16829,6,6,6.0
16830,13,13,13.0
16833,14,1,7.75
16834,14,14,14.0
16835,4,2,3.0
16836,7,1,4.0
16837,17,1,9.5
16838,7,7,7.0
16839,11,1,3.7083333333333335
16841,16,3,8.0
16842,16,8,12.333333333333334
16843,14,1,8.833333333333334
16846,7,7,7.0
16847,8,8,8.0
16848,11,11,11.0
16849,4,4,4.0
16850,11,11,11.0
16851,5,3,4.0
16852,1,1,1.0
16855,8,4,6.0
16856,2,2,2.0
16858,2,2,2.0
16859,15,2,8.5
16861,2,2,2.0
16863,9,6,7.5
16866,2,1,1.3333333333333333
16869,20,10,15.5
16871,18,8,13.2
16873,41,11,24.0
16875,27,2,11.0
16877,12,4,7.833333333333333
16878,1,1,1.0
16880,16,6,10.166666666666666
16882,15,4,9.5
16883,13,8,10.5
16884,10,6,8.0
16885,10,3,5.333333333333333
16887,6,6,6.0
16889,39,15,28.0
16891,8,4,5.8
16892,14,1,6.2
16893,8,8,8.0
16895,13,13,13.0
16897,10,4,7.0
16898,15,5,8.666666666666666
16899,16,2,9.5
16900,42,1,21.5
16902,8,8,8.0
16903,14,14,14.0
16904,29,4,14.071428571428571
16905,19,2,10.666666666666666
16906,11,2,5.333333333333333
16907,11,4,6.8
16909,4,4,4.0
16910,27,3,12.125
16912,6,2,4.333333333333333
16914,8,8,8.0
16915,6,1,3.0
16916,33,12,22.5
16918,24,2,16.0
16919,29,3,14.272727272727273
16921,10,10,10.0
16923,38,8,22.933333333333334
16924,12,8,10.333333333333334
16926,1,1,1.0
16927,1,1,1.0
16928,17,1,7.705882352941177
16929,10,2,6.571428571428571
16930,15,2,7.666666666666667
16931,43,1,23.047619047619047
16932,13,13,13.0
16933,14,11,12.5
16934,23,5,14.0
16936,24,24,24.0
16938,112,11,45.0
16940,75,53,67.66666666666667
16942,30,1,17.88888888888889
16943,6,6,6.0
16945,17,2,10.588235294117647
16947,8,8,8.0
16948,4,1,2.5
16949,7,1,3.5
16950,7,6,6.5
16951,44,1,18.333333333333332
16952,3,3,3.0
16953,1,1,1.0
16954,3,1,2.5
16955,3,1,2.0
16956,8,8,8.0
16957,7,1,4.0
16959,4,4,4.0
16960,28,16,22.666666666666668
16961,10,10,10.0
16963,6,6,6.0
16965,4,4,4.0
16967,16,16,16.0
16968,7,5,6.0
16969,11,5,8.0
16971,8,8,8.0
16978,24,24,24.0
16979,15,2,6.333333333333333
16980,35,3,19.0
16982,16,16,16.0
16983,17,5,8.857142857142858
16984,101,51,76.0
16985,10,1,4.285714285714286
16986,1,1,1.0
16987,17,1,8.0
16988,4,4,4.0
16992,14,6,8.6
16996,5,1,2.6
16997,4,4,4.0
16998,1,1,1.0
16999,11,4,7.5
17001,10,4,7.909090909090909
17002,12,7,8.666666666666666
17004,8,5,6.5
17006,10,5,6.666666666666667
17007,8,3,4.5
17010,8,8,8.0
17011,12,12,12.0
17014,8,4,6.333333333333333
17015,47,12,28.0
17017,15,1,5.157894736842105
17018,2,2,2.0
17019,28,21,24.5
17022,3,3,3.0
17025,1,1,1.0
17026,2,2,2.0
17027,24,1,11.5
17030,3,3,3.0
17031,13,8,10.5
17033,6,1,3.6666666666666665
17034,4,2,3.3333333333333335
17035,12,6,9.0
17037,50,50,50.0
17038,3,3,3.0
17040,8,8,8.0
17041,15,8,11.0
17042,16,4,9.0
17043,24,2,11.0
17045,4,2,3.0
17046,7,7,7.0
17047,19,13,15.0
17048,13,3,7.666666666666667
17049,45,9,18.77777777777778
17050,55,9,28.833333333333332
17051,30,30,30.0
17052,34,34,34.0
17053,7,7,7.0
17054,7,5,5.75
17058,15,3,7.333333333333333
17059,71,27,46.4
17060,3,3,3.0
17061,8,1,3.5714285714285716
17062,13,6,9.0
17063,18,1,7.857142857142857
17064,14,9,10.666666666666666
17068,21,1,10.095238095238095
17069,28,1,10.0
17070,24,24,24.0
17071,14,6,9.625
17073,27,14,21.0
17075,15,6,10.5
17076,4,2,3.3333333333333335
17078,2,2,2.0
17080,2,2,2.0
17081,7,7,7.0
17082,24,12,18.0
17083,8,7,7.333333333333333
17084,59,18,38.5
17085,39,18,26.0
17086,12,2,7.0
17088,26,9,14.5
17090,15,2,7.0
17091,30,7,18.571428571428573
17092,29,5,18.75
17094,11,11,11.0
17095,15,7,9.666666666666666
17096,10,3,5.5
17097,17,9,14.0
17100,38,38,38.0
17101,7,3,5.666666666666667
17105,24,21,22.5
17107,60,19,35.8
17109,25,1,8.166666666666666
17110,7,7,7.0
17111,17,17,17.0
17114,6,1,3.0
17115,8,4,5.666666666666667
17117,3,3,3.0
17118,6,6,6.0
17119,18,1,9.5
17120,10,10,10.0
17122,6,6,6.0
17123,3,3,3.0
17124,7,7,7.0
17125,10,10,10.0
17126,37,2,21.0
17128,7,7,7.0
17131,31,1,16.25
17133,1,1,1.0
17134,7,1,4.0
17135,6,2,4.5
17138,10,10,10.0
17139,75,6,22.5
17140,6,6,6.0
17142,6,6,6.0
17144,9,6,7.5
17146,10,5,7.5
17147,16,6,10.0
17148,9,9,9.0
17152,1,1,1.0
17153,11,11,11.0
17154,9,9,9.0
17155,3,3,3.0
17157,4,1,2.5
17158,15,1,8.666666666666666
17159,27,8,17.0
17160,38,12,27.166666666666668
17162,8,1,4.5
17164,32,1,16.166666666666668
17165,7,7,7.0
17166,8,1,4.5
17169,19,11,15.0
17171,6,6,6.0
17172,1,1,1.0
17173,12,1,7.285714285714286
17174,3,3,3.0
17175,20,3,8.75
17176,9,9,9.0
17179,22,11,16.333333333333332
17180,18,1,13.75
17181,3,3,3.0
17183,8,1,3.6
17187,4,4,4.0
17188,11,1,6.166666666666667
17189,11,5,8.0
17190,7,7,7.0
17191,32,2,18.142857142857142
17193,2,1,1.75
17194,2,2,2.0
17197,10,10,10.0
17198,10,7,8.0
17201,10,10,10.0
17203,21,1,7.333333333333333
17204,13,1,4.5
17205,1,1,1.0
17206,7,7,7.0
17211,25,7,14.0
17213,14,8,10.714285714285714
17214,9,2,6.0
17217,2,2,2.0
17218,26,6,14.7
17219,14,14,14.0
17220,43,1,18.571428571428573
17221,9,4,6.5
17222,13,13,13.0
17223,12,7,9.5
17226,7,7,7.0
17227,5,2,3.75
17228,32,8,16.25
17229,16,11,13.5
17230,9,2,3.8
17231,34,4,22.6
17232,11,9,10.0
17233,14,14,14.0
17234,5,5,5.0
17235,5,4,4.5
17236,14,2,6.166666666666667
17237,8,2,5.0
17238,33,6,22.733333333333334
17239,5,5,5.0
17242,14,4,9.0
17243,11,1,6.086956521739131
17244,11,11,11.0
17245,7,7,7.0
17247,12,12,12.0
17248,23,23,23.0
17250,8,8,8.0
17251,18,18,18.0
17252,17,17,17.0
17253,5,5,5.0
17254,17,7,12.0
17255,19,8,13.5
17256,8,8,8.0
17259,27,11,19.0
17262,1,1,1.0
17263,7,7,7.0
17265,24,10,17.0
17266,13,3,7.0
17267,9,1,5.0
17268,1,1,1.0
17272,19,14,17.0
17274,8,8,8.0
17277,37,3,20.0
17278,4,4,4.0
17279,3,3,3.0
17282,32,1,16.5
17284,81,4,29.0
17286,11,11,11.0
17287,10,4,7.333333333333333
17288,19,1,5.2
17289,15,10,12.333333333333334
17290,21,3,12.0
17293,17,6,8.625
17295,17,8,13.666666666666666
17297,7,7,7.0
17298,12,12,12.0
17299,8,2,4.5
17301,13,13,13.0
17302,11,4,8.0
17303,16,16,16.0
17306,1,1,1.0
17309,6,6,6.0
17311,14,8,11.0
17312,4,4,4.0
17314,29,1,9.428571428571429
17315,15,1,5.647058823529412
17320,13,6,9.333333333333334
17321,37,37,37.0
17323,31,1,19.714285714285715
17324,12,3,7.5
17325,6,6,6.0
17329,8,7,7.5
17333,12,12,12.0
17334,4,4,4.0
17337,89,20,43.666666666666664
17338,82,25,53.625
17339,4,2,3.0
17340,42,1,17.5
17341,25,1,10.666666666666666
17343,5,5,5.0
17344,7,7,7.0
17345,22,2,8.25
17346,19,3,12.333333333333334
17348,27,3,12.4
17349,2,2,2.0
17350,22,1,8.0
17351,1,1,1.0
17356,13,13,13.0
17357,10,1,5.5
17358,20,5,12.5
17359,2,2,2.0
17360,13,6,8.666666666666666
17361,6,1,3.3333333333333335
17362,15,8,11.5
17364,41,1,15.909090909090908
17365,50,2,29.875
17367,18,18,18.0
17368,12,2,4.666666666666667
17370,8,2,4.75
17371,5,3,4.0
17372,26,11,16.375
17373,16,6,10.75
17374,2,2,2.0
17375,7,2,4.666666666666667
17376,8,7,7.5
17377,19,3,8.736842105263158
17379,33,33,33.0
17381,4,4,4.0
17383,14,14,14.0
17384,10,1,5.5
17385,27,27,27.0
17386,5,1,2.3333333333333335
17387,36,9,22.5
17388,5,5,5.0
17389,6,1,2.0
17392,10,5,7.5
17394,1,1,1.0
17396,1,1,1.0
17397,24,21,22.5
17398,6,3,4.5
17400,49,2,20.6
17402,3,1,1.8571428571428572
17403,12,12,12.0
17404,6,2,4.25
17405,11,3,6.333333333333333
17406,52,13,32.5
17409,2,1,1.5
17410,14,4,8.6
17411,6,5,5.333333333333333
17412,9,2,5.428571428571429
17415,6,6,6.0
17416,50,5,25.166666666666668
17418,8,7,7.5
17419,16,1,8.416666666666666
17420,12,4,7.666666666666667
17422,13,3,7.5
17423,11,1,6.0
17425,28,28,28.0
17426,39,4,24.0
17428,23,1,5.611111111111111
17429,5,1,3.6666666666666665
17430,7,3,5.0
17431,24,24,24.0
17432,15,8,11.5
17433,34,34,34.0
17434,14,2,8.571428571428571
17436,5,3,4.0
17438,7,7,7.0
17442,22,9,13.833333333333334
17444,42,17,29.5
17446,1,1,1.0
17447,15,4,9.5
17449,41,3,17.428571428571427
17450,18,1,5.0
17451,18,1,9.5
17453,5,2,3.5
17454,12,5,8.75
17455,7,7,7.0
17456,14,14,14.0
17457,1,1,1.0
17458,30,30,30.0
17459,28,23,25.5
17460,5,3,4.25
17461,17,2,10.333333333333334
17462,10,4,7.0
17463,58,8,25.2
17464,5,5,5.0
17466,10,9,9.5
17469,19,10,12.8
17470,8,2,4.8
17472,21,17,18.666666666666668
17475,7,7,7.0
17480,21,21,21.0
17481,17,6,10.25
17483,5,3,4.0
17486,18,18,18.0
17489,10,7,8.5
17490,11,4,7.8
17491,7,1,3.2222222222222223
17492,6,6,6.0
17495,11,5,8.0
17496,4,4,4.0
17498,4,4,4.0
17499,12,12,12.0
17501,9,1,5.0
17502,7,3,5.0
17503,10,2,6.0
17504,22,1,8.5
17505,17,12,14.5
17506,4,4,4.0
17507,25,24,24.5
17508,15,15,15.0
17509,44,12,37.75
17510,15,15,15.0
17511,5,1,2.347826086956522
17512,14,3,8.0
17514,23,23,23.0
17515,24,9,15.5
17516,27,1,13.0
17517,7,7,7.0
17519,7,1,4.5
17520,13,13,13.0
17521,19,5,11.0
17522,16,1,5.6
17523,14,5,9.5
17524,1,1,1.0
17525,1,1,1.0
17526,4,1,2.3333333333333335
17527,11,2,5.25
17528,30,4,14.125
17530,44,1,21.7
17531,5,5,5.0
17534,6,6,6.0
17535,12,12,12.0
17537,18,5,11.5
17538,4,4,4.0
17540,9,4,6.5
17542,4,4,4.0
17545,37,1,13.666666666666666
17548,3,3,3.0
17550,12,2,7.0
17551,27,27,27.0
17552,18,1,6.0
17554,22,3,8.0
17555,37,21,29.0
17556,1,1,1.0
17557,8,2,4.333333333333333
17560,2,1,1.5
17561,14,14,14.0
17562,13,3,6.428571428571429
17564,13,7,9.0
17566,30,26,28.0
17567,21,2,12.375
17569,18,18,18.0
17571,24,8,17.333333333333332
17572,4,1,2.25
17573,9,1,5.666666666666667
17574,6,6,6.0
17576,26,1,11.210526315789474
17578,1,1,1.0
17579,11,5,7.333333333333333
17580,15,1,8.0
17581,34,1,11.181818181818182
17582,10,10,10.0
17584,6,5,5.5
17585,25,5,12.5
17588,2,2,2.0
17589,59,22,42.0
17590,60,10,33.333333333333336
17591,11,2,5.571428571428571
17593,32,7,16.0
17594,31,6,18.5
17595,15,9,12.0
17596,16,2,7.714285714285714
17597,19,19,19.0
17600,2,2,2.0
17601,6,6,6.0
17602,67,5,45.666666666666664
17603,10,10,10.0
17604,15,7,11.0
17608,24,1,12.5
17609,58,4,23.6
17611,47,4,17.4
17612,17,5,9.666666666666666
17613,36,2,14.76923076923077
17614,41,41,41.0
17615,3,2,2.6666666666666665
17618,26,7,14.0
17619,26,26,26.0
17621,4,2,3.0
17623,22,22,22.0
17624,15,11,13.0
17625,53,24,36.25
17629,16,1,7.571428571428571
17630,7,3,5.0
17631,11,3,6.0
17633,15,9,12.5
17634,29,1,13.444444444444445
17636,12,12,12.0
17637,12,4,8.0
17642,16,6,11.0
17643,4,4,4.0
17644,18,1,7.090909090909091
17646,9,4,5.666666666666667
17647,2,2,2.0
17648,15,8,10.666666666666666
17649,32,32,32.0
17651,35,9,19.0
17652,30,1,12.583333333333334
17653,11,1,6.0
17654,10,10,10.0
17655,11,1,4.714285714285714
17656,7,2,5.0
17658,2,2,2.0
17659,17,2,8.636363636363637
17660,14,14,14.0
17663,14,2,7.428571428571429
17664,12,6,9.0
17666,4,2,3.0
17667,24,3,12.0
17668,1,1,1.0
17669,10,1,6.0
17670,9,9,9.0
17671,12,2,6.5
17672,24,11,17.5
17673,34,12,22.0
17674,4,4,4.0
17675,38,1,11.75
17676,12,1,9.166666666666666
17677,13,1,5.7
17678,9,9,9.0
17679,6,6,6.0
17680,8,8,8.0
17682,23,5,14.0
17684,10,10,10.0
17685,32,5,11.333333333333334
17686,54,5,28.333333333333332
17690,22,1,8.928571428571429
17691,7,6,6.5
17692,10,5,6.75
17693,7,7,7.0
17694,8,8,8.0
17695,10,4,7.0
17696,17,1,5.875
17697,9,9,9.0
17698,6,6,6.0
17700,30,14,20.5
17701,11,11,11.0
17702,15,6,11.75
17703,15,12,13.666666666666666
17704,6,5,5.5
17705,15,3,8.11111111111111
17706,35,1,10.647058823529411
17707,2,1,1.5
17708,8,4,6.0
17709,1,1,1.0
17711,9,4,6.5
17712,13,13,13.0
17714,10,10,10.0
17716,29,1,15.5
17718,1,1,1.0
17719,13,4,7.6
17720,10,5,6.666666666666667
17722,26,6,12.5
17723,2,2,2.0
17724,10,3,7.333333333333333
17725,16,9,12.0
17727,35,35,35.0
17728,74,12,35.333333333333336
17730,14,3,7.846153846153846
17731,9,4,6.25
17732,9,9,9.0
17733,13,6,9.5
17734,13,4,7.666666666666667
17735,39,13,24.36842105263158
17736,4,4,4.0
17737,5,2,3.5
17738,23,4,12.0
17739,5,1,2.0
17742,4,4,4.0
17744,12,2,5.333333333333333
17746,3,3,3.0
17749,11,2,6.5
17750,15,1,5.6
17754,12,1,5.2
17757,31,2,11.233333333333333
17758,46,3,33.0
17759,30,1,12.0
17760,9,5,7.0
17761,4,4,4.0
17763,1,1,1.0
17764,14,10,12.0
17765,16,1,7.666666666666667
17767,14,14,14.0
17768,23,2,10.333333333333334
17769,41,1,15.3
17770,7,5,6.0
17771,7,7,7.0
17772,4,4,4.0
17774,23,13,19.25
17777,32,18,27.0
17779,19,3,10.666666666666666
17781,1,1,1.0
17783,7,2,4.5
17785,9,9,9.0
17786,17,6,11.5
17787,34,10,21.5
17789,12,12,12.0
17790,17,3,9.666666666666666
17791,6,6,6.0
17793,6,6,6.0
17795,16,8,12.0
17796,16,3,7.0
17797,35,2,19.0
17799,56,4,28.22222222222222
17800,15,4,7.555555555555555
17802,35,11,26.666666666666668
17805,2,2,2.0
17806,8,8,8.0
17809,3,1,2.0
17811,58,1,9.333333333333334
17812,13,2,9.25
17813,51,6,19.25
17816,3,1,1.5
17817,7,6,6.5
17819,7,2,4.5
17824,2,2,2.0
17827,63,4,26.2
17828,27,2,11.333333333333334
17829,16,16,16.0
17830,5,1,2.6666666666666665
17831,2,2,2.0
17832,6,6,6.0
17835,12,4,9.0
17836,6,6,6.0
17837,21,3,11.125
17838,16,3,10.4
17839,24,24,24.0
17841,56,1,19.470588235294116
17843,16,16,16.0
17844,2,2,2.0
17848,5,1,2.4
17849,1,1,1.0
17850,12,2,6.352941176470588
17852,12,6,9.0
17854,7,1,4.0
17855,10,10,10.0
17856,1,1,1.0
17858,14,2,6.25
17859,4,4,4.0
17860,8,8,8.0
17861,35,1,13.428571428571429
17862,2,2,2.0
17863,13,1,9.833333333333334
17864,11,3,6.666666666666667
17865,28,1,10.176470588235293
17866,2,2,2.0
17867,9,9,9.0
17869,4,1,1.6
17870,21,1,5.777777777777778
17871,1,1,1.0
17873,4,1,2.25
17874,12,1,4.0
17877,3,3,3.0
17878,11,11,11.0
17879,1,1,1.0
17880,17,17,17.0
17881,2,2,2.0
17883,13,5,9.75
17884,14,5,10.25
17885,9,9,9.0
17886,10,3,6.333333333333333
17887,4,4,4.0
17888,9,1,3.1666666666666665
17889,5,2,3.5
17890,38,9,23.5
17891,1,1,1.0
17892,7,1,4.0
17893,2,2,2.0
17894,16,7,9.5
17895,6,6,6.0
17897,11,5,8.333333333333334
17898,9,6,7.5
17899,9,9,9.0
17900,2,2,2.0
17901,5,5,5.0
17904,6,6,6.0
17905,7,1,4.0
17906,7,7,7.0
17908,11,11,11.0
17911,24,24,24.0
17912,9,1,4.333333333333333
17913,17,12,14.5
17914,9,9,9.0
17917,17,12,14.666666666666666
17919,2,2,2.0
17920,32,2,13.941176470588236
17921,29,15,22.0
17924,3,2,2.5
17926,5,3,4.0
17928,7,2,4.5
17930,4,1,1.8
17931,19,1,10.0
17932,25,15,19.666666666666668
17934,4,4,4.0
17935,11,1,6.0
17936,14,14,14.0
17937,1,1,1.0
17939,5,5,5.0
17942,1,1,1.0
17946,10,3,6.5
17947,1,1,1.0
17950,15,3,8.333333333333334
17951,3,1,2.0
17954,33,7,20.818181818181817
17955,2,2,2.0
17957,1,1,1.0
17958,3,3,3.0
17960,5,5,5.0
17961,13,1,3.6470588235294117
17962,6,6,6.0
17964,17,8,12.5
17965,36,1,10.538461538461538
17966,14,14,14.0
17967,7,7,7.0
17968,24,24,24.0
17969,2,2,2.0
17970,11,11,11.0
17972,1,1,1.0
17973,3,3,3.0
17974,45,6,20.333333333333332
17975,18,2,9.153846153846153
17976,9,9,9.0
17977,3,3,3.0
17978,9,9,9.0
17979,20,13,17.0
17980,6,1,4.0
17984,7,7,7.0
17985,4,4,4.0
17986,1,1,1.0
17987,5,5,5.0
17988,1,1,1.0
17990,9,3,6.0
17994,29,3,12.0
17995,1,1,1.0
17997,10,2,4.875
17999,9,7,8.0
18001,13,3,8.0
18004,15,15,15.0
18005,4,2,3.0
18006,9,9,9.0
18008,3,1,2.0
18009,11,11,11.0
18010,6,6,6.0
18011,7,7,7.0
18013,17,17,17.0
18014,10,10,10.0
18015,9,9,9.0
18016,32,8,15.0
18018,2,1,1.5
18022,47,47,47.0
18024,8,8,8.0
18027,2,2,2.0
18030,2,2,2.0
18032,5,5,5.0
18033,2,2,2.0
18034,27,8,17.5
18035,4,1,2.6666666666666665
18036,24,7,15.666666666666666
18037,1,1,1.0
18040,10,6,8.0
18041,18,2,8.05
18042,1,1,1.0
18043,18,8,11.333333333333334
18044,13,1,5.875
18045,9,9,9.0
18048,3,1,2.0
18050,5,5,5.0
18053,10,10,10.0
18055,33,2,17.2
18056,14,14,14.0
18059,4,1,3.0
18061,2,1,1.3333333333333333
18062,5,1,2.6666666666666665
18064,3,3,3.0
18065,16,1,5.333333333333333
18066,7,7,7.0
18067,18,18,18.0
18069,52,19,33.2
18071,10,7,8.5
18072,6,6,6.0
18073,6,1,2.4
18074,4,4,4.0
18075,12,4,7.3
18077,18,7,13.090909090909092
18078,6,1,3.5
18079,2,1,1.5
18081,3,1,2.0
18082,27,27,27.0
18085,15,6,10.5
18086,4,4,4.0
18088,11,11,11.0
18092,4,1,2.6666666666666665
18093,6,6,6.0
18094,8,1,5.333333333333333
18095,10,1,5.5
18096,20,6,14.0
18097,16,2,9.6
18099,5,5,5.0
18101,13,2,7.5
18102,4,1,2.142857142857143
18104,12,12,12.0
18105,6,6,6.0
18106,13,13,13.0
18108,6,6,6.0
18109,14,1,6.083333333333333
18110,18,18,18.0
18112,7,3,5.0
18114,6,6,6.0
18116,34,8,13.714285714285714
18117,20,20,20.0
18118,38,3,14.692307692307692
18119,2,2,2.0
18120,5,5,5.0
18121,10,2,6.0
18122,34,18,27.5
18123,15,5,10.0
18125,44,20,29.25
18126,16,16,16.0
18127,16,1,6.666666666666667
18129,6,6,6.0
18130,14,12,13.0
18135,4,1,2.0
18136,13,3,7.666666666666667
18138,3,3,3.0
18139,4,2,2.8333333333333335
18142,3,3,3.0
18143,22,20,21.0
18144,2,1,1.2857142857142858
18145,47,12,31.25
18146,3,1,2.0
18147,1,1,1.0
18149,4,1,2.5
18150,12,11,11.333333333333334
18151,15,9,12.0
18154,9,5,7.0
18155,6,3,4.666666666666667
18156,29,12,20.5
18158,24,10,17.0
18159,15,15,15.0
18160,12,9,10.5
18161,12,2,6.4
18164,8,8,8.0
18165,1,1,1.0
18167,11,6,8.0
18168,17,6,10.666666666666666
18169,5,5,5.0
18170,13,2,5.666666666666667
18171,7,1,3.3333333333333335
18172,24,1,8.583333333333334
18173,4,1,2.0
18176,21,21,21.0
18177,15,1,9.0
18178,24,12,18.25
18179,15,8,10.6
18180,11,5,7.8
18181,18,18,18.0
18183,13,8,10.5
18185,8,8,8.0
18188,25,3,12.666666666666666
18189,20,19,19.5
18190,5,4,4.5
18192,25,25,25.0
18193,8,8,8.0
18196,37,15,26.0
18198,11,1,4.133333333333334
18200,10,10,10.0
18202,14,8,11.666666666666666
18203,5,5,5.0
18204,42,20,31.333333333333332
18205,7,6,6.5
18209,5,5,5.0
18210,41,2,11.666666666666666
18211,9,3,5.2
18212,16,16,16.0
18213,7,7,7.0
18215,10,10,10.0
18216,12,12,12.0
18217,6,3,4.5
18218,9,9,9.0
18219,10,3,6.3
18221,12,3,6.2
18222,7,7,7.0
18223,25,1,12.928571428571429
18224,8,8,8.0
18225,22,2,13.0
18226,22,2,11.636363636363637
18227,2,2,2.0
18228,10,4,7.0
18229,10,1,3.625
18230,12,2,6.857142857142857
18231,26,5,13.4
18232,7,2,4.25
18235,18,12,14.333333333333334
18236,7,2,4.333333333333333
18237,11,6,7.8
18239,20,7,15.0
18241,10,1,3.75
18242,20,3,9.0
18245,30,1,12.285714285714286
18246,1,1,1.0
18248,13,3,8.0
18249,4,4,4.0
18250,9,9,9.0
18252,16,1,8.5
18255,3,3,3.0
18257,25,1,10.285714285714286
18259,10,2,6.0
18260,19,5,10.0
18261,12,5,8.5
18262,7,7,7.0
18263,6,3,4.5
18265,10,2,6.0
18269,3,3,3.0
18270,4,3,3.5
18272,21,12,16.833333333333332
18274,6,6,6.0
18276,7,7,7.0
18277,4,4,4.0
18278,5,5,5.0
18280,6,6,6.0
18281,2,2,2.0
18282,2,2,2.0
18283,60,1,18.733333333333334
18287,19,7,13.0
