CustomerID,Total Products
12347,916
12349,328
12350,172
12352,365
12353,14
12354,221
12355,30
12356,105
12357,458
12358,46
12359,846
12360,768
12361,90
12362,1481
12363,72
12364,329
12365,148
12367,60
12370,740
12371,320
12372,212
12373,66
12374,133
12375,90
12377,396
12378,1120
12379,302
12380,552
12381,446
12383,412
12384,81
12386,30
12388,425
12390,98
12391,75
12393,396
12394,146
12395,682
12397,564
12398,322
12399,234
12401,4
12402,92
12405,219
12406,508
12407,243
12408,635
12409,24
12410,102
12412,174
12413,193
12414,60
12415,66
12417,579
12418,81
12420,82
12421,171
12422,302
12423,696
12424,84
12425,208
12426,208
12427,172
12428,1080
12429,448
12430,56
12431,947
12432,412
12433,1178
12434,144
12436,40
12437,843
12438,462
12441,40
12442,36
12444,714
12445,12
12446,263
12447,168
12448,114
12449,982
12450,52
12451,1397
12452,92
12453,248
12455,378
12456,551
12457,280
12458,164
12461,176
12462,328
12463,507
12464,30
12465,316
12468,200
12471,1816
12472,2120
12473,894
12474,2520
12475,176
12476,862
12477,1075
12478,130
12479,138
12480,932
12481,862
12483,271
12484,984
12488,239
12489,60
12490,1456
12491,114
12492,90
12493,159
12494,363
12498,114
12500,112
12501,654
12502,436
12507,72
12508,165
12509,30
12510,192
12512,10
12513,206
12514,354
12515,51
12516,22
12517,955
12518,554
12519,120
12520,766
12521,260
12522,28
12523,413
12524,493
12526,441
12527,70
12528,355
12530,296
12531,40
12532,120
12534,381
12535,108
12536,1256
12538,78
12539,1324
12540,2212
12541,233
12544,118
12545,313
12546,424
12547,12
12548,48
12550,245
12551,100
12552,34
12553,1109
12556,171
12558,20
12559,100
12560,580
12561,68
12562,1098
12564,98
12565,66
12566,46
12567,2324
12569,758
12571,164
12572,158
12573,55
12574,50
12576,639
12577,198
12578,760
12579,160
12580,208
12581,112
12582,102
12583,930
12584,118
12585,394
12586,32
12587,10
12588,36
12589,156
12591,166
12592,68
12593,194
12594,624
12596,67
12597,900
12598,566
12599,300
12600,234
12601,162
12602,48
12604,58
12607,487
12609,262
12610,517
12611,376
12612,20
12613,938
12614,41
12615,542
12616,246
12617,160
12618,22
12619,252
12620,424
12621,2510
12622,62
12623,120
12624,136
12625,214
12626,1629
12627,1350
12628,174
12630,362
12631,142
12633,528
12635,554
12637,2017
12638,117
12639,148
12640,188
12641,38
12642,192
12643,2
12644,116
12645,436
12646,94
12647,438
12648,108
12649,142
12650,46
12651,48
12652,310
12653,124
12654,245
12656,378
12657,162
12658,130
12659,8
12660,84
12662,1397
12664,36
12665,12
12667,126
12668,888
12669,625
12670,517
12672,52
12673,212
12674,282
12676,165
12678,122
12679,237
12680,280
12681,3257
12682,2863
12683,1789
12684,456
12685,875
12686,34
12688,481
12689,481
12690,79
12691,148
12693,124
12694,120
12695,66
12697,170
12700,1435
12701,168
12702,22
12703,160
12704,431
12705,1786
12707,184
12708,942
12709,526
12710,390
12712,342
12713,206
12714,1335
12715,166
12716,354
12717,370
12718,76
12719,163
12720,1699
12721,724
12722,246
12723,101
12724,308
12725,93
12726,346
12727,584
12728,213
12729,132
12731,534
12732,54
12733,68
12735,158
12738,48
12739,140
12740,132
12743,52
12744,548
12747,384
12748,5179
12749,742
12750,40
12752,12
12753,24
12757,1035
12758,302
12759,546
12762,370
12763,64
12764,202
12766,1597
12769,98
12772,278
12775,206
12778,171
12779,582
12781,36
12782,582
12783,374
12784,172
12785,108
12787,80
12790,52
12792,177
12793,138
12794,231
12795,40
12797,76
12802,84
12808,156
12809,100
12811,189
12812,72
12815,212
12816,87
12818,48
12820,342
12821,44
12822,282
12824,118
12826,606
12827,126
12828,269
12829,4
12831,41
12832,162
12833,70
12834,72
12836,281
12837,11
12838,223
12839,2233
12840,625
12841,938
12842,120
12843,335
12844,76
12847,183
12849,138
12851,24
12852,88
12853,372
12854,371
12855,30
12856,757
12857,245
12863,12
12864,12
12865,498
12866,108
12867,1262
12868,502
12871,66
12872,201
12876,300
12877,493
12878,318
12879,16
12881,6
12883,76
12884,30
12885,368
12886,394
12888,12
12890,108
12893,47
12895,144
12901,125
12902,38
12904,119
12906,176
12909,396
12910,282
12912,36
12913,92
12915,46
12916,342
12919,282
12920,10
12921,3715
12922,192
12923,38
12924,48
12925,304
12928,518
12929,24
12930,80
12931,6
12933,143
12935,737
12936,201
12937,386
12938,44
12940,215
12942,93
12944,198
12945,100
12947,454
12948,634
12949,1216
12951,351
12952,386
12953,64
12955,852
12956,21
12957,1226
12962,96
12963,514
12965,124
12966,66
12967,12
12968,24
12970,69
12971,1200
12974,8
12976,42
12981,190
12982,204
12984,22
12985,346
12987,126
12988,51
12989,82
12990,70
12991,108
12993,200
12994,226
12997,308
12999,150
13000,146
13001,1633
13002,54
13003,28
13004,2289
13005,64
13008,103
13011,10
13012,530
13013,1104
13014,477
13015,802
13016,220
13018,2689
13021,577
13023,124
13026,48
13028,270
13029,74
13030,179
13032,259
13033,76
13034,292
13035,136
13037,174
13038,156
13040,240
13043,42
13044,58
13045,120
13046,153
13047,544
13048,876
13049,40
13050,1820
13052,30
13055,423
13059,26
13060,88
13061,44
13062,30
13064,274
13065,48
13066,90
13067,22
13069,1206
13070,70
13072,30
13075,84
13077,154
13078,1216
13079,12
13080,12
13081,3909
13082,354
13083,72
13085,96
13089,7805
13090,638
13091,78
13092,48
13093,400
13095,24
13097,1028
13098,1215
13101,18
13102,1670
13103,48
13104,108
13107,174
13108,22
13109,212
13110,216
13113,693
13115,688
13116,72
13117,368
13118,223
13120,12
13121,164
13122,382
13124,754
13126,538
13127,92
13130,12
13131,268
13132,18
13133,18
13134,414
13136,754
13137,1334
13138,368
13139,622
13140,114
13141,900
13142,71
13144,16
13145,24
13146,61
13148,821
13149,402
13151,227
13153,40
13155,331
13157,434
13158,478
13159,444
13160,12
13161,20
13162,208
13165,84
13166,164
13167,157
13168,280
13169,24
13170,34
13171,97
13173,64
13174,715
13176,85
13177,76
13178,1501
13182,36
13183,409
13184,368
13186,442
13187,65
13189,24
13192,292
13193,28
13194,6
13196,522
13198,1238
13199,126
13200,166
13203,204
13207,36
13208,425
13209,1972
13210,174
13211,107
13212,106
13213,430
13216,5
13218,36
13220,21
13221,108
13223,40
13224,526
13226,49
13227,45
13229,53
13230,609
13232,265
13233,92
13235,292
13236,62
13238,238
13239,117
13240,177
13242,130
13243,163
13244,18
13245,18
13246,352
13247,114
13248,148
13249,28
13253,96
13255,54
13258,104
13259,50
13260,16
13262,42
13263,2084
13265,368
13266,750
13267,1006
13268,1171
13269,1306
13271,35
13272,20
13273,62
13276,73
13278,193
13279,34
13280,344
13282,180
13283,46
13284,44
13285,1228
13291,77
13292,190
13294,236
13295,78
13296,24
13297,260
13299,18
13300,132
13301,199
13304,100
13305,338
13307,4
13308,272
13309,512
13310,398
13311,24
13313,517
13314,134
13316,12
13317,574
13318,66
13319,2454
13320,789
13321,24
13322,51
13324,18
13325,26
13327,489
13328,24
13329,36
13330,368
13332,128
13334,1124
13336,258
13338,78
13339,189
13340,125
13341,216
13343,80
13344,616
13345,130
13348,106
13349,84
13350,117
13351,72
13352,162
13354,329
13355,238
13356,166
13357,158
13358,83
13359,96
13362,804
13363,304
13364,70
13365,710
13368,150
13369,64
13370,222
13372,94
13373,772
13375,184
13376,306
13379,198
13381,780
13382,124
13384,542
13385,106
13388,184
13389,174
13390,68
13394,832
13395,72
13396,222
13397,135
13398,102
13402,203
13403,8
13404,66
13405,108
13408,1180
13410,108
13411,52
13414,80
13417,62
13418,1042
13419,68
13420,44
13421,498
13422,800
13425,316
13426,502
13427,132
13428,42
13429,274
13430,217
13431,148
13434,48
13435,141
13436,40
13437,639
13439,132
13441,72
13447,286
13448,809
13449,80
13450,300
13451,1072
13453,92
13455,226
13456,186
13458,1925
13460,34
13461,42
13462,52
13464,212
13466,96
13467,271
13468,1250
13470,100
13471,678
13473,40
13474,65
13475,596
13476,242
13477,356
13479,24
13481,670
13482,70
13483,64
13485,162
13486,406
13487,157
13488,2130
13489,80
13491,348
13492,160
13494,56
13495,214
13496,254
13497,120
13499,126
13500,302
13501,213
13502,84
13503,48
13504,52
13505,1082
13506,132
13507,692
13508,13
13509,50
13510,606
13512,38
13513,54
13514,24
13515,398
13516,200
13517,664
13518,278
13519,6
13520,302
13521,212
13522,30
13523,602
13524,158
13525,24
13527,504
13529,24
13531,94
13532,23
13533,101
13534,1914
13536,500
13539,152
13544,21
13546,218
13548,156
13549,318
13552,358
13555,350
13557,158
13558,178
13560,44
13562,442
13563,42
13564,196
13565,108
13566,303
13568,32
13569,61
13570,51
13571,891
13572,111
13573,65
13575,365
13576,282
13577,564
13579,58
13581,20
13583,252
13584,12
13587,36
13588,720
13589,58
13590,527
13591,276
13592,44
13593,414
13594,74
13596,166
13598,19
13599,905
13600,31
13601,231
13602,162
13603,20
13606,62
13607,149
13610,304
13611,274
13614,267
13615,96
13617,146
13618,34
13621,116
13623,56
13626,128
13627,388
13629,42
13630,242
13632,538
13634,279
13635,392
13636,290
13637,328
13638,42
13639,202
13642,35
13643,222
13644,656
13645,12
13647,388
13649,69
13650,598
13651,28
13652,342
13654,864
13655,188
13656,174
13657,90
13658,710
13659,456
13662,212
13663,51
13666,7
13667,35
13668,1456
13669,12
13670,64
13672,12
13673,52
13675,142
13680,627
13681,235
13684,14
13686,70
13689,12
13690,18
13692,48
13694,100
13695,473
13697,72
13699,24
13700,503
13704,460
13705,166
13706,112
13707,209
13708,77
13709,1586
13710,48
13711,18
13712,60
13715,466
13716,72
13717,328
13718,32
13719,332
13720,238
13721,134
13722,386
13725,442
13726,180
13727,114
13728,144
13730,154
13731,197
13732,132
13735,426
13736,167
13737,50
13740,74
13741,131
13742,409
13743,96
13744,127
13745,46
13748,120
13750,50
13751,14
13752,199
13753,274
13754,66
13755,354
13756,474
13758,568
13759,128
13760,98
13761,359
13762,8
13764,473
13767,1267
13769,731
13771,643
13772,295
13774,120
13777,286
13778,28
13780,74
13781,20
13782,235
13784,18
13786,24
13787,90
13790,44
13792,80
13798,24
13799,348
13800,214
13801,94
13802,90
13803,104
13804,658
13806,24
13807,28
13808,408
13809,19
13810,200
13812,200
13813,212
13814,226
13815,950
13816,134
13817,144
13819,74
13821,74
13822,204
13823,142
13824,206
13826,20
13827,36
13828,84
13831,106
13832,28
13833,32
13835,310
13837,56
13838,94
13842,893
13844,164
13845,42
13846,266
13849,626
13850,664
13851,340
13853,114
13854,136
13856,94
13858,62
13859,54
13860,378
13862,1019
13863,110
13865,160
13866,30
13867,250
13868,142
13869,868
13870,442
13871,1542
13873,48
13874,63
13875,696
13876,24
13877,12
13878,89
13880,1043
13881,282
13882,126
13883,648
13884,220
13885,107
13886,82
13887,56
13888,168
13889,30
13890,488
13892,83
13893,18
13894,128
13895,627
13897,98
13898,56
13899,138
13900,196
13901,658
13904,150
13908,682
13911,732
13914,186
13917,102
13918,198
13919,72
13922,6
13923,100
13924,472
13925,132
13926,50
13927,90
13928,86
13929,18
13930,78
13931,369
13932,58
13933,138
13934,174
13936,154
13937,60
13938,38
13939,180
13940,242
13941,108
13946,3
13947,42
13948,12
13949,668
13950,166
13951,202
13952,619
13953,36
13954,96
13955,102
13956,207
13959,164
13960,84
13962,32
13963,109
13969,2294
13971,896
13972,34
13973,52
13974,178
13975,814
13976,22
13978,24
13979,360
13980,10
13982,516
13983,365
13984,61
13985,2343
13986,46
13988,994
13989,142
13990,84
13991,235
13992,32
13993,437
13994,472
13995,565
13999,1363
14000,40
14001,142
14002,50
14004,940
14005,236
14006,178
14009,213
14012,20
14013,266
14014,42
14015,82
14016,678
14019,412
14020,212
14021,94
14022,166
14023,140
14024,88
14027,60
14029,32
14030,511
14031,569
14032,738
14034,119
14035,221
14036,163
14037,25
14038,756
14039,40
14040,376
14041,20
14044,88
14046,2
14047,92
14048,165
14049,1511
14050,326
14051,600
14052,15
14053,10
14054,50
14055,35
14056,1770
14057,1076
14059,60
14060,528
14062,124
14064,237
14066,36
14067,38
14068,42
14071,255
14073,74
14075,174
14076,28
14077,109
14078,55
14079,24
14080,48
14081,224
14082,48
14083,187
14085,1198
14087,55
14088,457
14089,16
14092,1320
14093,142
14096,6016
14098,17
14099,800
14100,38
14102,231
14104,19
14105,308
14107,510
14108,128
14109,50
14110,1062
14111,16
14112,1104
14113,160
14114,86
14116,364
14121,850
14125,808
14126,60
14127,208
14128,246
14129,308
14130,152
14132,1150
14133,178
14135,404
14138,212
14139,138
14140,424
14141,204
14142,133
14143,24
14146,1192
14147,12
14149,147
14150,66
14152,264
14154,228
14155,10
14156,3734
14157,119
14158,100
14159,1777
14161,306
14162,47
14163,96
14164,144
14165,29
14167,19
14171,72
14173,67
14174,65
14175,770
14176,198
14177,38
14178,372
14179,147
14180,246
14184,86
14188,182
14189,1258
14191,1374
14193,268
14194,2952
14196,20
14198,116
14199,12
14201,182
14204,21
14205,118
14206,154
14208,34
14209,232
14210,432
14211,706
14214,363
14215,682
14216,204
14217,225
14218,88
14219,16
14220,64
14221,846
14222,226
14223,218
14224,171
14226,228
14227,1077
14229,216
14231,358
14232,615
14233,116
14234,228
14235,294
14236,28
14237,24
14238,34
14239,594
14240,208
14241,54
14242,109
14243,566
14245,539
14246,398
14247,36
14248,52
14250,578
14251,332
14256,214
14257,563
14258,10
14259,22
14261,242
14262,906
14264,32
14265,30
14267,198
14270,108
14271,36
14272,66
14273,211
14276,434
14277,752
14280,30
14282,890
14284,88
14285,74
14286,1192
14287,22
14288,130
14289,126
14290,442
14291,1032
14292,474
14293,329
14295,36
14297,360
14298,3720
14299,768
14300,32
14301,24
14304,66
14305,652
14306,40
14307,989
14309,676
14311,94
14312,496
14314,12
14315,606
14317,170
14320,228
14321,304
14323,200
14326,44
14327,62
14329,1597
14331,156
14332,68
14333,6
14334,794
14335,104
14336,424
14338,164
14339,104
14340,54
14341,765
14342,70
14344,139
14345,4
14346,196
14348,108
14349,26
14350,128
14352,240
14353,58
14354,54
14355,64
14356,172
14357,64
14359,308
14360,604
14362,46
14364,184
14367,2406
14368,18
14371,4
14373,12
14375,52
14377,12
14379,74
14381,96
14382,115
14383,228
14385,100
14386,48
14387,429
14388,1178
14389,258
14390,868
14395,941
14396,185
14397,298
14400,158
14401,332
14404,363
14406,32
14407,262
14408,300
14409,272
14410,320
14411,12
14412,142
14413,40
14414,160
14415,1999
14416,66
14418,471
14419,290
14420,166
14421,54
14422,1045
14426,925
14427,78
14428,191
14431,102
14432,744
14436,20
14437,60
14438,82
14439,12
14440,260
14441,182
14442,105
14443,585
14446,321
14447,414
14448,46
14449,287
14450,94
14451,262
14452,44
14453,18
14456,645
14459,104
14461,321
14462,555
14465,53
14466,238
14467,219
14470,69
14472,580
14473,36
14474,64
14475,254
14476,50
14479,81
14480,84
14481,132
14482,293
14483,48
14484,58
14485,29
14487,477
14488,242
14489,259
14491,78
14493,704
14494,56
14495,62
14496,78
14497,110
14498,441
14499,307
14500,10
14501,30
14502,528
14503,1022
14504,115
14505,1516
14506,353
14507,306
14508,32
14511,428
14512,84
14514,168
14515,386
14517,46
14518,15
14520,12
14522,10
14523,40
14524,294
14525,525
14527,874
14528,57
14529,98
14530,528
14532,58
14533,178
14534,933
14535,928
14536,18
14537,96
14538,120
14539,153
14540,182
14541,218
14543,135
14544,357
14546,766
14547,1069
14549,48
14550,132
14551,12
14552,43
14553,150
14554,608
14555,61
14557,12
14560,176
14561,422
14562,989
14565,835
14567,276
14569,9
14570,32
14572,724
14573,172
14576,12
14577,292
14578,23
14581,46
14582,12
14583,209
14584,293
14585,59
14586,24
14587,414
14591,322
14592,130
14593,151
14594,130
14595,496
14597,40
14598,106
14600,71
14601,48
14606,1773
14607,12
14618,36
14619,98
14620,82
14621,555
14622,83
14623,152
14624,82
14625,188
14626,620
14628,55
14629,120
14631,176
14632,42
14633,62
14636,174
14638,62
14639,762
14640,498
14641,42
14643,36
14644,112
14645,142
14646,713
14647,41
14649,154
14651,169
14652,8
14653,476
14655,120
14656,43
14657,326
14658,19
14659,835
14660,73
14661,4
14662,138
14664,274
14665,513
14666,53
14667,1503
14669,436
14670,156
14672,194
14673,420
14675,158
14676,24
14680,351
14681,16
14684,327
14687,76
14688,1054
14689,45
14690,101
14691,274
14692,208
14693,23
14696,587
14697,36
14698,367
14699,30
14700,600
14701,573
14702,707
14703,144
14704,357
14708,108
14709,947
14710,174
14711,481
14712,43
14713,799
14714,33
14715,166
14716,62
14719,449
14720,94
14722,31
14723,262
14725,100
14727,46
14729,88
14730,383
14731,131
14732,598
14733,304
14735,936
14737,42
14738,324
14739,116
14740,628
14741,294
14744,70
14745,433
14747,58
14748,552
14752,8
14753,170
14754,206
14755,962
14756,148
14757,70
14758,186
14759,338
14760,36
14761,82
14762,70
14764,12
14765,16
14766,689
14768,16
14769,2523
14770,212
14772,60
14775,346
14776,362
14778,198
14779,56
14780,154
14782,42
14784,104
14788,112
14789,12
14790,286
14793,58
14794,343
14796,2256
14798,76
14799,8
14800,1063
14801,15
14803,50
14804,68
14805,9
14806,22
14808,459
14810,911
14813,37
14815,260
14817,450
14818,105
14819,56
14820,156
14821,20
14823,15
14824,102
14825,638
14829,197
14830,64
14834,326
14836,42
14837,681
14840,28
14841,512
14842,772
14844,594
14847,92
14849,1436
14850,49
14851,176
14852,718
14853,46
14854,574
14855,56
14856,376
14857,286
14859,338
14860,32
14862,252
14863,120
14865,12
14867,184
14868,1086
14869,180
14870,86
14871,85
14873,130
14875,248
14878,335
14880,220
14881,68
14882,24
14883,311
14886,112
14888,178
14889,60
14890,40
14891,233
14893,423
14894,124
14895,2282
14896,130
14897,276
14898,283
14901,316
14902,86
14903,1024
14904,118
14905,76
14907,880
14908,36
14910,188
14911,23901
14912,100
14913,324
14915,84
14916,460
14918,96
14920,294
14921,486
14923,174
14924,37
14929,76
14930,612
14931,232
14932,28
14934,478
14936,1621
14937,276
14944,652
14947,76
14948,280
14950,60
14951,72
14952,434
14953,62
14954,26
14957,24
14958,60
14959,287
14960,49
14961,1887
14963,253
14964,33
14965,112
14966,42
14967,24
14968,36
14970,22
14971,279
14972,8
14973,182
14974,26
14975,6
14976,139
14978,239
14981,49
14984,23
14985,78
14988,107
14995,59
14997,10
14998,100
15000,120
15002,447
15004,234
15005,2573
15006,121
15007,55
15009,413
15010,132
15012,54
15014,53
15016,24
15017,41
15018,130
15019,58
15021,335
15022,161
15023,1571
15024,490
15025,108
15026,172
15027,136
15028,97
15031,131
15032,143
15033,820
15034,975
15035,91
15036,91
15038,69
15039,4354
15041,25
15042,20
15044,1221
15045,12
15046,430
15047,166
15048,48
15049,2
15050,164
15051,312
15052,53
15053,158
15054,58
15057,12
15058,492
15059,338
15060,46
15061,108
15062,331
15063,12
15065,717
15066,144
15067,464
15068,205
15069,186
15071,86
15073,385
15074,256
15075,108
15076,210
15078,3154
15079,166
15081,148
15083,9
15087,78
15088,150
15089,573
15090,112
15091,226
15092,98
15093,308
15095,212
15096,60
15097,115
15099,94
15101,30
15103,190
15104,171
15105,570
15106,452
15107,34
15108,240
15109,72
15110,162
15111,402
15113,180
15114,902
15115,86
15116,128
15117,490
15119,42
15120,80
15121,128
15122,360
15123,510
15124,24
15125,66
15127,126
15128,526
15129,342
15130,152
15132,334
15133,130
15134,450
15135,40
15136,520
15139,66
15140,363
15142,118
15143,96
15144,892
15145,302
15146,414
15147,156
15148,128
15149,32
15150,1528
15152,1175
15153,70
15154,16
15156,292
15157,401
15159,2480
15160,24
15163,66
15164,241
15165,109
15167,40
15168,22
15172,487
15174,56
15175,90
15178,30
15179,387
15180,25
15181,12
15182,202
15184,70
15186,88
15187,400
15189,360
15192,110
15193,36
15194,1326
15197,154
15198,68
15201,204
15203,919
15204,34
15205,176
15206,18
15208,114
15210,83
15211,166
15212,32
15213,173
15214,539
15215,140
15218,417
15219,12
15220,513
15223,81
15224,62
15225,136
15226,42
15227,194
15228,560
15230,102
15232,70
15234,96
15235,686
15236,42
15237,507
15238,174
15239,338
15240,354
15241,468
15243,140
15244,168
15245,570
15246,196
15249,1873
15252,284
15253,302
15254,93
15255,240
15256,55
15257,12
15258,58
15260,303
15261,88
15262,62
15263,45
15264,99
15265,334
15266,4
15270,163
15271,798
15272,76
15274,265
15275,138
15276,10
15277,56
15279,62
15280,33
15281,572
15287,74
15288,366
15289,336
15290,678
15291,186
15292,20
15296,996
15297,215
15298,946
15300,158
15301,1045
15303,232
15304,46
15306,288
15307,12
15308,112
15311,3789
15312,282
15314,132
15315,138
15318,24
15319,18
15320,44
15321,498
15322,222
15325,19
15326,56
15327,60
15329,230
15332,106
15333,61
15334,172
15335,53
15339,204
15342,160
15343,50
15344,28
15345,48
15346,90
15347,34
15348,60
15349,103
15350,48
15351,448
15353,161
15355,4
15356,1153
15358,2904
15360,32
15361,12
15363,109
15364,144
15365,557
15366,128
15367,510
15370,468
15373,208
15374,12
15376,445
15379,1107
15380,48
15381,42
15382,1582
15384,184
15385,86
15386,152
15388,64
15392,320
15393,98
15394,584
15396,46
15397,4
15398,410
15399,322
15400,24
15402,54
15406,151
15407,146
15408,48
15410,382
15411,345
15412,14
15414,198
15415,232
15416,918
15417,260
15419,18
15421,318
15422,34
15424,70
15426,269
15427,457
15428,30
15429,81
15432,62
15433,318
15434,156
15435,28
15436,241
15437,43
15438,39
15440,105
15443,880
15444,476
15445,6
15447,62
15448,166
15449,403
15450,144
15452,225
15453,300
15454,72
15456,131
15457,97
15458,36
15460,41
15462,100
15463,42
15464,201
15465,56
15466,131
15467,203
15468,110
15469,78
15471,127
15472,154
15475,232
15478,129
15480,132
15482,60
15483,53
15484,583
15485,143
15489,282
15491,644
15492,160
15493,257
15494,250
15498,2059
15500,244
15502,770
15503,6
15504,13
15505,214
15506,227
15507,32
15508,217
15511,122
15512,68
15513,899
15514,486
15516,16
15517,62
15518,595
15520,180
15521,687
15522,98
15523,16
15525,203
15526,2
15527,363
15528,33
15529,1130
15530,341
15531,470
15532,215
15533,139
15535,46
15537,3
15539,236
15540,70
15541,8
15543,49
15544,1480
15545,26
15547,1029
15549,419
15550,193
15551,80
15552,38
15553,62
15554,60
15555,1392
15556,113
15557,48
15561,88
15563,291
15565,54
15567,30
15568,115
15569,10
15570,1174
15571,86
15572,456
15573,47
15574,99
15576,164
15577,46
15578,4
15579,49
15581,110
15582,248
15584,176
15585,128
15587,24
15589,176
15592,104
15593,36
15594,436
15596,278
15597,168
15598,82
15599,226
15601,1712
15602,88
15604,108
15605,242
15606,374
15607,56
15608,290
15609,58
15610,46
15611,100
15615,2304
15618,270
15620,523
15621,10
15622,995
15623,56
15624,160
15625,369
15626,256
15628,1095
15630,262
15632,816
15634,76
15636,172
15637,42
15639,16
15640,2285
15641,738
15643,112
15644,242
15645,82
15646,102
15648,92
15651,84
15652,40
15653,48
15654,54
15655,264
15656,216
15658,162
15659,24
15660,554
15663,66
15664,76
15665,533
15667,72
15669,116
15670,80
15671,430
15673,756
15674,639
15675,84
15676,1065
15677,190
15678,70
15679,235
15680,398
15681,176
15683,80
15687,773
15689,62
15690,48
15692,84
15694,226
15695,142
15696,681
15699,54
15700,259
15701,393
15703,48
15704,380
15705,6
15706,220
15707,262
15708,632
15709,10
15712,290
15713,64
15714,80
15716,292
15717,66
15719,1773
15720,135
15721,124
15722,262
15723,28
15724,52
15725,125
15727,1177
15729,20
15730,382
15732,70
15733,54
15734,74
15737,344
15738,638
15739,8
15740,18
15743,118
15745,188
15746,82
15747,290
15748,35
15750,688
15752,1226
15754,192
15755,698
15756,53
15757,212
15758,10
15759,24
15762,162
15763,166
15764,946
15766,46
15768,124
15769,12
15773,36
15774,39
15775,66
15776,48
15777,79
15780,120
15781,144
15782,78
15783,54
15785,345
15786,1228
15787,283
15789,122
15790,27
15791,457
15795,154
15796,642
15799,163
15800,158
15801,348
15804,1170
15805,1638
15806,100
15807,376
15808,657
15809,134
15810,588
15811,615
15812,58
15813,90
15814,220
15815,120
15819,776
15820,47
15821,131
15822,138
15825,48
15826,220
15827,460
15829,154
15830,144
15831,78
15832,422
15834,480
15835,346
15836,14
15837,102
15839,362
15840,78
15841,250
15843,18
15844,108
15845,754
15847,137
15850,31
15852,14
15853,21
15854,102
15855,321
15856,1751
15857,24
15858,242
15860,148
15861,1411
15862,184
15863,2
15864,36
15865,124
15866,10
15867,623
15869,37
15870,106
15872,63
15874,220
15877,87
15880,56
15881,31
15882,74
15883,109
15885,90
15886,20
15888,25
15889,92
15891,89
15894,24
15897,23
15898,187
15899,6
15900,127
15901,52
15903,12
15904,37
15906,339
15907,122
15909,38
15910,430
15912,57
15916,262
15917,33
15918,103
15919,97
15920,28
15921,39
15922,56
15923,32
15925,86
15930,104
15932,359
15933,362
15935,36
15937,54
15938,86
15939,132
15942,54
15944,18
15947,24
15948,376
15949,100
15950,359
15951,236
15952,182
15953,285
15955,1026
15957,101
15958,15
15963,162
15965,202
15967,85
15969,74
15970,68
15971,51
15973,12
15974,859
15975,170
15976,142
15977,89
15978,184
15980,24
15981,248
15983,340
15984,526
15985,82
15986,84
15987,142
15988,34
15990,217
15992,16
15993,760
15994,81
15996,262
15998,1088
16003,556
16005,77
16006,26
16007,463
16008,171
16009,223
16010,108
16011,1239
16012,234
16013,130
16014,150
16015,178
16016,350
16017,96
16018,76
16019,668
16020,298
16022,167
16023,166
16024,55
16025,188
16026,110
16027,22
16029,36
16030,106
16031,111
16033,1870
16034,110
16036,142
16037,292
16038,116
16040,266
16042,360
16043,142
16045,454
16048,36
16049,213
16050,12
16052,49
16053,486
16054,124
16055,6
16056,144
16057,627
16059,494
16062,128
16063,88
16065,128
16066,195
16070,166
16071,146
16072,36
16076,584
16079,30
16080,78
16081,714
16083,90
16084,153
16085,368
16086,127
16091,102
16092,342
16094,288
16096,30
16097,56
16098,277
16099,306
16101,424
16102,238
16103,130
16104,104
16105,62
16106,58
16107,72
16108,342
16109,36
16110,360
16112,38
16113,11
16114,36
16115,596
16116,148
16117,77
16119,102
16120,64
16121,243
16122,116
16123,96
16124,26
16125,88
16126,206
16127,169
16128,554
16131,84
16133,1135
16134,291
16135,136
16136,134
16139,148
16140,194
16141,126
16142,147
16143,689
16145,1064
16146,168
16147,88
16149,140
16150,654
16153,368
16156,713
16157,40
16159,60
16161,1858
16163,12
16164,225
16168,428
16169,470
16170,784
16171,12
16172,444
16173,400
16174,106
16175,330
16177,60
16178,46
16179,44
16180,349
16181,54
16182,36
16183,80
16184,96
16185,203
16186,1204
16187,1136
16188,359
16189,84
16190,18
16191,630
16193,134
16198,100
16200,277
16201,834
16202,72
16203,222
16204,122
16205,164
16206,139
16207,50
16208,151
16209,222
16210,374
16211,82
16212,175
16213,42
16214,279
16215,98
16216,76
16217,56
16218,424
16221,237
16222,214
16224,417
16225,387
16226,24
16227,30
16229,213
16230,288
16232,162
16233,160
16235,228
16236,136
16239,136
16240,662
16241,595
16242,985
16243,52
16244,557
16245,532
16247,16
16248,66
16249,206
16250,124
16253,200
16255,617
16256,6
16258,660
16260,60
16261,127
16265,1356
16266,181
16268,78
16270,266
16271,481
16272,160
16274,59
16275,102
16276,12
16278,54
16279,494
16281,22
16282,44
16283,477
16284,329
16287,36
16292,82
16293,565
16295,304
16297,92
16298,172
16302,42
16303,818
16305,206
16306,300
16309,186
16311,212
16313,86
16315,55
16316,573
16317,338
16318,98
16320,278
16321,36
16322,155
16324,111
16325,88
16326,229
16327,1294
16330,23
16332,411
16337,46
16338,57
16339,6
16340,139
16341,357
16342,66
16343,103
16345,88
16347,158
16348,357
16350,348
16351,60
16352,168
16353,398
16354,97
16356,81
16357,156
16358,622
16359,78
16360,915
16361,281
16362,129
16363,36
16364,141
16365,35
16366,58
16367,247
16368,80
16369,328
16370,393
16372,84
16374,106
16376,223
16378,172
16379,752
16380,4
16383,248
16384,202
16385,125
16386,88
16387,16
16389,129
16392,67
16393,1165
16394,282
16395,446
16398,396
16399,111
16400,89
16401,959
16402,65
16403,98
16404,58
16406,36
16407,677
16409,671
16411,83
16412,40
16413,99
16414,12
16415,49
16416,153
16418,164
16419,145
16422,480
16423,120
16425,48
16426,514
16427,36
16431,208
16432,48
16433,61
16434,475
16438,292
16440,1084
16441,144
16442,93
16444,167
16445,43
16447,18
16448,58
16449,214
16450,40
16451,71
16454,2
16455,814
16456,213
16457,38
16458,1493
16460,266
16461,11
16463,454
16464,356
16466,460
16469,67
16470,201
16471,82
16473,124
16474,510
16475,188
16477,1019
16478,62
16479,63
16480,83
16482,42
16483,35
16484,164
16485,38
16488,106
16491,200
16493,232
16494,239
16495,144
16496,498
16497,562
16498,30
16499,108
16500,74
16503,416
16504,153
16506,24
16509,24
16510,52
16511,231
16513,140
16515,385
16516,54
16517,59
16518,157
16519,20
16520,320
16523,721
16525,240
16526,60
16527,58
16528,70
16529,88
16531,440
16533,276
16535,120
16536,132
16539,120
16542,26
16545,12
16546,48
16549,1105
16550,753
16551,30
16552,62
16553,142
16554,271
16555,90
16556,832
16557,12
16558,1941
16560,224
16561,204
16563,80
16566,66
16567,148
16569,12
16570,438
16571,480
16572,324
16573,180
16574,198
16581,48
16582,18
16583,104
16584,136
16586,16
16587,56
16589,242
16591,6
16592,1304
16593,18
16594,14
16595,98
16596,32
16597,6
16598,63
16600,230
16601,61
16602,232
16603,226
16607,704
16609,1200
16610,54
16611,23
16612,434
16613,190
16614,90
16616,104
16617,8
16618,480
16619,90
16620,56
16621,172
16623,27
16624,71
16625,141
16626,763
16627,58
16628,852
16629,54
16633,624
16634,36
16637,434
16638,230
16639,320
16641,50
16642,126
16643,94
16644,339
16647,34
16648,120
16650,144
16652,340
16653,361
16654,116
16655,782
16656,64
16657,230
16658,6
16660,24
16665,18
16666,33
16667,161
16668,90
16669,339
16670,1292
16672,378
16674,91
16676,320
16678,818
16679,4
16680,90
16681,78
16682,48
16684,12
16685,31
16686,621
16688,204
16689,48
16690,40
16693,78
16696,30
16697,11
16700,1592
16701,191
16705,554
16706,115
16708,194
16709,244
16710,678
16711,48
16712,831
16713,1203
16714,303
16717,944
16718,148
16719,218
16720,5
16721,99
16722,884
16723,64
16725,65
16726,414
16727,142
16728,170
16729,1849
16730,158
16732,122
16734,84
16735,316
16738,3
16739,76
16743,716
16744,289
16745,1312
16746,2094
16747,188
16748,514
16750,98
16751,52
16752,48
16753,23
16755,337
16756,68
16757,33
16758,40
16759,170
16761,40
16762,333
16763,60
16764,631
16766,168
16767,1168
16768,64
16769,38
16770,244
16771,585
16773,38
16774,148
16775,218
16776,123
16777,19
16778,78
16779,1781
16780,158
16781,70
16782,462
16784,16
16788,129
16789,24
16790,600
16791,409
16792,24
16793,90
16794,453
16795,159
16796,148
16800,222
16801,131
16803,116
16804,87
16805,142
16806,215
16807,410
16808,39
16809,430
16810,64
16811,160
16812,34
16813,567
16814,1081
16816,180
16817,372
16818,1124
16820,162
16823,91
16824,144
16825,154
16826,116
16828,58
16829,48
16830,102
16833,277
16834,154
16835,52
16836,72
16837,688
16838,114
16839,894
16841,478
16842,316
16843,1114
16846,60
16847,62
16848,116
16849,24
16850,104
16851,114
16852,5
16855,110
16856,12
16858,20
16859,168
16861,44
16863,163
16866,36
16869,263
16871,535
16873,1409
16875,568
16877,157
16878,10
16880,254
16882,198
16883,67
16884,166
16885,53
16887,23
16889,473
16891,82
16892,112
16893,25
16895,38
16897,41
16898,74
16899,289
16900,196
16902,54
16903,104
16904,665
16905,367
16906,53
16907,85
16909,40
16910,229
16912,352
16914,19
16915,39
16916,152
16918,405
16919,548
16921,27
16923,1804
16924,187
16926,6
16927,15
16928,882
16929,416
16930,92
16931,1761
16932,46
16933,130
16934,215
16936,82
16938,560
16940,1036
16942,566
16943,54
16945,1688
16947,56
16948,56
16949,207
16950,110
16951,586
16952,11
16953,10
16954,102
16955,50
16956,80
16957,96
16959,37
16960,190
16961,88
16963,32
16965,20
16967,186
16968,116
16969,158
16971,21
16978,113
16979,317
16980,206
16982,140
16983,394
16984,664
16985,330
16986,10
16987,195
16988,37
16992,364
16996,140
16997,40
16998,2
16999,134
17001,818
17002,262
17004,102
17006,131
17007,233
17010,50
17011,134
17014,88
17015,479
17017,1082
17018,24
17019,346
17022,28
17025,12
17026,24
17027,269
17030,18
17031,205
17033,104
17034,114
17035,152
17037,462
17038,8
17040,66
17041,288
17042,324
17043,404
17045,34
17046,72
17047,410
17048,246
17049,1495
17050,852
17051,96
17052,126
17053,68
17054,214
17058,212
17059,790
17060,24
17061,206
17062,175
17063,496
17064,214
17068,1710
17069,907
17070,83
17071,640
17073,321
17075,199
17076,100
17078,5
17080,12
17081,16
17082,311
17083,218
17084,616
17085,509
17086,414
17088,546
17090,169
17091,1211
17092,472
17094,122
17095,192
17096,189
17097,299
17100,388
17101,186
17105,249
17107,940
17109,181
17110,41
17111,74
17114,57
17115,168
17117,36
17118,58
17119,184
17120,90
17122,56
17123,36
17124,39
17125,60
17126,312
17128,42
17131,529
17133,18
17134,52
17135,158
17138,86
17139,2463
17140,33
17142,54
17144,128
17146,132
17147,324
17148,82
17152,12
17153,96
17154,100
17155,6
17157,54
17158,270
17159,493
17160,1574
17162,360
17164,978
17165,72
17166,58
17169,260
17171,66
17172,12
17173,568
17174,25
17175,334
17176,80
17179,190
17180,225
17181,6
17183,174
17187,29
17188,371
17189,66
17190,38
17191,615
17193,70
17194,7
17197,74
17198,108
17201,26
17203,152
17204,162
17205,8
17206,76
17211,632
17213,648
17214,158
17217,6
17218,523
17219,50
17220,995
17221,55
17222,68
17223,59
17226,49
17227,108
17228,683
17229,120
17230,184
17231,730
17232,126
17233,69
17234,19
17235,67
17236,142
17237,60
17238,1151
17239,46
17242,158
17243,1000
17244,97
17245,66
17247,37
17248,63
17250,83
17251,74
17252,90
17253,21
17254,55
17255,73
17256,28
17259,130
17262,3
17263,16
17265,113
17266,62
17267,47
17268,12
17272,512
17274,26
17277,235
17278,42
17279,10
17282,111
17284,588
17286,40
17287,198
17288,156
17289,227
17290,87
17293,426
17295,154
17297,21
17298,69
17299,114
17301,41
17302,308
17303,63
17306,16
17309,32
17311,200
17312,30
17314,641
17315,1068
17320,209
17321,105
17323,547
17324,88
17325,60
17329,67
17333,144
17334,48
17337,399
17338,1711
17339,32
17340,1711
17341,119
17343,29
17344,29
17345,135
17346,690
17348,309
17349,14
17350,298
17351,3
17356,83
17357,34
17358,119
17359,12
17360,90
17361,78
17362,140
17364,919
17365,1349
17367,69
17368,166
17370,190
17371,21
17372,455
17373,269
17374,28
17375,72
17376,75
17377,654
17379,129
17381,24
17383,53
17384,48
17385,96
17386,48
17387,248
17388,34
17389,380
17392,55
17394,6
17396,10
17397,179
17398,94
17400,411
17402,125
17403,54
17404,146
17405,138
17406,401
17409,28
17410,344
17411,142
17412,370
17415,68
17416,1463
17418,123
17419,961
17420,226
17422,435
17423,120
17425,256
17426,1242
17428,954
17429,108
17430,102
17431,113
17432,95
17433,133
17434,614
17436,72
17438,69
17442,742
17444,576
17446,6
17447,192
17449,567
17450,258
17451,546
17453,43
17454,205
17455,64
17456,132
17457,17
17458,100
17459,266
17460,160
17461,182
17462,123
17463,584
17464,37
17466,168
17469,574
17470,246
17472,222
17475,58
17480,228
17481,356
17483,108
17486,157
17489,184
17490,369
17491,281
17492,72
17495,148
17496,38
17498,36
17499,118
17501,96
17502,154
17503,110
17504,518
17505,282
17506,28
17507,201
17508,130
17509,2566
17510,154
17511,441
17512,600
17514,79
17515,203
17516,211
17517,60
17519,222
17520,120
17521,340
17522,261
17523,93
17524,5
17525,6
17526,44
17527,194
17528,804
17530,833
17531,60
17534,62
17535,120
17537,201
17538,48
17540,125
17542,18
17545,110
17548,30
17550,37
17551,91
17552,250
17554,280
17555,171
17556,6
17557,105
17560,32
17561,41
17562,460
17564,108
17566,219
17567,958
17569,85
17571,243
17572,57
17573,142
17574,68
17576,1041
17578,10
17579,144
17580,42
17581,2335
17582,34
17584,109
17585,267
17588,12
17589,754
17590,398
17591,268
17593,597
17594,358
17595,94
17596,265
17597,184
17600,12
17601,42
17602,1269
17603,72
17604,83
17608,71
17609,365
17611,1159
17612,580
17613,1447
17614,109
17615,72
17618,263
17619,63
17621,90
17623,186
17624,257
17625,536
17629,457
17630,106
17631,126
17633,472
17634,369
17636,96
17637,118
17642,180
17643,42
17644,689
17646,140
17647,18
17648,244
17649,286
17651,1654
17652,1338
17653,110
17654,26
17655,306
17656,256
17658,12
17659,840
17660,61
17663,486
17664,154
17666,66
17667,532
17668,16
17669,276
17670,82
17671,218
17672,360
17673,593
17674,44
17675,3162
17676,544
17677,1016
17678,66
17679,66
17680,82
17682,842
17684,108
17685,670
17686,1604
17690,947
17691,120
17692,238
17693,78
17694,66
17695,166
17696,422
17697,64
17698,66
17700,730
17701,80
17702,437
17703,392
17704,90
17705,618
17706,1661
17707,24
17708,54
17709,6
17711,120
17712,103
17714,92
17716,1493
17718,6
17719,926
17720,196
17722,425
17723,22
17724,196
17725,1368
17727,320
17728,1033
17730,1038
17731,244
17732,70
17733,196
17734,190
17735,4368
17736,48
17737,66
17738,450
17739,110
17742,32
17744,340
17746,18
17749,112
17750,169
17754,165
17757,1418
17758,939
17759,183
17760,71
17761,36
17763,12
17764,187
17765,84
17767,100
17768,203
17769,811
17770,74
17771,38
17772,8
17774,303
17777,248
17779,175
17781,6
17783,28
17785,50
17786,72
17787,516
17789,71
17790,583
17791,36
17793,27
17795,117
17796,81
17797,231
17799,1023
17800,364
17802,300
17805,14
17806,64
17809,45
17811,1434
17812,179
17813,258
17816,18
17817,43
17819,48
17824,20
17827,603
17828,300
17829,192
17830,56
17831,12
17832,24
17835,88
17836,31
17837,375
17838,511
17839,136
17841,8530
17843,53
17844,20
17848,51
17849,8
17850,1400
17852,46
17854,47
17855,100
17856,14
17858,274
17859,10
17860,24
17861,459
17862,14
17863,654
17864,75
17865,1709
17866,12
17867,33
17869,54
17870,205
17871,10
17873,108
17874,83
17877,24
17878,68
17879,12
17880,160
17881,7
17883,141
17884,155
17885,27
17886,65
17887,22
17888,111
17889,30
17890,220
17891,12
17892,38
17893,7
17894,206
17895,37
17897,82
17898,42
17899,32
17900,48
17901,10
17904,14
17905,42
17906,21
17908,46
17911,100
17912,54
17913,91
17914,28
17917,111
17919,24
17920,990
17921,289
17924,54
17926,68
17928,31
17930,100
17931,78
17932,547
17934,30
17935,63
17936,53
17937,12
17939,28
17942,2
17946,54
17947,12
17950,108
17951,66
17954,790
17955,14
17957,2
17958,26
17960,16
17961,234
17962,12
17964,71
17965,662
17966,52
17967,15
17968,87
17969,14
17970,66
17972,2
17973,24
17974,229
17975,598
17976,26
17977,11
17978,64
17979,158
17980,57
17984,20
17985,34
17986,10
17987,47
17988,4
17990,124
17994,200
17995,8
17997,193
17999,57
18001,77
18004,42
18005,16
18006,60
18008,16
18009,41
18010,20
18011,29
18013,66
18014,29
18015,28
18016,341
18018,6
18022,163
18024,29
18027,8
18030,30
18032,42
18033,8
18034,123
18035,49
18036,146
18037,2
18040,140
18041,1018
18042,2
18043,107
18044,420
18045,40
18048,36
18050,40
18053,108
18055,1150
18056,134
18059,94
18061,70
18062,84
18064,24
18065,567
18066,54
18067,132
18069,499
18071,144
18072,72
18073,240
18074,36
18075,722
18077,991
18078,47
18079,8
18081,22
18082,178
18085,188
18086,34
18088,63
18092,84
18093,72
18094,374
18095,104
18096,180
18097,470
18099,52
18101,50
18102,124
18104,136
18105,34
18106,55
18108,52
18109,561
18110,43
18112,70
18114,27
18116,237
18117,86
18118,1310
18119,5
18120,16
18121,108
18122,558
18123,110
18125,351
18126,41
18127,79
18129,35
18130,376
18135,22
18136,208
18138,26
18139,204
18142,36
18143,386
18144,96
18145,1067
18146,30
18147,8
18149,52
18150,282
18151,229
18154,152
18155,140
18156,145
18158,354
18159,110
18160,204
18161,286
18164,66
18165,6
18167,250
18168,276
18169,41
18170,144
18171,84
18172,934
18173,96
18176,208
18177,452
18178,612
18179,500
18180,346
18181,73
18183,190
18185,72
18188,400
18189,372
18190,62
18192,234
18193,62
18196,174
18198,542
18200,55
18202,341
18203,15
18204,466
18205,100
18209,48
18210,648
18211,215
18212,66
18213,78
18215,86
18216,104
18217,82
18218,98
18219,520
18221,314
18222,80
18223,1787
18224,62
18225,1401
18226,1301
18227,16
18228,124
18229,528
18230,514
18231,459
18232,147
18235,436
18236,226
18237,403
18239,546
18241,551
18242,346
18245,782
18246,10
18248,160
18249,26
18250,96
18252,73
18255,18
18257,629
18259,124
18260,556
18261,134
18262,62
18263,104
18265,92
18269,18
18270,74
18272,1006
18274,58
18276,58
18277,36
18278,46
18280,34
18281,16
18282,25
18283,768
18287,260
